ISO-10303-21;
HEADER;
FILE_DESCRIPTION(('FreeCAD Model'),'2;1');
FILE_NAME('Open CASCADE Shape Model','2026-05-19T17:57:30',('Author'),(
    ''),'Open CASCADE STEP processor 7.8','FreeCAD','Unknown');
FILE_SCHEMA(('AUTOMOTIVE_DESIGN { 1 0 10303 214 1 1 1 1 }'));
ENDSEC;
DATA;
#1 = APPLICATION_PROTOCOL_DEFINITION('international standard',
  'automotive_design',2000,#2);
#2 = APPLICATION_CONTEXT(
  'core data for automotive mechanical design processes');
#3 = SHAPE_DEFINITION_REPRESENTATION(#4,#10);
#4 = PRODUCT_DEFINITION_SHAPE('','',#5);
#5 = PRODUCT_DEFINITION('design','',#6,#9);
#6 = PRODUCT_DEFINITION_FORMATION('','',#7);
#7 = PRODUCT('LinearPattern','LinearPattern','',(#8));
#8 = PRODUCT_CONTEXT('',#2,'mechanical');
#9 = PRODUCT_DEFINITION_CONTEXT('part definition',#2,'design');
#10 = ADVANCED_BREP_SHAPE_REPRESENTATION('',(#11,#15),#2580);
#11 = AXIS2_PLACEMENT_3D('',#12,#13,#14);
#12 = CARTESIAN_POINT('',(0.,0.,0.));
#13 = DIRECTION('',(0.,0.,1.));
#14 = DIRECTION('',(1.,0.,-0.));
#15 = MANIFOLD_SOLID_BREP('',#16);
#16 = CLOSED_SHELL('',(#17,#125,#156,#181,#269,#293,#349,#374,#398,#423,
    #479,#503,#559,#577,#658,#675,#692,#709,#735,#759,#792,#866,#883,
    #947,#1012,#1047,#1112,#1137,#1154,#1166,#1201,#1218,#1434,#1459,
    #1484,#1509,#1534,#1551,#1779,#1797,#1862,#1879,#1944,#1966,#1983,
    #2000,#2012,#2034,#2051,#2068,#2080,#2102,#2119,#2136,#2148,#2170,
    #2187,#2204,#2216,#2238,#2255,#2272,#2284,#2306,#2323,#2340,#2352,
    #2372,#2392,#2412,#2432,#2444,#2469,#2494,#2519,#2544,#2553,#2562,
    #2571));
#17 = ADVANCED_FACE('',(#18),#120,.F.);
#18 = FACE_BOUND('',#19,.F.);
#19 = EDGE_LOOP('',(#20,#30,#39,#47,#55,#63,#72,#80,#89,#97,#105,#113));
#20 = ORIENTED_EDGE('',*,*,#21,.F.);
#21 = EDGE_CURVE('',#22,#24,#26,.T.);
#22 = VERTEX_POINT('',#23);
#23 = CARTESIAN_POINT('',(-29.75,-31.5,0.));
#24 = VERTEX_POINT('',#25);
#25 = CARTESIAN_POINT('',(29.75,-31.5,0.));
#26 = LINE('',#27,#28);
#27 = CARTESIAN_POINT('',(-35.25,-31.5,0.));
#28 = VECTOR('',#29,1.);
#29 = DIRECTION('',(1.,0.,0.));
#30 = ORIENTED_EDGE('',*,*,#31,.T.);
#31 = EDGE_CURVE('',#22,#32,#34,.T.);
#32 = VERTEX_POINT('',#33);
#33 = CARTESIAN_POINT('',(-32.75,-28.5,0.));
#34 = CIRCLE('',#35,3.);
#35 = AXIS2_PLACEMENT_3D('',#36,#37,#38);
#36 = CARTESIAN_POINT('',(-29.75,-28.5,0.));
#37 = DIRECTION('',(0.,0.,-1.));
#38 = DIRECTION('',(0.,1.,0.));
#39 = ORIENTED_EDGE('',*,*,#40,.F.);
#40 = EDGE_CURVE('',#41,#32,#43,.T.);
#41 = VERTEX_POINT('',#42);
#42 = CARTESIAN_POINT('',(-32.75,-20.62,0.));
#43 = LINE('',#44,#45);
#44 = CARTESIAN_POINT('',(-32.75,34.,0.));
#45 = VECTOR('',#46,1.);
#46 = DIRECTION('',(0.,-1.,0.));
#47 = ORIENTED_EDGE('',*,*,#48,.F.);
#48 = EDGE_CURVE('',#49,#41,#51,.T.);
#49 = VERTEX_POINT('',#50);
#50 = CARTESIAN_POINT('',(-35.25,-20.62,0.));
#51 = LINE('',#52,#53);
#52 = CARTESIAN_POINT('',(-35.25,-20.62,0.));
#53 = VECTOR('',#54,1.);
#54 = DIRECTION('',(1.,0.,0.));
#55 = ORIENTED_EDGE('',*,*,#56,.T.);
#56 = EDGE_CURVE('',#49,#57,#59,.T.);
#57 = VERTEX_POINT('',#58);
#58 = CARTESIAN_POINT('',(-35.25,-32.,0.));
#59 = LINE('',#60,#61);
#60 = CARTESIAN_POINT('',(-35.25,34.,0.));
#61 = VECTOR('',#62,1.);
#62 = DIRECTION('',(0.,-1.,0.));
#63 = ORIENTED_EDGE('',*,*,#64,.F.);
#64 = EDGE_CURVE('',#65,#57,#67,.T.);
#65 = VERTEX_POINT('',#66);
#66 = CARTESIAN_POINT('',(-33.25,-34.,0.));
#67 = CIRCLE('',#68,2.);
#68 = AXIS2_PLACEMENT_3D('',#69,#70,#71);
#69 = CARTESIAN_POINT('',(-33.25,-32.,0.));
#70 = DIRECTION('',(-0.,-0.,-1.));
#71 = DIRECTION('',(0.,-1.,0.));
#72 = ORIENTED_EDGE('',*,*,#73,.T.);
#73 = EDGE_CURVE('',#65,#74,#76,.T.);
#74 = VERTEX_POINT('',#75);
#75 = CARTESIAN_POINT('',(33.25,-34.,0.));
#76 = LINE('',#77,#78);
#77 = CARTESIAN_POINT('',(-35.25,-34.,0.));
#78 = VECTOR('',#79,1.);
#79 = DIRECTION('',(1.,0.,0.));
#80 = ORIENTED_EDGE('',*,*,#81,.T.);
#81 = EDGE_CURVE('',#74,#82,#84,.T.);
#82 = VERTEX_POINT('',#83);
#83 = CARTESIAN_POINT('',(35.25,-32.,0.));
#84 = CIRCLE('',#85,2.);
#85 = AXIS2_PLACEMENT_3D('',#86,#87,#88);
#86 = CARTESIAN_POINT('',(33.25,-32.,0.));
#87 = DIRECTION('',(-0.,0.,1.));
#88 = DIRECTION('',(0.,-1.,0.));
#89 = ORIENTED_EDGE('',*,*,#90,.T.);
#90 = EDGE_CURVE('',#82,#91,#93,.T.);
#91 = VERTEX_POINT('',#92);
#92 = CARTESIAN_POINT('',(35.25,-22.4,0.));
#93 = LINE('',#94,#95);
#94 = CARTESIAN_POINT('',(35.25,-34.,0.));
#95 = VECTOR('',#96,1.);
#96 = DIRECTION('',(0.,1.,0.));
#97 = ORIENTED_EDGE('',*,*,#98,.T.);
#98 = EDGE_CURVE('',#91,#99,#101,.T.);
#99 = VERTEX_POINT('',#100);
#100 = CARTESIAN_POINT('',(32.75,-22.4,0.));
#101 = LINE('',#102,#103);
#102 = CARTESIAN_POINT('',(35.25,-22.4,0.));
#103 = VECTOR('',#104,1.);
#104 = DIRECTION('',(-1.,-0.,-0.));
#105 = ORIENTED_EDGE('',*,*,#106,.F.);
#106 = EDGE_CURVE('',#107,#99,#109,.T.);
#107 = VERTEX_POINT('',#108);
#108 = CARTESIAN_POINT('',(32.75,-28.5,0.));
#109 = LINE('',#110,#111);
#110 = CARTESIAN_POINT('',(32.75,-34.,0.));
#111 = VECTOR('',#112,1.);
#112 = DIRECTION('',(0.,1.,0.));
#113 = ORIENTED_EDGE('',*,*,#114,.F.);
#114 = EDGE_CURVE('',#24,#107,#115,.T.);
#115 = CIRCLE('',#116,3.);
#116 = AXIS2_PLACEMENT_3D('',#117,#118,#119);
#117 = CARTESIAN_POINT('',(29.75,-28.5,0.));
#118 = DIRECTION('',(-0.,0.,1.));
#119 = DIRECTION('',(0.,-1.,0.));
#120 = PLANE('',#121);
#121 = AXIS2_PLACEMENT_3D('',#122,#123,#124);
#122 = CARTESIAN_POINT('',(0.,0.,0.));
#123 = DIRECTION('',(0.,0.,1.));
#124 = DIRECTION('',(1.,0.,0.));
#125 = ADVANCED_FACE('',(#126),#151,.T.);
#126 = FACE_BOUND('',#127,.T.);
#127 = EDGE_LOOP('',(#128,#129,#137,#145));
#128 = ORIENTED_EDGE('',*,*,#21,.F.);
#129 = ORIENTED_EDGE('',*,*,#130,.F.);
#130 = EDGE_CURVE('',#131,#22,#133,.T.);
#131 = VERTEX_POINT('',#132);
#132 = CARTESIAN_POINT('',(-29.75,-31.5,14.34));
#133 = LINE('',#134,#135);
#134 = CARTESIAN_POINT('',(-29.75,-31.5,14.34));
#135 = VECTOR('',#136,1.);
#136 = DIRECTION('',(0.,0.,-1.));
#137 = ORIENTED_EDGE('',*,*,#138,.T.);
#138 = EDGE_CURVE('',#131,#139,#141,.T.);
#139 = VERTEX_POINT('',#140);
#140 = CARTESIAN_POINT('',(29.75,-31.5,14.34));
#141 = LINE('',#142,#143);
#142 = CARTESIAN_POINT('',(-17.625,-31.5,14.34));
#143 = VECTOR('',#144,1.);
#144 = DIRECTION('',(1.,0.,0.));
#145 = ORIENTED_EDGE('',*,*,#146,.F.);
#146 = EDGE_CURVE('',#24,#139,#147,.T.);
#147 = LINE('',#148,#149);
#148 = CARTESIAN_POINT('',(29.75,-31.5,0.));
#149 = VECTOR('',#150,1.);
#150 = DIRECTION('',(0.,0.,1.));
#151 = PLANE('',#152);
#152 = AXIS2_PLACEMENT_3D('',#153,#154,#155);
#153 = CARTESIAN_POINT('',(-35.25,-31.5,0.));
#154 = DIRECTION('',(0.,1.,0.));
#155 = DIRECTION('',(1.,0.,0.));
#156 = ADVANCED_FACE('',(#157),#176,.F.);
#157 = FACE_BOUND('',#158,.F.);
#158 = EDGE_LOOP('',(#159,#160,#168,#175));
#159 = ORIENTED_EDGE('',*,*,#114,.T.);
#160 = ORIENTED_EDGE('',*,*,#161,.T.);
#161 = EDGE_CURVE('',#107,#162,#164,.T.);
#162 = VERTEX_POINT('',#163);
#163 = CARTESIAN_POINT('',(32.75,-28.5,14.34));
#164 = LINE('',#165,#166);
#165 = CARTESIAN_POINT('',(32.75,-28.5,0.));
#166 = VECTOR('',#167,1.);
#167 = DIRECTION('',(0.,0.,1.));
#168 = ORIENTED_EDGE('',*,*,#169,.F.);
#169 = EDGE_CURVE('',#139,#162,#170,.T.);
#170 = CIRCLE('',#171,3.);
#171 = AXIS2_PLACEMENT_3D('',#172,#173,#174);
#172 = CARTESIAN_POINT('',(29.75,-28.5,14.34));
#173 = DIRECTION('',(-0.,0.,1.));
#174 = DIRECTION('',(0.,-1.,0.));
#175 = ORIENTED_EDGE('',*,*,#146,.F.);
#176 = CYLINDRICAL_SURFACE('',#177,3.);
#177 = AXIS2_PLACEMENT_3D('',#178,#179,#180);
#178 = CARTESIAN_POINT('',(29.75,-28.5,0.));
#179 = DIRECTION('',(0.,0.,1.));
#180 = DIRECTION('',(0.,-1.,0.));
#181 = ADVANCED_FACE('',(#182),#264,.T.);
#182 = FACE_BOUND('',#183,.T.);
#183 = EDGE_LOOP('',(#184,#185,#186,#194,#202,#210,#218,#226,#234,#242,
    #250,#258));
#184 = ORIENTED_EDGE('',*,*,#106,.F.);
#185 = ORIENTED_EDGE('',*,*,#161,.T.);
#186 = ORIENTED_EDGE('',*,*,#187,.T.);
#187 = EDGE_CURVE('',#162,#188,#190,.T.);
#188 = VERTEX_POINT('',#189);
#189 = CARTESIAN_POINT('',(32.75,28.5,14.34));
#190 = LINE('',#191,#192);
#191 = CARTESIAN_POINT('',(32.75,-17.,14.34));
#192 = VECTOR('',#193,1.);
#193 = DIRECTION('',(0.,1.,0.));
#194 = ORIENTED_EDGE('',*,*,#195,.F.);
#195 = EDGE_CURVE('',#196,#188,#198,.T.);
#196 = VERTEX_POINT('',#197);
#197 = CARTESIAN_POINT('',(32.75,28.5,0.));
#198 = LINE('',#199,#200);
#199 = CARTESIAN_POINT('',(32.75,28.5,0.));
#200 = VECTOR('',#201,1.);
#201 = DIRECTION('',(0.,0.,1.));
#202 = ORIENTED_EDGE('',*,*,#203,.F.);
#203 = EDGE_CURVE('',#204,#196,#206,.T.);
#204 = VERTEX_POINT('',#205);
#205 = CARTESIAN_POINT('',(32.75,19.,0.));
#206 = LINE('',#207,#208);
#207 = CARTESIAN_POINT('',(32.75,-34.,0.));
#208 = VECTOR('',#209,1.);
#209 = DIRECTION('',(0.,1.,0.));
#210 = ORIENTED_EDGE('',*,*,#211,.F.);
#211 = EDGE_CURVE('',#212,#204,#214,.T.);
#212 = VERTEX_POINT('',#213);
#213 = CARTESIAN_POINT('',(32.75,19.,14.1));
#214 = LINE('',#215,#216);
#215 = CARTESIAN_POINT('',(32.75,19.,0.));
#216 = VECTOR('',#217,1.);
#217 = DIRECTION('',(0.,0.,-1.));
#218 = ORIENTED_EDGE('',*,*,#219,.F.);
#219 = EDGE_CURVE('',#220,#212,#222,.T.);
#220 = VERTEX_POINT('',#221);
#221 = CARTESIAN_POINT('',(32.75,-11.1,14.1));
#222 = LINE('',#223,#224);
#223 = CARTESIAN_POINT('',(32.75,-7.5,14.1));
#224 = VECTOR('',#225,1.);
#225 = DIRECTION('',(0.,1.,0.));
#226 = ORIENTED_EDGE('',*,*,#227,.F.);
#227 = EDGE_CURVE('',#228,#220,#230,.T.);
#228 = VERTEX_POINT('',#229);
#229 = CARTESIAN_POINT('',(32.75,-11.1,0.));
#230 = LINE('',#231,#232);
#231 = CARTESIAN_POINT('',(32.75,-11.1,7.05));
#232 = VECTOR('',#233,1.);
#233 = DIRECTION('',(0.,0.,1.));
#234 = ORIENTED_EDGE('',*,*,#235,.F.);
#235 = EDGE_CURVE('',#236,#228,#238,.T.);
#236 = VERTEX_POINT('',#237);
#237 = CARTESIAN_POINT('',(32.75,-13.4,0.));
#238 = LINE('',#239,#240);
#239 = CARTESIAN_POINT('',(32.75,-34.,0.));
#240 = VECTOR('',#241,1.);
#241 = DIRECTION('',(0.,1.,0.));
#242 = ORIENTED_EDGE('',*,*,#243,.F.);
#243 = EDGE_CURVE('',#244,#236,#246,.T.);
#244 = VERTEX_POINT('',#245);
#245 = CARTESIAN_POINT('',(32.75,-13.4,10.));
#246 = LINE('',#247,#248);
#247 = CARTESIAN_POINT('',(32.75,-13.4,0.));
#248 = VECTOR('',#249,1.);
#249 = DIRECTION('',(0.,0.,-1.));
#250 = ORIENTED_EDGE('',*,*,#251,.F.);
#251 = EDGE_CURVE('',#252,#244,#254,.T.);
#252 = VERTEX_POINT('',#253);
#253 = CARTESIAN_POINT('',(32.75,-22.4,10.));
#254 = LINE('',#255,#256);
#255 = CARTESIAN_POINT('',(32.75,-23.7,10.));
#256 = VECTOR('',#257,1.);
#257 = DIRECTION('',(0.,1.,0.));
#258 = ORIENTED_EDGE('',*,*,#259,.F.);
#259 = EDGE_CURVE('',#99,#252,#260,.T.);
#260 = LINE('',#261,#262);
#261 = CARTESIAN_POINT('',(32.75,-22.4,5.));
#262 = VECTOR('',#263,1.);
#263 = DIRECTION('',(0.,0.,1.));
#264 = PLANE('',#265);
#265 = AXIS2_PLACEMENT_3D('',#266,#267,#268);
#266 = CARTESIAN_POINT('',(32.75,-34.,0.));
#267 = DIRECTION('',(-1.,0.,0.));
#268 = DIRECTION('',(0.,1.,0.));
#269 = ADVANCED_FACE('',(#270),#288,.F.);
#270 = FACE_BOUND('',#271,.F.);
#271 = EDGE_LOOP('',(#272,#280,#286,#287));
#272 = ORIENTED_EDGE('',*,*,#273,.F.);
#273 = EDGE_CURVE('',#274,#91,#276,.T.);
#274 = VERTEX_POINT('',#275);
#275 = CARTESIAN_POINT('',(35.25,-22.4,10.));
#276 = LINE('',#277,#278);
#277 = CARTESIAN_POINT('',(35.25,-22.4,10.));
#278 = VECTOR('',#279,1.);
#279 = DIRECTION('',(0.,0.,-1.));
#280 = ORIENTED_EDGE('',*,*,#281,.T.);
#281 = EDGE_CURVE('',#274,#252,#282,.T.);
#282 = LINE('',#283,#284);
#283 = CARTESIAN_POINT('',(35.25,-22.4,10.));
#284 = VECTOR('',#285,1.);
#285 = DIRECTION('',(-1.,-0.,-0.));
#286 = ORIENTED_EDGE('',*,*,#259,.F.);
#287 = ORIENTED_EDGE('',*,*,#98,.F.);
#288 = PLANE('',#289);
#289 = AXIS2_PLACEMENT_3D('',#290,#291,#292);
#290 = CARTESIAN_POINT('',(35.25,-22.4,10.));
#291 = DIRECTION('',(0.,-1.,0.));
#292 = DIRECTION('',(0.,0.,-1.));
#293 = ADVANCED_FACE('',(#294),#344,.F.);
#294 = FACE_BOUND('',#295,.F.);
#295 = EDGE_LOOP('',(#296,#297,#305,#313,#321,#329,#337,#343));
#296 = ORIENTED_EDGE('',*,*,#90,.F.);
#297 = ORIENTED_EDGE('',*,*,#298,.T.);
#298 = EDGE_CURVE('',#82,#299,#301,.T.);
#299 = VERTEX_POINT('',#300);
#300 = CARTESIAN_POINT('',(35.25,-32.,13.84));
#301 = LINE('',#302,#303);
#302 = CARTESIAN_POINT('',(35.25,-32.,0.));
#303 = VECTOR('',#304,1.);
#304 = DIRECTION('',(0.,0.,1.));
#305 = ORIENTED_EDGE('',*,*,#306,.T.);
#306 = EDGE_CURVE('',#299,#307,#309,.T.);
#307 = VERTEX_POINT('',#308);
#308 = CARTESIAN_POINT('',(35.25,-11.1,13.84));
#309 = LINE('',#310,#311);
#310 = CARTESIAN_POINT('',(35.25,-34.,13.84));
#311 = VECTOR('',#312,1.);
#312 = DIRECTION('',(0.,1.,0.));
#313 = ORIENTED_EDGE('',*,*,#314,.T.);
#314 = EDGE_CURVE('',#307,#315,#317,.T.);
#315 = VERTEX_POINT('',#316);
#316 = CARTESIAN_POINT('',(35.25,-11.1,0.));
#317 = LINE('',#318,#319);
#318 = CARTESIAN_POINT('',(35.25,-11.1,14.1));
#319 = VECTOR('',#320,1.);
#320 = DIRECTION('',(0.,0.,-1.));
#321 = ORIENTED_EDGE('',*,*,#322,.F.);
#322 = EDGE_CURVE('',#323,#315,#325,.T.);
#323 = VERTEX_POINT('',#324);
#324 = CARTESIAN_POINT('',(35.25,-13.4,0.));
#325 = LINE('',#326,#327);
#326 = CARTESIAN_POINT('',(35.25,-34.,0.));
#327 = VECTOR('',#328,1.);
#328 = DIRECTION('',(0.,1.,0.));
#329 = ORIENTED_EDGE('',*,*,#330,.T.);
#330 = EDGE_CURVE('',#323,#331,#333,.T.);
#331 = VERTEX_POINT('',#332);
#332 = CARTESIAN_POINT('',(35.25,-13.4,10.));
#333 = LINE('',#334,#335);
#334 = CARTESIAN_POINT('',(35.25,-13.4,0.));
#335 = VECTOR('',#336,1.);
#336 = DIRECTION('',(0.,0.,1.));
#337 = ORIENTED_EDGE('',*,*,#338,.T.);
#338 = EDGE_CURVE('',#331,#274,#339,.T.);
#339 = LINE('',#340,#341);
#340 = CARTESIAN_POINT('',(35.25,-13.4,10.));
#341 = VECTOR('',#342,1.);
#342 = DIRECTION('',(0.,-1.,0.));
#343 = ORIENTED_EDGE('',*,*,#273,.T.);
#344 = PLANE('',#345);
#345 = AXIS2_PLACEMENT_3D('',#346,#347,#348);
#346 = CARTESIAN_POINT('',(35.25,-34.,0.));
#347 = DIRECTION('',(-1.,0.,0.));
#348 = DIRECTION('',(0.,1.,0.));
#349 = ADVANCED_FACE('',(#350),#369,.T.);
#350 = FACE_BOUND('',#351,.T.);
#351 = EDGE_LOOP('',(#352,#353,#354,#363));
#352 = ORIENTED_EDGE('',*,*,#81,.T.);
#353 = ORIENTED_EDGE('',*,*,#298,.T.);
#354 = ORIENTED_EDGE('',*,*,#355,.F.);
#355 = EDGE_CURVE('',#356,#299,#358,.T.);
#356 = VERTEX_POINT('',#357);
#357 = CARTESIAN_POINT('',(33.25,-34.,13.84));
#358 = CIRCLE('',#359,2.);
#359 = AXIS2_PLACEMENT_3D('',#360,#361,#362);
#360 = CARTESIAN_POINT('',(33.25,-32.,13.84));
#361 = DIRECTION('',(-0.,0.,1.));
#362 = DIRECTION('',(0.,-1.,0.));
#363 = ORIENTED_EDGE('',*,*,#364,.F.);
#364 = EDGE_CURVE('',#74,#356,#365,.T.);
#365 = LINE('',#366,#367);
#366 = CARTESIAN_POINT('',(33.25,-34.,0.));
#367 = VECTOR('',#368,1.);
#368 = DIRECTION('',(0.,0.,1.));
#369 = CYLINDRICAL_SURFACE('',#370,2.);
#370 = AXIS2_PLACEMENT_3D('',#371,#372,#373);
#371 = CARTESIAN_POINT('',(33.25,-32.,0.));
#372 = DIRECTION('',(0.,0.,1.));
#373 = DIRECTION('',(0.,-1.,0.));
#374 = ADVANCED_FACE('',(#375),#393,.F.);
#375 = FACE_BOUND('',#376,.F.);
#376 = EDGE_LOOP('',(#377,#385,#386,#387));
#377 = ORIENTED_EDGE('',*,*,#378,.T.);
#378 = EDGE_CURVE('',#379,#356,#381,.T.);
#379 = VERTEX_POINT('',#380);
#380 = CARTESIAN_POINT('',(-33.25,-34.,13.84));
#381 = LINE('',#382,#383);
#382 = CARTESIAN_POINT('',(-35.25,-34.,13.84));
#383 = VECTOR('',#384,1.);
#384 = DIRECTION('',(1.,0.,0.));
#385 = ORIENTED_EDGE('',*,*,#364,.F.);
#386 = ORIENTED_EDGE('',*,*,#73,.F.);
#387 = ORIENTED_EDGE('',*,*,#388,.T.);
#388 = EDGE_CURVE('',#65,#379,#389,.T.);
#389 = LINE('',#390,#391);
#390 = CARTESIAN_POINT('',(-33.25,-34.,0.));
#391 = VECTOR('',#392,1.);
#392 = DIRECTION('',(0.,0.,1.));
#393 = PLANE('',#394);
#394 = AXIS2_PLACEMENT_3D('',#395,#396,#397);
#395 = CARTESIAN_POINT('',(-35.25,-34.,0.));
#396 = DIRECTION('',(0.,1.,0.));
#397 = DIRECTION('',(1.,0.,0.));
#398 = ADVANCED_FACE('',(#399),#418,.T.);
#399 = FACE_BOUND('',#400,.F.);
#400 = EDGE_LOOP('',(#401,#402,#410,#417));
#401 = ORIENTED_EDGE('',*,*,#64,.T.);
#402 = ORIENTED_EDGE('',*,*,#403,.T.);
#403 = EDGE_CURVE('',#57,#404,#406,.T.);
#404 = VERTEX_POINT('',#405);
#405 = CARTESIAN_POINT('',(-35.25,-32.,13.84));
#406 = LINE('',#407,#408);
#407 = CARTESIAN_POINT('',(-35.25,-32.,0.));
#408 = VECTOR('',#409,1.);
#409 = DIRECTION('',(0.,0.,1.));
#410 = ORIENTED_EDGE('',*,*,#411,.F.);
#411 = EDGE_CURVE('',#379,#404,#412,.T.);
#412 = CIRCLE('',#413,2.);
#413 = AXIS2_PLACEMENT_3D('',#414,#415,#416);
#414 = CARTESIAN_POINT('',(-33.25,-32.,13.84));
#415 = DIRECTION('',(-0.,-0.,-1.));
#416 = DIRECTION('',(0.,-1.,0.));
#417 = ORIENTED_EDGE('',*,*,#388,.F.);
#418 = CYLINDRICAL_SURFACE('',#419,2.);
#419 = AXIS2_PLACEMENT_3D('',#420,#421,#422);
#420 = CARTESIAN_POINT('',(-33.25,-32.,0.));
#421 = DIRECTION('',(0.,0.,1.));
#422 = DIRECTION('',(0.,-1.,0.));
#423 = ADVANCED_FACE('',(#424),#474,.F.);
#424 = FACE_BOUND('',#425,.F.);
#425 = EDGE_LOOP('',(#426,#436,#442,#443,#444,#452,#460,#468));
#426 = ORIENTED_EDGE('',*,*,#427,.T.);
#427 = EDGE_CURVE('',#428,#430,#432,.T.);
#428 = VERTEX_POINT('',#429);
#429 = CARTESIAN_POINT('',(-35.25,32.,0.));
#430 = VERTEX_POINT('',#431);
#431 = CARTESIAN_POINT('',(-35.25,32.,13.84));
#432 = LINE('',#433,#434);
#433 = CARTESIAN_POINT('',(-35.25,32.,0.));
#434 = VECTOR('',#435,1.);
#435 = DIRECTION('',(0.,0.,1.));
#436 = ORIENTED_EDGE('',*,*,#437,.T.);
#437 = EDGE_CURVE('',#430,#404,#438,.T.);
#438 = LINE('',#439,#440);
#439 = CARTESIAN_POINT('',(-35.25,34.,13.84));
#440 = VECTOR('',#441,1.);
#441 = DIRECTION('',(0.,-1.,0.));
#442 = ORIENTED_EDGE('',*,*,#403,.F.);
#443 = ORIENTED_EDGE('',*,*,#56,.F.);
#444 = ORIENTED_EDGE('',*,*,#445,.T.);
#445 = EDGE_CURVE('',#49,#446,#448,.T.);
#446 = VERTEX_POINT('',#447);
#447 = CARTESIAN_POINT('',(-35.25,-20.62,5.));
#448 = LINE('',#449,#450);
#449 = CARTESIAN_POINT('',(-35.25,-20.62,0.));
#450 = VECTOR('',#451,1.);
#451 = DIRECTION('',(0.,0.,1.));
#452 = ORIENTED_EDGE('',*,*,#453,.T.);
#453 = EDGE_CURVE('',#446,#454,#456,.T.);
#454 = VERTEX_POINT('',#455);
#455 = CARTESIAN_POINT('',(-35.25,-10.62,5.));
#456 = LINE('',#457,#458);
#457 = CARTESIAN_POINT('',(-35.25,-20.62,5.));
#458 = VECTOR('',#459,1.);
#459 = DIRECTION('',(0.,1.,0.));
#460 = ORIENTED_EDGE('',*,*,#461,.T.);
#461 = EDGE_CURVE('',#454,#462,#464,.T.);
#462 = VERTEX_POINT('',#463);
#463 = CARTESIAN_POINT('',(-35.25,-10.62,0.));
#464 = LINE('',#465,#466);
#465 = CARTESIAN_POINT('',(-35.25,-10.62,5.));
#466 = VECTOR('',#467,1.);
#467 = DIRECTION('',(0.,0.,-1.));
#468 = ORIENTED_EDGE('',*,*,#469,.F.);
#469 = EDGE_CURVE('',#428,#462,#470,.T.);
#470 = LINE('',#471,#472);
#471 = CARTESIAN_POINT('',(-35.25,34.,0.));
#472 = VECTOR('',#473,1.);
#473 = DIRECTION('',(0.,-1.,0.));
#474 = PLANE('',#475);
#475 = AXIS2_PLACEMENT_3D('',#476,#477,#478);
#476 = CARTESIAN_POINT('',(-35.25,34.,0.));
#477 = DIRECTION('',(1.,0.,0.));
#478 = DIRECTION('',(0.,-1.,0.));
#479 = ADVANCED_FACE('',(#480),#498,.F.);
#480 = FACE_BOUND('',#481,.F.);
#481 = EDGE_LOOP('',(#482,#483,#484,#492));
#482 = ORIENTED_EDGE('',*,*,#445,.F.);
#483 = ORIENTED_EDGE('',*,*,#48,.T.);
#484 = ORIENTED_EDGE('',*,*,#485,.F.);
#485 = EDGE_CURVE('',#486,#41,#488,.T.);
#486 = VERTEX_POINT('',#487);
#487 = CARTESIAN_POINT('',(-32.75,-20.62,5.));
#488 = LINE('',#489,#490);
#489 = CARTESIAN_POINT('',(-32.75,-20.62,0.));
#490 = VECTOR('',#491,1.);
#491 = DIRECTION('',(0.,0.,-1.));
#492 = ORIENTED_EDGE('',*,*,#493,.F.);
#493 = EDGE_CURVE('',#446,#486,#494,.T.);
#494 = LINE('',#495,#496);
#495 = CARTESIAN_POINT('',(-35.25,-20.62,5.));
#496 = VECTOR('',#497,1.);
#497 = DIRECTION('',(1.,0.,0.));
#498 = PLANE('',#499);
#499 = AXIS2_PLACEMENT_3D('',#500,#501,#502);
#500 = CARTESIAN_POINT('',(-35.25,-20.62,0.));
#501 = DIRECTION('',(0.,-1.,0.));
#502 = DIRECTION('',(0.,0.,1.));
#503 = ADVANCED_FACE('',(#504),#554,.T.);
#504 = FACE_BOUND('',#505,.T.);
#505 = EDGE_LOOP('',(#506,#516,#524,#532,#538,#539,#540,#548));
#506 = ORIENTED_EDGE('',*,*,#507,.F.);
#507 = EDGE_CURVE('',#508,#510,#512,.T.);
#508 = VERTEX_POINT('',#509);
#509 = CARTESIAN_POINT('',(-32.75,28.5,0.));
#510 = VERTEX_POINT('',#511);
#511 = CARTESIAN_POINT('',(-32.75,-10.62,0.));
#512 = LINE('',#513,#514);
#513 = CARTESIAN_POINT('',(-32.75,34.,0.));
#514 = VECTOR('',#515,1.);
#515 = DIRECTION('',(0.,-1.,0.));
#516 = ORIENTED_EDGE('',*,*,#517,.T.);
#517 = EDGE_CURVE('',#508,#518,#520,.T.);
#518 = VERTEX_POINT('',#519);
#519 = CARTESIAN_POINT('',(-32.75,28.5,14.34));
#520 = LINE('',#521,#522);
#521 = CARTESIAN_POINT('',(-32.75,28.5,0.));
#522 = VECTOR('',#523,1.);
#523 = DIRECTION('',(0.,0.,1.));
#524 = ORIENTED_EDGE('',*,*,#525,.T.);
#525 = EDGE_CURVE('',#518,#526,#528,.T.);
#526 = VERTEX_POINT('',#527);
#527 = CARTESIAN_POINT('',(-32.75,-28.5,14.34));
#528 = LINE('',#529,#530);
#529 = CARTESIAN_POINT('',(-32.75,17.,14.34));
#530 = VECTOR('',#531,1.);
#531 = DIRECTION('',(0.,-1.,0.));
#532 = ORIENTED_EDGE('',*,*,#533,.T.);
#533 = EDGE_CURVE('',#526,#32,#534,.T.);
#534 = LINE('',#535,#536);
#535 = CARTESIAN_POINT('',(-32.75,-28.5,14.34));
#536 = VECTOR('',#537,1.);
#537 = DIRECTION('',(0.,0.,-1.));
#538 = ORIENTED_EDGE('',*,*,#40,.F.);
#539 = ORIENTED_EDGE('',*,*,#485,.F.);
#540 = ORIENTED_EDGE('',*,*,#541,.F.);
#541 = EDGE_CURVE('',#542,#486,#544,.T.);
#542 = VERTEX_POINT('',#543);
#543 = CARTESIAN_POINT('',(-32.75,-10.62,5.));
#544 = LINE('',#545,#546);
#545 = CARTESIAN_POINT('',(-32.75,6.69,5.));
#546 = VECTOR('',#547,1.);
#547 = DIRECTION('',(0.,-1.,0.));
#548 = ORIENTED_EDGE('',*,*,#549,.F.);
#549 = EDGE_CURVE('',#510,#542,#550,.T.);
#550 = LINE('',#551,#552);
#551 = CARTESIAN_POINT('',(-32.75,-10.62,2.5));
#552 = VECTOR('',#553,1.);
#553 = DIRECTION('',(0.,0.,1.));
#554 = PLANE('',#555);
#555 = AXIS2_PLACEMENT_3D('',#556,#557,#558);
#556 = CARTESIAN_POINT('',(-32.75,34.,0.));
#557 = DIRECTION('',(1.,0.,0.));
#558 = DIRECTION('',(0.,-1.,0.));
#559 = ADVANCED_FACE('',(#560),#572,.F.);
#560 = FACE_BOUND('',#561,.F.);
#561 = EDGE_LOOP('',(#562,#569,#570,#571));
#562 = ORIENTED_EDGE('',*,*,#563,.T.);
#563 = EDGE_CURVE('',#131,#526,#564,.T.);
#564 = CIRCLE('',#565,3.);
#565 = AXIS2_PLACEMENT_3D('',#566,#567,#568);
#566 = CARTESIAN_POINT('',(-29.75,-28.5,14.34));
#567 = DIRECTION('',(0.,0.,-1.));
#568 = DIRECTION('',(0.,1.,0.));
#569 = ORIENTED_EDGE('',*,*,#533,.T.);
#570 = ORIENTED_EDGE('',*,*,#31,.F.);
#571 = ORIENTED_EDGE('',*,*,#130,.F.);
#572 = CYLINDRICAL_SURFACE('',#573,3.);
#573 = AXIS2_PLACEMENT_3D('',#574,#575,#576);
#574 = CARTESIAN_POINT('',(-29.75,-28.5,14.34));
#575 = DIRECTION('',(0.,0.,-1.));
#576 = DIRECTION('',(0.,-1.,0.));
#577 = ADVANCED_FACE('',(#578,#609,#620,#631,#642),#653,.F.);
#578 = FACE_BOUND('',#579,.F.);
#579 = EDGE_LOOP('',(#580,#581,#582,#583,#592,#600,#607,#608));
#580 = ORIENTED_EDGE('',*,*,#138,.T.);
#581 = ORIENTED_EDGE('',*,*,#169,.T.);
#582 = ORIENTED_EDGE('',*,*,#187,.T.);
#583 = ORIENTED_EDGE('',*,*,#584,.F.);
#584 = EDGE_CURVE('',#585,#188,#587,.T.);
#585 = VERTEX_POINT('',#586);
#586 = CARTESIAN_POINT('',(29.75,31.5,14.34));
#587 = CIRCLE('',#588,3.);
#588 = AXIS2_PLACEMENT_3D('',#589,#590,#591);
#589 = CARTESIAN_POINT('',(29.75,28.5,14.34));
#590 = DIRECTION('',(-0.,-0.,-1.));
#591 = DIRECTION('',(0.,-1.,0.));
#592 = ORIENTED_EDGE('',*,*,#593,.T.);
#593 = EDGE_CURVE('',#585,#594,#596,.T.);
#594 = VERTEX_POINT('',#595);
#595 = CARTESIAN_POINT('',(-29.75,31.5,14.34));
#596 = LINE('',#597,#598);
#597 = CARTESIAN_POINT('',(17.625,31.5,14.34));
#598 = VECTOR('',#599,1.);
#599 = DIRECTION('',(-1.,0.,0.));
#600 = ORIENTED_EDGE('',*,*,#601,.F.);
#601 = EDGE_CURVE('',#518,#594,#602,.T.);
#602 = CIRCLE('',#603,3.);
#603 = AXIS2_PLACEMENT_3D('',#604,#605,#606);
#604 = CARTESIAN_POINT('',(-29.75,28.5,14.34));
#605 = DIRECTION('',(-0.,-0.,-1.));
#606 = DIRECTION('',(0.,-1.,0.));
#607 = ORIENTED_EDGE('',*,*,#525,.T.);
#608 = ORIENTED_EDGE('',*,*,#563,.F.);
#609 = FACE_BOUND('',#610,.F.);
#610 = EDGE_LOOP('',(#611));
#611 = ORIENTED_EDGE('',*,*,#612,.T.);
#612 = EDGE_CURVE('',#613,#613,#615,.T.);
#613 = VERTEX_POINT('',#614);
#614 = CARTESIAN_POINT('',(-25.97,-26.42,14.34));
#615 = CIRCLE('',#616,3.);
#616 = AXIS2_PLACEMENT_3D('',#617,#618,#619);
#617 = CARTESIAN_POINT('',(-28.97,-26.42,14.34));
#618 = DIRECTION('',(0.,0.,-1.));
#619 = DIRECTION('',(1.,0.,0.));
#620 = FACE_BOUND('',#621,.F.);
#621 = EDGE_LOOP('',(#622));
#622 = ORIENTED_EDGE('',*,*,#623,.T.);
#623 = EDGE_CURVE('',#624,#624,#626,.T.);
#624 = VERTEX_POINT('',#625);
#625 = CARTESIAN_POINT('',(31.97,-26.42,14.34));
#626 = CIRCLE('',#627,3.);
#627 = AXIS2_PLACEMENT_3D('',#628,#629,#630);
#628 = CARTESIAN_POINT('',(28.97,-26.42,14.34));
#629 = DIRECTION('',(0.,0.,-1.));
#630 = DIRECTION('',(1.,0.,0.));
#631 = FACE_BOUND('',#632,.F.);
#632 = EDGE_LOOP('',(#633));
#633 = ORIENTED_EDGE('',*,*,#634,.T.);
#634 = EDGE_CURVE('',#635,#635,#637,.T.);
#635 = VERTEX_POINT('',#636);
#636 = CARTESIAN_POINT('',(-25.97,26.42,14.34));
#637 = CIRCLE('',#638,3.);
#638 = AXIS2_PLACEMENT_3D('',#639,#640,#641);
#639 = CARTESIAN_POINT('',(-28.97,26.42,14.34));
#640 = DIRECTION('',(0.,0.,-1.));
#641 = DIRECTION('',(1.,0.,0.));
#642 = FACE_BOUND('',#643,.F.);
#643 = EDGE_LOOP('',(#644));
#644 = ORIENTED_EDGE('',*,*,#645,.T.);
#645 = EDGE_CURVE('',#646,#646,#648,.T.);
#646 = VERTEX_POINT('',#647);
#647 = CARTESIAN_POINT('',(31.97,26.42,14.34));
#648 = CIRCLE('',#649,3.);
#649 = AXIS2_PLACEMENT_3D('',#650,#651,#652);
#650 = CARTESIAN_POINT('',(28.97,26.42,14.34));
#651 = DIRECTION('',(0.,0.,-1.));
#652 = DIRECTION('',(1.,0.,0.));
#653 = PLANE('',#654);
#654 = AXIS2_PLACEMENT_3D('',#655,#656,#657);
#655 = CARTESIAN_POINT('',(0.,0.,14.34));
#656 = DIRECTION('',(0.,0.,1.));
#657 = DIRECTION('',(1.,0.,0.));
#658 = ADVANCED_FACE('',(#659),#670,.F.);
#659 = FACE_BOUND('',#660,.F.);
#660 = EDGE_LOOP('',(#661,#662,#668,#669));
#661 = ORIENTED_EDGE('',*,*,#338,.F.);
#662 = ORIENTED_EDGE('',*,*,#663,.T.);
#663 = EDGE_CURVE('',#331,#244,#664,.T.);
#664 = LINE('',#665,#666);
#665 = CARTESIAN_POINT('',(35.25,-13.4,10.));
#666 = VECTOR('',#667,1.);
#667 = DIRECTION('',(-1.,-0.,-0.));
#668 = ORIENTED_EDGE('',*,*,#251,.F.);
#669 = ORIENTED_EDGE('',*,*,#281,.F.);
#670 = PLANE('',#671);
#671 = AXIS2_PLACEMENT_3D('',#672,#673,#674);
#672 = CARTESIAN_POINT('',(35.25,-13.4,10.));
#673 = DIRECTION('',(0.,0.,1.));
#674 = DIRECTION('',(0.,-1.,0.));
#675 = ADVANCED_FACE('',(#676),#687,.F.);
#676 = FACE_BOUND('',#677,.F.);
#677 = EDGE_LOOP('',(#678,#679,#685,#686));
#678 = ORIENTED_EDGE('',*,*,#330,.F.);
#679 = ORIENTED_EDGE('',*,*,#680,.T.);
#680 = EDGE_CURVE('',#323,#236,#681,.T.);
#681 = LINE('',#682,#683);
#682 = CARTESIAN_POINT('',(35.25,-13.4,0.));
#683 = VECTOR('',#684,1.);
#684 = DIRECTION('',(-1.,-0.,-0.));
#685 = ORIENTED_EDGE('',*,*,#243,.F.);
#686 = ORIENTED_EDGE('',*,*,#663,.F.);
#687 = PLANE('',#688);
#688 = AXIS2_PLACEMENT_3D('',#689,#690,#691);
#689 = CARTESIAN_POINT('',(35.25,-13.4,0.));
#690 = DIRECTION('',(0.,1.,0.));
#691 = DIRECTION('',(0.,0.,1.));
#692 = ADVANCED_FACE('',(#693),#704,.F.);
#693 = FACE_BOUND('',#694,.F.);
#694 = EDGE_LOOP('',(#695,#701,#702,#703));
#695 = ORIENTED_EDGE('',*,*,#696,.T.);
#696 = EDGE_CURVE('',#315,#228,#697,.T.);
#697 = LINE('',#698,#699);
#698 = CARTESIAN_POINT('',(35.25,-11.1,0.));
#699 = VECTOR('',#700,1.);
#700 = DIRECTION('',(-1.,-0.,-0.));
#701 = ORIENTED_EDGE('',*,*,#235,.F.);
#702 = ORIENTED_EDGE('',*,*,#680,.F.);
#703 = ORIENTED_EDGE('',*,*,#322,.T.);
#704 = PLANE('',#705);
#705 = AXIS2_PLACEMENT_3D('',#706,#707,#708);
#706 = CARTESIAN_POINT('',(0.,0.,0.));
#707 = DIRECTION('',(0.,0.,1.));
#708 = DIRECTION('',(1.,0.,0.));
#709 = ADVANCED_FACE('',(#710),#730,.F.);
#710 = FACE_BOUND('',#711,.F.);
#711 = EDGE_LOOP('',(#712,#721,#727,#728,#729));
#712 = ORIENTED_EDGE('',*,*,#713,.F.);
#713 = EDGE_CURVE('',#714,#307,#716,.T.);
#714 = VERTEX_POINT('',#715);
#715 = CARTESIAN_POINT('',(35.238712097208,-11.1,14.1));
#716 = CIRCLE('',#717,3.);
#717 = AXIS2_PLACEMENT_3D('',#718,#719,#720);
#718 = CARTESIAN_POINT('',(32.25,-11.1,13.84));
#719 = DIRECTION('',(-0.,1.,0.));
#720 = DIRECTION('',(1.,0.,0.));
#721 = ORIENTED_EDGE('',*,*,#722,.T.);
#722 = EDGE_CURVE('',#714,#220,#723,.T.);
#723 = LINE('',#724,#725);
#724 = CARTESIAN_POINT('',(35.25,-11.1,14.1));
#725 = VECTOR('',#726,1.);
#726 = DIRECTION('',(-1.,-0.,-0.));
#727 = ORIENTED_EDGE('',*,*,#227,.F.);
#728 = ORIENTED_EDGE('',*,*,#696,.F.);
#729 = ORIENTED_EDGE('',*,*,#314,.F.);
#730 = PLANE('',#731);
#731 = AXIS2_PLACEMENT_3D('',#732,#733,#734);
#732 = CARTESIAN_POINT('',(35.25,-11.1,14.1));
#733 = DIRECTION('',(0.,-1.,0.));
#734 = DIRECTION('',(0.,0.,-1.));
#735 = ADVANCED_FACE('',(#736),#754,.F.);
#736 = FACE_BOUND('',#737,.F.);
#737 = EDGE_LOOP('',(#738,#746,#752,#753));
#738 = ORIENTED_EDGE('',*,*,#739,.T.);
#739 = EDGE_CURVE('',#714,#740,#742,.T.);
#740 = VERTEX_POINT('',#741);
#741 = CARTESIAN_POINT('',(35.238712097208,19.,14.1));
#742 = LINE('',#743,#744);
#743 = CARTESIAN_POINT('',(35.238712097208,-34.,14.1));
#744 = VECTOR('',#745,1.);
#745 = DIRECTION('',(0.,1.,0.));
#746 = ORIENTED_EDGE('',*,*,#747,.T.);
#747 = EDGE_CURVE('',#740,#212,#748,.T.);
#748 = LINE('',#749,#750);
#749 = CARTESIAN_POINT('',(35.25,19.,14.1));
#750 = VECTOR('',#751,1.);
#751 = DIRECTION('',(-1.,-0.,-0.));
#752 = ORIENTED_EDGE('',*,*,#219,.F.);
#753 = ORIENTED_EDGE('',*,*,#722,.F.);
#754 = PLANE('',#755);
#755 = AXIS2_PLACEMENT_3D('',#756,#757,#758);
#756 = CARTESIAN_POINT('',(35.25,19.,14.1));
#757 = DIRECTION('',(0.,0.,1.));
#758 = DIRECTION('',(0.,-1.,0.));
#759 = ADVANCED_FACE('',(#760),#787,.F.);
#760 = FACE_BOUND('',#761,.F.);
#761 = EDGE_LOOP('',(#762,#772,#778,#779,#780));
#762 = ORIENTED_EDGE('',*,*,#763,.F.);
#763 = EDGE_CURVE('',#764,#766,#768,.T.);
#764 = VERTEX_POINT('',#765);
#765 = CARTESIAN_POINT('',(35.25,19.,0.));
#766 = VERTEX_POINT('',#767);
#767 = CARTESIAN_POINT('',(35.25,19.,13.84));
#768 = LINE('',#769,#770);
#769 = CARTESIAN_POINT('',(35.25,19.,0.));
#770 = VECTOR('',#771,1.);
#771 = DIRECTION('',(0.,0.,1.));
#772 = ORIENTED_EDGE('',*,*,#773,.T.);
#773 = EDGE_CURVE('',#764,#204,#774,.T.);
#774 = LINE('',#775,#776);
#775 = CARTESIAN_POINT('',(35.25,19.,0.));
#776 = VECTOR('',#777,1.);
#777 = DIRECTION('',(-1.,-0.,-0.));
#778 = ORIENTED_EDGE('',*,*,#211,.F.);
#779 = ORIENTED_EDGE('',*,*,#747,.F.);
#780 = ORIENTED_EDGE('',*,*,#781,.T.);
#781 = EDGE_CURVE('',#740,#766,#782,.T.);
#782 = CIRCLE('',#783,3.);
#783 = AXIS2_PLACEMENT_3D('',#784,#785,#786);
#784 = CARTESIAN_POINT('',(32.25,19.,13.84));
#785 = DIRECTION('',(-0.,1.,0.));
#786 = DIRECTION('',(1.,0.,0.));
#787 = PLANE('',#788);
#788 = AXIS2_PLACEMENT_3D('',#789,#790,#791);
#789 = CARTESIAN_POINT('',(35.25,19.,0.));
#790 = DIRECTION('',(0.,1.,0.));
#791 = DIRECTION('',(0.,0.,1.));
#792 = ADVANCED_FACE('',(#793),#861,.F.);
#793 = FACE_BOUND('',#794,.F.);
#794 = EDGE_LOOP('',(#795,#801,#802,#811,#819,#826,#827,#828,#836,#845,
    #853,#860));
#795 = ORIENTED_EDGE('',*,*,#796,.T.);
#796 = EDGE_CURVE('',#462,#510,#797,.T.);
#797 = LINE('',#798,#799);
#798 = CARTESIAN_POINT('',(-35.25,-10.62,0.));
#799 = VECTOR('',#800,1.);
#800 = DIRECTION('',(1.,0.,0.));
#801 = ORIENTED_EDGE('',*,*,#507,.F.);
#802 = ORIENTED_EDGE('',*,*,#803,.T.);
#803 = EDGE_CURVE('',#508,#804,#806,.T.);
#804 = VERTEX_POINT('',#805);
#805 = CARTESIAN_POINT('',(-29.75,31.5,0.));
#806 = CIRCLE('',#807,3.);
#807 = AXIS2_PLACEMENT_3D('',#808,#809,#810);
#808 = CARTESIAN_POINT('',(-29.75,28.5,0.));
#809 = DIRECTION('',(-0.,-0.,-1.));
#810 = DIRECTION('',(0.,-1.,0.));
#811 = ORIENTED_EDGE('',*,*,#812,.F.);
#812 = EDGE_CURVE('',#813,#804,#815,.T.);
#813 = VERTEX_POINT('',#814);
#814 = CARTESIAN_POINT('',(29.75,31.5,0.));
#815 = LINE('',#816,#817);
#816 = CARTESIAN_POINT('',(35.25,31.5,0.));
#817 = VECTOR('',#818,1.);
#818 = DIRECTION('',(-1.,0.,0.));
#819 = ORIENTED_EDGE('',*,*,#820,.T.);
#820 = EDGE_CURVE('',#813,#196,#821,.T.);
#821 = CIRCLE('',#822,3.);
#822 = AXIS2_PLACEMENT_3D('',#823,#824,#825);
#823 = CARTESIAN_POINT('',(29.75,28.5,0.));
#824 = DIRECTION('',(-0.,-0.,-1.));
#825 = DIRECTION('',(0.,-1.,0.));
#826 = ORIENTED_EDGE('',*,*,#203,.F.);
#827 = ORIENTED_EDGE('',*,*,#773,.F.);
#828 = ORIENTED_EDGE('',*,*,#829,.T.);
#829 = EDGE_CURVE('',#764,#830,#832,.T.);
#830 = VERTEX_POINT('',#831);
#831 = CARTESIAN_POINT('',(35.25,32.,0.));
#832 = LINE('',#833,#834);
#833 = CARTESIAN_POINT('',(35.25,-34.,0.));
#834 = VECTOR('',#835,1.);
#835 = DIRECTION('',(0.,1.,0.));
#836 = ORIENTED_EDGE('',*,*,#837,.T.);
#837 = EDGE_CURVE('',#830,#838,#840,.T.);
#838 = VERTEX_POINT('',#839);
#839 = CARTESIAN_POINT('',(33.25,34.,0.));
#840 = CIRCLE('',#841,2.);
#841 = AXIS2_PLACEMENT_3D('',#842,#843,#844);
#842 = CARTESIAN_POINT('',(33.25,32.,0.));
#843 = DIRECTION('',(-0.,0.,1.));
#844 = DIRECTION('',(0.,-1.,0.));
#845 = ORIENTED_EDGE('',*,*,#846,.T.);
#846 = EDGE_CURVE('',#838,#847,#849,.T.);
#847 = VERTEX_POINT('',#848);
#848 = CARTESIAN_POINT('',(-33.25,34.,0.));
#849 = LINE('',#850,#851);
#850 = CARTESIAN_POINT('',(35.25,34.,0.));
#851 = VECTOR('',#852,1.);
#852 = DIRECTION('',(-1.,0.,0.));
#853 = ORIENTED_EDGE('',*,*,#854,.F.);
#854 = EDGE_CURVE('',#428,#847,#855,.T.);
#855 = CIRCLE('',#856,2.);
#856 = AXIS2_PLACEMENT_3D('',#857,#858,#859);
#857 = CARTESIAN_POINT('',(-33.25,32.,0.));
#858 = DIRECTION('',(-0.,-0.,-1.));
#859 = DIRECTION('',(0.,-1.,0.));
#860 = ORIENTED_EDGE('',*,*,#469,.T.);
#861 = PLANE('',#862);
#862 = AXIS2_PLACEMENT_3D('',#863,#864,#865);
#863 = CARTESIAN_POINT('',(0.,0.,0.));
#864 = DIRECTION('',(0.,0.,1.));
#865 = DIRECTION('',(1.,0.,0.));
#866 = ADVANCED_FACE('',(#867),#878,.F.);
#867 = FACE_BOUND('',#868,.T.);
#868 = EDGE_LOOP('',(#869,#870,#871,#872));
#869 = ORIENTED_EDGE('',*,*,#820,.T.);
#870 = ORIENTED_EDGE('',*,*,#195,.T.);
#871 = ORIENTED_EDGE('',*,*,#584,.F.);
#872 = ORIENTED_EDGE('',*,*,#873,.F.);
#873 = EDGE_CURVE('',#813,#585,#874,.T.);
#874 = LINE('',#875,#876);
#875 = CARTESIAN_POINT('',(29.75,31.5,0.));
#876 = VECTOR('',#877,1.);
#877 = DIRECTION('',(0.,0.,1.));
#878 = CYLINDRICAL_SURFACE('',#879,3.);
#879 = AXIS2_PLACEMENT_3D('',#880,#881,#882);
#880 = CARTESIAN_POINT('',(29.75,28.5,0.));
#881 = DIRECTION('',(0.,0.,1.));
#882 = DIRECTION('',(0.,1.,0.));
#883 = ADVANCED_FACE('',(#884),#942,.T.);
#884 = FACE_BOUND('',#885,.F.);
#885 = EDGE_LOOP('',(#886,#887,#906,#914,#933,#939,#940,#941));
#886 = ORIENTED_EDGE('',*,*,#306,.F.);
#887 = ORIENTED_EDGE('',*,*,#888,.T.);
#888 = EDGE_CURVE('',#299,#889,#891,.T.);
#889 = VERTEX_POINT('',#890);
#890 = CARTESIAN_POINT('',(32.25,-31.,16.84));
#891 = ( BOUNDED_CURVE() B_SPLINE_CURVE(13,(#892,#893,#894,#895,#896,
    #897,#898,#899,#900,#901,#902,#903,#904,#905),.UNSPECIFIED.,.F.,.F.)
 B_SPLINE_CURVE_WITH_KNOTS((14,14),(13.84,19.570296683556),
.PIECEWISE_BEZIER_KNOTS.) CURVE() GEOMETRIC_REPRESENTATION_ITEM() 
RATIONAL_B_SPLINE_CURVE((1.,1.,1.000000000001,0.999999999997,
    1.000000000007,0.99999999999,1.000000000012,0.999999999988,
    1.000000000009,0.999999999994,1.000000000003,0.999999999999,1.,1.)) 
REPRESENTATION_ITEM('') );
#892 = CARTESIAN_POINT('',(35.25,-32.,13.84));
#893 = CARTESIAN_POINT('',(35.25,-32.,13.96082993353));
#894 = CARTESIAN_POINT('',(35.245269459884,-31.98463882049,
    14.081632759704));
#895 = CARTESIAN_POINT('',(35.23024695427,-31.94945444434,
    14.219315783587));
#896 = CARTESIAN_POINT('',(35.229139894494,-31.92168684889,
    14.378484867827));
#897 = CARTESIAN_POINT('',(35.150171600111,-31.85837662642,
    14.641627755775));
#898 = CARTESIAN_POINT('',(35.152489565708,-31.86256229316,
    14.818643888894));
#899 = CARTESIAN_POINT('',(34.991720735034,-31.90021473118,
    15.489335294033));
#900 = CARTESIAN_POINT('',(34.682491262991,-31.76315871788,
    15.761183402941));
#901 = CARTESIAN_POINT('',(34.323586060679,-31.69093757314,
    16.231918542257));
#902 = CARTESIAN_POINT('',(33.851502656388,-31.5285901061,
    16.513950823304));
#903 = CARTESIAN_POINT('',(33.337825288151,-31.36297899132,
    16.733980437469));
#904 = CARTESIAN_POINT('',(32.793734700889,-31.18124490029,16.84));
#905 = CARTESIAN_POINT('',(32.25,-31.,16.84));
#906 = ORIENTED_EDGE('',*,*,#907,.T.);
#907 = EDGE_CURVE('',#889,#908,#910,.T.);
#908 = VERTEX_POINT('',#909);
#909 = CARTESIAN_POINT('',(32.25,31.,16.84));
#910 = LINE('',#911,#912);
#911 = CARTESIAN_POINT('',(32.25,-34.,16.84));
#912 = VECTOR('',#913,1.);
#913 = DIRECTION('',(0.,1.,0.));
#914 = ORIENTED_EDGE('',*,*,#915,.F.);
#915 = EDGE_CURVE('',#916,#908,#918,.T.);
#916 = VERTEX_POINT('',#917);
#917 = CARTESIAN_POINT('',(35.25,32.,13.84));
#918 = ( BOUNDED_CURVE() B_SPLINE_CURVE(13,(#919,#920,#921,#922,#923,
    #924,#925,#926,#927,#928,#929,#930,#931,#932),.UNSPECIFIED.,.F.,.F.)
 B_SPLINE_CURVE_WITH_KNOTS((14,14),(13.84,19.570296683556),
.PIECEWISE_BEZIER_KNOTS.) CURVE() GEOMETRIC_REPRESENTATION_ITEM() 
RATIONAL_B_SPLINE_CURVE((1.,1.,1.000000000002,0.999999999994,
    1.000000000012,0.999999999982,1.000000000022,0.999999999979,
    1.000000000016,0.99999999999,1.000000000005,0.999999999998,1.,1.)) 
REPRESENTATION_ITEM('') );
#919 = CARTESIAN_POINT('',(35.25,32.,13.84));
#920 = CARTESIAN_POINT('',(35.25,32.,13.96082993353));
#921 = CARTESIAN_POINT('',(35.245269459884,31.984638820498,
    14.081632759705));
#922 = CARTESIAN_POINT('',(35.230246954271,31.949454444344,
    14.219315783586));
#923 = CARTESIAN_POINT('',(35.229139894493,31.921686848888,
    14.378484867829));
#924 = CARTESIAN_POINT('',(35.150171600112,31.858376626427,
    14.641627755774));
#925 = CARTESIAN_POINT('',(35.152489565705,31.862562293166,
    14.818643888895));
#926 = CARTESIAN_POINT('',(34.991720735037,31.900214731186,
    15.489335294038));
#927 = CARTESIAN_POINT('',(34.682491262989,31.763158717883,
    15.761183402935));
#928 = CARTESIAN_POINT('',(34.323586060679,31.690937573146,
    16.231918542263));
#929 = CARTESIAN_POINT('',(33.851502656389,31.528590106107,16.5139508233
    ));
#930 = CARTESIAN_POINT('',(33.33782528815,31.362978991326,16.73398043747
    ));
#931 = CARTESIAN_POINT('',(32.793734700889,31.181244900296,
    16.839999999999));
#932 = CARTESIAN_POINT('',(32.25,31.,16.84));
#933 = ORIENTED_EDGE('',*,*,#934,.F.);
#934 = EDGE_CURVE('',#766,#916,#935,.T.);
#935 = LINE('',#936,#937);
#936 = CARTESIAN_POINT('',(35.25,-34.,13.84));
#937 = VECTOR('',#938,1.);
#938 = DIRECTION('',(0.,1.,0.));
#939 = ORIENTED_EDGE('',*,*,#781,.F.);
#940 = ORIENTED_EDGE('',*,*,#739,.F.);
#941 = ORIENTED_EDGE('',*,*,#713,.T.);
#942 = CYLINDRICAL_SURFACE('',#943,3.);
#943 = AXIS2_PLACEMENT_3D('',#944,#945,#946);
#944 = CARTESIAN_POINT('',(32.25,-34.,13.84));
#945 = DIRECTION('',(0.,1.,0.));
#946 = DIRECTION('',(1.,0.,0.));
#947 = ADVANCED_FACE('',(#948),#969,.T.);
#948 = FACE_BOUND('',#949,.T.);
#949 = EDGE_LOOP('',(#950,#951,#952));
#950 = ORIENTED_EDGE('',*,*,#355,.T.);
#951 = ORIENTED_EDGE('',*,*,#888,.T.);
#952 = ORIENTED_EDGE('',*,*,#953,.F.);
#953 = EDGE_CURVE('',#356,#889,#954,.T.);
#954 = ( BOUNDED_CURVE() B_SPLINE_CURVE(13,(#955,#956,#957,#958,#959,
    #960,#961,#962,#963,#964,#965,#966,#967,#968),.UNSPECIFIED.,.F.,.F.)
 B_SPLINE_CURVE_WITH_KNOTS((14,14),(13.84,19.570296683556),
.PIECEWISE_BEZIER_KNOTS.) CURVE() GEOMETRIC_REPRESENTATION_ITEM() 
RATIONAL_B_SPLINE_CURVE((1.,1.,1.000000000001,0.999999999997,
    1.000000000007,0.99999999999,1.000000000012,0.999999999988,
    1.000000000009,0.999999999994,1.000000000003,0.999999999999,1.,1.)) 
REPRESENTATION_ITEM('') );
#955 = CARTESIAN_POINT('',(33.25,-34.,13.84));
#956 = CARTESIAN_POINT('',(33.25,-34.,13.96082993353));
#957 = CARTESIAN_POINT('',(33.234638820499,-33.99526945988,
    14.081632759704));
#958 = CARTESIAN_POINT('',(33.199454444344,-33.98024695426,
    14.219315783588));
#959 = CARTESIAN_POINT('',(33.171686848887,-33.97913989449,
    14.378484867826));
#960 = CARTESIAN_POINT('',(33.108376626431,-33.9001716001,
    14.641627755778));
#961 = CARTESIAN_POINT('',(33.112562293161,-33.90248956571,
    14.818643888891));
#962 = CARTESIAN_POINT('',(33.150214731191,-33.74172073502,
    15.489335294036));
#963 = CARTESIAN_POINT('',(33.013158717879,-33.43249126299,
    15.761183402939));
#964 = CARTESIAN_POINT('',(32.940937573148,-33.07358606067,
    16.231918542258));
#965 = CARTESIAN_POINT('',(32.778590106106,-32.60150265638,
    16.513950823303));
#966 = CARTESIAN_POINT('',(32.612978991327,-32.08782528815,
    16.733980437469));
#967 = CARTESIAN_POINT('',(32.431244900296,-31.54373470088,16.84));
#968 = CARTESIAN_POINT('',(32.25,-31.,16.84));
#969 = ( BOUNDED_SURFACE() B_SPLINE_SURFACE(2,13,(
    (#970,#971,#972,#973,#974,#975,#976,#977,#978,#979,#980,#981,#982
      ,#983)
    ,(#984,#985,#986,#987,#988,#989,#990,#991,#992,#993,#994,#995,#996
      ,#997)
    ,(#998,#999,#1000,#1001,#1002,#1003,#1004,#1005,#1006,#1007,#1008
      ,#1009,#1010,#1011
)),.UNSPECIFIED.,.F.,.F.,.F.) B_SPLINE_SURFACE_WITH_KNOTS((3,3),(14,14),
  (0.,5.730296683556),(13.84,19.570296683556),.PIECEWISE_BEZIER_KNOTS.) 
GEOMETRIC_REPRESENTATION_ITEM() RATIONAL_B_SPLINE_SURFACE((
    (1.,1.,1.000000000001,0.999999999997,1.000000000007,0.99999999999
      ,1.000000000012,0.999999999988,1.000000000009,0.999999999994
      ,1.000000000003,0.999999999999,1.,1.)
    ,(0.707106781187,0.707106781186,0.703336884579,0.696494532548
      ,0.684596629415,0.699821353911,0.669842276507,0.801289511587
      ,0.815771065081,0.902475224229,0.944904297569,0.982425213893
      ,0.99999999809,1.)
    ,(1.,1.,1.000000000001,0.999999999997,1.000000000007,0.99999999999
      ,1.000000000012,0.999999999988,1.000000000009,0.999999999994
,1.000000000003,0.999999999999,1.,1.
  ))) REPRESENTATION_ITEM('') SURFACE() );
#970 = CARTESIAN_POINT('',(33.25,-34.,13.84));
#971 = CARTESIAN_POINT('',(33.25,-34.,13.96082993353));
#972 = CARTESIAN_POINT('',(33.234638820499,-33.99526945988,
    14.081632759704));
#973 = CARTESIAN_POINT('',(33.199454444344,-33.98024695426,
    14.219315783588));
#974 = CARTESIAN_POINT('',(33.171686848887,-33.97913989449,
    14.378484867826));
#975 = CARTESIAN_POINT('',(33.108376626431,-33.9001716001,
    14.641627755778));
#976 = CARTESIAN_POINT('',(33.112562293161,-33.90248956571,
    14.818643888891));
#977 = CARTESIAN_POINT('',(33.150214731191,-33.74172073502,
    15.489335294036));
#978 = CARTESIAN_POINT('',(33.013158717879,-33.43249126299,
    15.761183402939));
#979 = CARTESIAN_POINT('',(32.940937573148,-33.07358606067,
    16.231918542258));
#980 = CARTESIAN_POINT('',(32.778590106106,-32.60150265638,
    16.513950823303));
#981 = CARTESIAN_POINT('',(32.612978991327,-32.08782528815,
    16.733980437469));
#982 = CARTESIAN_POINT('',(32.431244900296,-31.54373470088,16.84));
#983 = CARTESIAN_POINT('',(32.25,-31.,16.84));
#984 = CARTESIAN_POINT('',(35.25,-34.,13.84));
#985 = CARTESIAN_POINT('',(35.25,-34.,14.202489800592));
#986 = CARTESIAN_POINT('',(35.223454429426,-33.97345442942,
    14.568305417902));
#987 = CARTESIAN_POINT('',(35.169638692426,-33.91963869242,
    14.952486048772));
#988 = CARTESIAN_POINT('',(35.080652266671,-33.83065226668,
    15.343780064379));
#989 = CARTESIAN_POINT('',(34.929162909393,-33.67916290937,
    15.73424724945));
#990 = CARTESIAN_POINT('',(34.742231082562,-33.49223108258,
    16.203791166705));
#991 = CARTESIAN_POINT('',(34.429824309201,-33.17982430917,
    16.119310444318));
#992 = CARTESIAN_POINT('',(34.106270086651,-32.85627008666,
    16.537312349113));
#993 = CARTESIAN_POINT('',(33.751033260233,-32.50103326022,
    16.575292558318));
#994 = CARTESIAN_POINT('',(33.368826291233,-32.11882629123,
    16.735679185933));
#995 = CARTESIAN_POINT('',(32.988358719934,-31.73835871993,
    16.802675322029));
#996 = CARTESIAN_POINT('',(32.612489801285,-31.36248980128,
    16.840000007639));
#997 = CARTESIAN_POINT('',(32.25,-31.,16.84));
#998 = CARTESIAN_POINT('',(35.25,-32.,13.84));
#999 = CARTESIAN_POINT('',(35.25,-32.,13.96082993353));
#1000 = CARTESIAN_POINT('',(35.245269459884,-31.98463882049,
    14.081632759704));
#1001 = CARTESIAN_POINT('',(35.23024695427,-31.94945444434,
    14.219315783587));
#1002 = CARTESIAN_POINT('',(35.229139894494,-31.92168684889,
    14.378484867827));
#1003 = CARTESIAN_POINT('',(35.150171600111,-31.85837662642,
    14.641627755775));
#1004 = CARTESIAN_POINT('',(35.152489565708,-31.86256229316,
    14.818643888894));
#1005 = CARTESIAN_POINT('',(34.991720735034,-31.90021473118,
    15.489335294033));
#1006 = CARTESIAN_POINT('',(34.682491262991,-31.76315871788,
    15.761183402941));
#1007 = CARTESIAN_POINT('',(34.323586060679,-31.69093757314,
    16.231918542257));
#1008 = CARTESIAN_POINT('',(33.851502656388,-31.5285901061,
    16.513950823304));
#1009 = CARTESIAN_POINT('',(33.337825288151,-31.36297899132,
    16.733980437469));
#1010 = CARTESIAN_POINT('',(32.793734700889,-31.18124490029,16.84));
#1011 = CARTESIAN_POINT('',(32.25,-31.,16.84));
#1012 = ADVANCED_FACE('',(#1013),#1042,.T.);
#1013 = FACE_BOUND('',#1014,.F.);
#1014 = EDGE_LOOP('',(#1015,#1016,#1035,#1041));
#1015 = ORIENTED_EDGE('',*,*,#378,.F.);
#1016 = ORIENTED_EDGE('',*,*,#1017,.T.);
#1017 = EDGE_CURVE('',#379,#1018,#1020,.T.);
#1018 = VERTEX_POINT('',#1019);
#1019 = CARTESIAN_POINT('',(-32.25,-31.,16.84));
#1020 = ( BOUNDED_CURVE() B_SPLINE_CURVE(13,(#1021,#1022,#1023,#1024,
    #1025,#1026,#1027,#1028,#1029,#1030,#1031,#1032,#1033,#1034),
.UNSPECIFIED.,.F.,.F.) B_SPLINE_CURVE_WITH_KNOTS((14,14),(13.84,
19.570296683556),.PIECEWISE_BEZIER_KNOTS.) CURVE() 
GEOMETRIC_REPRESENTATION_ITEM() RATIONAL_B_SPLINE_CURVE((1.,1.,
    0.999999999999,1.000000000004,0.999999999992,1.000000000013,
    0.999999999984,1.000000000015,0.999999999988,1.000000000007,
0.999999999996,1.000000000001,1.,1.)) REPRESENTATION_ITEM('') );
#1021 = CARTESIAN_POINT('',(-33.25,-34.,13.84));
#1022 = CARTESIAN_POINT('',(-33.25,-34.,13.960829933531));
#1023 = CARTESIAN_POINT('',(-33.23463882049,-33.99526945988,
    14.081632759702));
#1024 = CARTESIAN_POINT('',(-33.19945444434,-33.98024695426,
    14.219315783594));
#1025 = CARTESIAN_POINT('',(-33.17168684889,-33.9791398945,
    14.378484867817));
#1026 = CARTESIAN_POINT('',(-33.10837662642,-33.9001716001,
    14.641627755783));
#1027 = CARTESIAN_POINT('',(-33.11256229316,-33.90248956571,
    14.81864388889));
#1028 = CARTESIAN_POINT('',(-33.15021473118,-33.74172073503,
    15.489335294019));
#1029 = CARTESIAN_POINT('',(-33.01315871788,-33.43249126298,
    15.761183402958));
#1030 = CARTESIAN_POINT('',(-32.94093757314,-33.07358606068,
    16.23191854224));
#1031 = CARTESIAN_POINT('',(-32.7785901061,-32.60150265638,
    16.513950823313));
#1032 = CARTESIAN_POINT('',(-32.61297899132,-32.08782528815,
    16.733980437465));
#1033 = CARTESIAN_POINT('',(-32.43124490029,-31.54373470088,
    16.840000000001));
#1034 = CARTESIAN_POINT('',(-32.25,-31.,16.84));
#1035 = ORIENTED_EDGE('',*,*,#1036,.T.);
#1036 = EDGE_CURVE('',#1018,#889,#1037,.T.);
#1037 = LINE('',#1038,#1039);
#1038 = CARTESIAN_POINT('',(-35.25,-31.,16.84));
#1039 = VECTOR('',#1040,1.);
#1040 = DIRECTION('',(1.,0.,0.));
#1041 = ORIENTED_EDGE('',*,*,#953,.F.);
#1042 = CYLINDRICAL_SURFACE('',#1043,3.);
#1043 = AXIS2_PLACEMENT_3D('',#1044,#1045,#1046);
#1044 = CARTESIAN_POINT('',(-35.25,-31.,13.84));
#1045 = DIRECTION('',(1.,0.,0.));
#1046 = DIRECTION('',(0.,-1.,0.));
#1047 = ADVANCED_FACE('',(#1048),#1069,.F.);
#1048 = FACE_BOUND('',#1049,.F.);
#1049 = EDGE_LOOP('',(#1050,#1051,#1068));
#1050 = ORIENTED_EDGE('',*,*,#411,.T.);
#1051 = ORIENTED_EDGE('',*,*,#1052,.T.);
#1052 = EDGE_CURVE('',#404,#1018,#1053,.T.);
#1053 = ( BOUNDED_CURVE() B_SPLINE_CURVE(13,(#1054,#1055,#1056,#1057,
    #1058,#1059,#1060,#1061,#1062,#1063,#1064,#1065,#1066,#1067),
.UNSPECIFIED.,.F.,.F.) B_SPLINE_CURVE_WITH_KNOTS((14,14),(13.84,
19.570296683556),.PIECEWISE_BEZIER_KNOTS.) CURVE() 
GEOMETRIC_REPRESENTATION_ITEM() RATIONAL_B_SPLINE_CURVE((1.,1.,
    0.999999999999,1.000000000004,0.999999999992,1.000000000013,
    0.999999999984,1.000000000015,0.999999999988,1.000000000007,
0.999999999996,1.000000000001,1.,1.)) REPRESENTATION_ITEM('') );
#1054 = CARTESIAN_POINT('',(-35.25,-32.,13.84));
#1055 = CARTESIAN_POINT('',(-35.25,-32.,13.960829933531));
#1056 = CARTESIAN_POINT('',(-35.24526945988,-31.98463882049,
    14.081632759701));
#1057 = CARTESIAN_POINT('',(-35.23024695426,-31.94945444434,
    14.219315783594));
#1058 = CARTESIAN_POINT('',(-35.2291398945,-31.92168684888,
    14.378484867816));
#1059 = CARTESIAN_POINT('',(-35.15017160009,-31.85837662643,
    14.641627755786));
#1060 = CARTESIAN_POINT('',(-35.15248956572,-31.86256229315,
    14.818643888887));
#1061 = CARTESIAN_POINT('',(-34.99172073501,-31.90021473119,
    15.489335294022));
#1062 = CARTESIAN_POINT('',(-34.68249126299,-31.76315871786,
    15.761183402955));
#1063 = CARTESIAN_POINT('',(-34.32358606068,-31.69093757315,
    16.231918542241));
#1064 = CARTESIAN_POINT('',(-33.85150265638,-31.5285901061,
    16.513950823313));
#1065 = CARTESIAN_POINT('',(-33.33782528815,-31.36297899132,
    16.733980437465));
#1066 = CARTESIAN_POINT('',(-32.79373470088,-31.18124490029,16.84));
#1067 = CARTESIAN_POINT('',(-32.25,-31.,16.84));
#1068 = ORIENTED_EDGE('',*,*,#1017,.F.);
#1069 = ( BOUNDED_SURFACE() B_SPLINE_SURFACE(2,13,(
    (#1070,#1071,#1072,#1073,#1074,#1075,#1076,#1077,#1078,#1079,#1080
      ,#1081,#1082,#1083)
    ,(#1084,#1085,#1086,#1087,#1088,#1089,#1090,#1091,#1092,#1093,#1094
      ,#1095,#1096,#1097)
    ,(#1098,#1099,#1100,#1101,#1102,#1103,#1104,#1105,#1106,#1107,#1108
      ,#1109,#1110,#1111
)),.UNSPECIFIED.,.F.,.F.,.F.) B_SPLINE_SURFACE_WITH_KNOTS((3,3),(14,14),
  (0.,5.730296683556),(13.84,19.570296683556),.PIECEWISE_BEZIER_KNOTS.) 
GEOMETRIC_REPRESENTATION_ITEM() RATIONAL_B_SPLINE_SURFACE((
    (1.,1.,0.999999999999,1.000000000004,0.999999999992,1.000000000013
      ,0.999999999984,1.000000000015,0.999999999988,1.000000000007
      ,0.999999999996,1.000000000001,1.,1.)
    ,(0.707106781187,0.707106781187,0.703336885691,0.696494524653
      ,0.684596657845,0.69982128772,0.669842385108,0.801289381262
      ,0.815771180928,0.902475148402,0.944904333113,0.982425202754,1.,1.
      )
    ,(1.,1.,0.999999999999,1.000000000004,0.999999999992,1.000000000013
      ,0.999999999984,1.000000000015,0.999999999988,1.000000000007
,0.999999999996,1.000000000001,1.,1.
  ))) REPRESENTATION_ITEM('') SURFACE() );
#1070 = CARTESIAN_POINT('',(-33.25,-34.,13.84));
#1071 = CARTESIAN_POINT('',(-33.25,-34.,13.960829933531));
#1072 = CARTESIAN_POINT('',(-33.23463882049,-33.99526945988,
    14.081632759702));
#1073 = CARTESIAN_POINT('',(-33.19945444434,-33.98024695426,
    14.219315783594));
#1074 = CARTESIAN_POINT('',(-33.17168684889,-33.9791398945,
    14.378484867817));
#1075 = CARTESIAN_POINT('',(-33.10837662642,-33.9001716001,
    14.641627755783));
#1076 = CARTESIAN_POINT('',(-33.11256229316,-33.90248956571,
    14.81864388889));
#1077 = CARTESIAN_POINT('',(-33.15021473118,-33.74172073503,
    15.489335294019));
#1078 = CARTESIAN_POINT('',(-33.01315871788,-33.43249126298,
    15.761183402958));
#1079 = CARTESIAN_POINT('',(-32.94093757314,-33.07358606068,
    16.23191854224));
#1080 = CARTESIAN_POINT('',(-32.7785901061,-32.60150265638,
    16.513950823313));
#1081 = CARTESIAN_POINT('',(-32.61297899132,-32.08782528815,
    16.733980437465));
#1082 = CARTESIAN_POINT('',(-32.43124490029,-31.54373470088,
    16.840000000001));
#1083 = CARTESIAN_POINT('',(-32.25,-31.,16.84));
#1084 = CARTESIAN_POINT('',(-35.25,-34.,13.84));
#1085 = CARTESIAN_POINT('',(-35.25,-34.,14.202489800593));
#1086 = CARTESIAN_POINT('',(-35.22345442471,-33.97345442471,
    14.568305415162));
#1087 = CARTESIAN_POINT('',(-35.16963872553,-33.91963872553,
    14.952486072736));
#1088 = CARTESIAN_POINT('',(-35.0806521491,-33.83065214909,
    15.343779960369));
#1089 = CARTESIAN_POINT('',(-34.92916316282,-33.67916316284,
    15.734247523248));
#1090 = CARTESIAN_POINT('',(-34.74223067847,-33.49223067844,
    16.203790621275));
#1091 = CARTESIAN_POINT('',(-34.42982466375,-33.17982466378,
    16.119310977727));
#1092 = CARTESIAN_POINT('',(-34.10626982303,-32.85626982301,
    16.537311824028));
#1093 = CARTESIAN_POINT('',(-33.75103338636,-32.50103338637,
    16.575292872183));
#1094 = CARTESIAN_POINT('',(-33.36882624914,-32.11882624913,
    16.735679039383));
#1095 = CARTESIAN_POINT('',(-32.9883587283,-31.7383587283,
    16.802675366962));
#1096 = CARTESIAN_POINT('',(-32.61248980059,-31.36248980059,16.84));
#1097 = CARTESIAN_POINT('',(-32.25,-31.,16.84));
#1098 = CARTESIAN_POINT('',(-35.25,-32.,13.84));
#1099 = CARTESIAN_POINT('',(-35.25,-32.,13.960829933531));
#1100 = CARTESIAN_POINT('',(-35.24526945988,-31.98463882049,
    14.081632759701));
#1101 = CARTESIAN_POINT('',(-35.23024695426,-31.94945444434,
    14.219315783594));
#1102 = CARTESIAN_POINT('',(-35.2291398945,-31.92168684888,
    14.378484867816));
#1103 = CARTESIAN_POINT('',(-35.15017160009,-31.85837662643,
    14.641627755786));
#1104 = CARTESIAN_POINT('',(-35.15248956572,-31.86256229315,
    14.818643888887));
#1105 = CARTESIAN_POINT('',(-34.99172073501,-31.90021473119,
    15.489335294022));
#1106 = CARTESIAN_POINT('',(-34.68249126299,-31.76315871786,
    15.761183402955));
#1107 = CARTESIAN_POINT('',(-34.32358606068,-31.69093757315,
    16.231918542241));
#1108 = CARTESIAN_POINT('',(-33.85150265638,-31.5285901061,
    16.513950823313));
#1109 = CARTESIAN_POINT('',(-33.33782528815,-31.36297899132,
    16.733980437465));
#1110 = CARTESIAN_POINT('',(-32.79373470088,-31.18124490029,16.84));
#1111 = CARTESIAN_POINT('',(-32.25,-31.,16.84));
#1112 = ADVANCED_FACE('',(#1113),#1132,.T.);
#1113 = FACE_BOUND('',#1114,.F.);
#1114 = EDGE_LOOP('',(#1115,#1116,#1124,#1131));
#1115 = ORIENTED_EDGE('',*,*,#854,.T.);
#1116 = ORIENTED_EDGE('',*,*,#1117,.T.);
#1117 = EDGE_CURVE('',#847,#1118,#1120,.T.);
#1118 = VERTEX_POINT('',#1119);
#1119 = CARTESIAN_POINT('',(-33.25,34.,13.84));
#1120 = LINE('',#1121,#1122);
#1121 = CARTESIAN_POINT('',(-33.25,34.,0.));
#1122 = VECTOR('',#1123,1.);
#1123 = DIRECTION('',(0.,0.,1.));
#1124 = ORIENTED_EDGE('',*,*,#1125,.F.);
#1125 = EDGE_CURVE('',#430,#1118,#1126,.T.);
#1126 = CIRCLE('',#1127,2.);
#1127 = AXIS2_PLACEMENT_3D('',#1128,#1129,#1130);
#1128 = CARTESIAN_POINT('',(-33.25,32.,13.84));
#1129 = DIRECTION('',(0.,0.,-1.));
#1130 = DIRECTION('',(-1.,0.,0.));
#1131 = ORIENTED_EDGE('',*,*,#427,.F.);
#1132 = CYLINDRICAL_SURFACE('',#1133,2.);
#1133 = AXIS2_PLACEMENT_3D('',#1134,#1135,#1136);
#1134 = CARTESIAN_POINT('',(-33.25,32.,0.));
#1135 = DIRECTION('',(0.,0.,1.));
#1136 = DIRECTION('',(-1.,0.,0.));
#1137 = ADVANCED_FACE('',(#1138),#1149,.F.);
#1138 = FACE_BOUND('',#1139,.F.);
#1139 = EDGE_LOOP('',(#1140,#1141,#1147,#1148));
#1140 = ORIENTED_EDGE('',*,*,#461,.F.);
#1141 = ORIENTED_EDGE('',*,*,#1142,.T.);
#1142 = EDGE_CURVE('',#454,#542,#1143,.T.);
#1143 = LINE('',#1144,#1145);
#1144 = CARTESIAN_POINT('',(-35.25,-10.62,5.));
#1145 = VECTOR('',#1146,1.);
#1146 = DIRECTION('',(1.,0.,0.));
#1147 = ORIENTED_EDGE('',*,*,#549,.F.);
#1148 = ORIENTED_EDGE('',*,*,#796,.F.);
#1149 = PLANE('',#1150);
#1150 = AXIS2_PLACEMENT_3D('',#1151,#1152,#1153);
#1151 = CARTESIAN_POINT('',(-35.25,-10.62,5.));
#1152 = DIRECTION('',(0.,1.,0.));
#1153 = DIRECTION('',(0.,0.,-1.));
#1154 = ADVANCED_FACE('',(#1155),#1161,.F.);
#1155 = FACE_BOUND('',#1156,.F.);
#1156 = EDGE_LOOP('',(#1157,#1158,#1159,#1160));
#1157 = ORIENTED_EDGE('',*,*,#453,.F.);
#1158 = ORIENTED_EDGE('',*,*,#493,.T.);
#1159 = ORIENTED_EDGE('',*,*,#541,.F.);
#1160 = ORIENTED_EDGE('',*,*,#1142,.F.);
#1161 = PLANE('',#1162);
#1162 = AXIS2_PLACEMENT_3D('',#1163,#1164,#1165);
#1163 = CARTESIAN_POINT('',(-35.25,-20.62,5.));
#1164 = DIRECTION('',(0.,0.,1.));
#1165 = DIRECTION('',(0.,1.,0.));
#1166 = ADVANCED_FACE('',(#1167),#1196,.T.);
#1167 = FACE_BOUND('',#1168,.F.);
#1168 = EDGE_LOOP('',(#1169,#1170,#1189,#1195));
#1169 = ORIENTED_EDGE('',*,*,#437,.F.);
#1170 = ORIENTED_EDGE('',*,*,#1171,.T.);
#1171 = EDGE_CURVE('',#430,#1172,#1174,.T.);
#1172 = VERTEX_POINT('',#1173);
#1173 = CARTESIAN_POINT('',(-32.25,31.,16.84));
#1174 = ( BOUNDED_CURVE() B_SPLINE_CURVE(13,(#1175,#1176,#1177,#1178,
    #1179,#1180,#1181,#1182,#1183,#1184,#1185,#1186,#1187,#1188),
.UNSPECIFIED.,.F.,.F.) B_SPLINE_CURVE_WITH_KNOTS((14,14),(13.84,
19.570296683556),.PIECEWISE_BEZIER_KNOTS.) CURVE() 
GEOMETRIC_REPRESENTATION_ITEM() RATIONAL_B_SPLINE_CURVE((1.,1.,
    1.000000000002,0.999999999994,1.000000000012,0.999999999982,
    1.000000000022,0.999999999979,1.000000000016,0.99999999999,
1.000000000005,0.999999999998,1.,1.)) REPRESENTATION_ITEM('') );
#1175 = CARTESIAN_POINT('',(-35.25,32.,13.84));
#1176 = CARTESIAN_POINT('',(-35.25,32.,13.96082993353));
#1177 = CARTESIAN_POINT('',(-35.24526945988,31.984638820498,
    14.081632759705));
#1178 = CARTESIAN_POINT('',(-35.23024695427,31.949454444344,
    14.219315783586));
#1179 = CARTESIAN_POINT('',(-35.22913989449,31.921686848888,
    14.378484867828));
#1180 = CARTESIAN_POINT('',(-35.1501716001,31.858376626429,
    14.641627755775));
#1181 = CARTESIAN_POINT('',(-35.15248956571,31.862562293163,
    14.818643888893));
#1182 = CARTESIAN_POINT('',(-34.99172073503,31.900214731189,
    15.489335294041));
#1183 = CARTESIAN_POINT('',(-34.68249126299,31.763158717881,
    15.761183402934));
#1184 = CARTESIAN_POINT('',(-34.32358606067,31.690937573147,
    16.231918542263));
#1185 = CARTESIAN_POINT('',(-33.85150265639,31.528590106106,
    16.5139508233));
#1186 = CARTESIAN_POINT('',(-33.33782528815,31.362978991326,
    16.73398043747));
#1187 = CARTESIAN_POINT('',(-32.79373470088,31.181244900296,
    16.839999999999));
#1188 = CARTESIAN_POINT('',(-32.25,31.,16.84));
#1189 = ORIENTED_EDGE('',*,*,#1190,.T.);
#1190 = EDGE_CURVE('',#1172,#1018,#1191,.T.);
#1191 = LINE('',#1192,#1193);
#1192 = CARTESIAN_POINT('',(-32.25,34.,16.84));
#1193 = VECTOR('',#1194,1.);
#1194 = DIRECTION('',(0.,-1.,0.));
#1195 = ORIENTED_EDGE('',*,*,#1052,.F.);
#1196 = CYLINDRICAL_SURFACE('',#1197,3.);
#1197 = AXIS2_PLACEMENT_3D('',#1198,#1199,#1200);
#1198 = CARTESIAN_POINT('',(-32.25,34.,13.84));
#1199 = DIRECTION('',(0.,-1.,0.));
#1200 = DIRECTION('',(-1.,0.,0.));
#1201 = ADVANCED_FACE('',(#1202),#1213,.F.);
#1202 = FACE_BOUND('',#1203,.T.);
#1203 = EDGE_LOOP('',(#1204,#1205,#1211,#1212));
#1204 = ORIENTED_EDGE('',*,*,#803,.T.);
#1205 = ORIENTED_EDGE('',*,*,#1206,.T.);
#1206 = EDGE_CURVE('',#804,#594,#1207,.T.);
#1207 = LINE('',#1208,#1209);
#1208 = CARTESIAN_POINT('',(-29.75,31.5,0.));
#1209 = VECTOR('',#1210,1.);
#1210 = DIRECTION('',(0.,0.,1.));
#1211 = ORIENTED_EDGE('',*,*,#601,.F.);
#1212 = ORIENTED_EDGE('',*,*,#517,.F.);
#1213 = CYLINDRICAL_SURFACE('',#1214,3.);
#1214 = AXIS2_PLACEMENT_3D('',#1215,#1216,#1217);
#1215 = CARTESIAN_POINT('',(-29.75,28.5,0.));
#1216 = DIRECTION('',(0.,0.,1.));
#1217 = DIRECTION('',(-1.,0.,0.));
#1218 = ADVANCED_FACE('',(#1219,#1225,#1259,#1293,#1327,#1361,#1395),
  #1429,.T.);
#1219 = FACE_BOUND('',#1220,.T.);
#1220 = EDGE_LOOP('',(#1221,#1222,#1223,#1224));
#1221 = ORIENTED_EDGE('',*,*,#812,.F.);
#1222 = ORIENTED_EDGE('',*,*,#873,.T.);
#1223 = ORIENTED_EDGE('',*,*,#593,.T.);
#1224 = ORIENTED_EDGE('',*,*,#1206,.F.);
#1225 = FACE_BOUND('',#1226,.T.);
#1226 = EDGE_LOOP('',(#1227,#1237,#1245,#1253));
#1227 = ORIENTED_EDGE('',*,*,#1228,.F.);
#1228 = EDGE_CURVE('',#1229,#1231,#1233,.T.);
#1229 = VERTEX_POINT('',#1230);
#1230 = CARTESIAN_POINT('',(22.,31.5,1.75));
#1231 = VERTEX_POINT('',#1232);
#1232 = CARTESIAN_POINT('',(22.,31.5,11.75));
#1233 = LINE('',#1234,#1235);
#1234 = CARTESIAN_POINT('',(22.,31.5,5.875));
#1235 = VECTOR('',#1236,1.);
#1236 = DIRECTION('',(0.,0.,1.));
#1237 = ORIENTED_EDGE('',*,*,#1238,.F.);
#1238 = EDGE_CURVE('',#1239,#1229,#1241,.T.);
#1239 = VERTEX_POINT('',#1240);
#1240 = CARTESIAN_POINT('',(21.,31.5,1.75));
#1241 = LINE('',#1242,#1243);
#1242 = CARTESIAN_POINT('',(28.625,31.5,1.75));
#1243 = VECTOR('',#1244,1.);
#1244 = DIRECTION('',(1.,0.,0.));
#1245 = ORIENTED_EDGE('',*,*,#1246,.F.);
#1246 = EDGE_CURVE('',#1247,#1239,#1249,.T.);
#1247 = VERTEX_POINT('',#1248);
#1248 = CARTESIAN_POINT('',(21.,31.5,11.75));
#1249 = LINE('',#1250,#1251);
#1250 = CARTESIAN_POINT('',(21.,31.5,0.875));
#1251 = VECTOR('',#1252,1.);
#1252 = DIRECTION('',(-0.,-0.,-1.));
#1253 = ORIENTED_EDGE('',*,*,#1254,.F.);
#1254 = EDGE_CURVE('',#1231,#1247,#1255,.T.);
#1255 = LINE('',#1256,#1257);
#1256 = CARTESIAN_POINT('',(28.125,31.5,11.75));
#1257 = VECTOR('',#1258,1.);
#1258 = DIRECTION('',(-1.,0.,0.));
#1259 = FACE_BOUND('',#1260,.T.);
#1260 = EDGE_LOOP('',(#1261,#1271,#1279,#1287));
#1261 = ORIENTED_EDGE('',*,*,#1262,.F.);
#1262 = EDGE_CURVE('',#1263,#1265,#1267,.T.);
#1263 = VERTEX_POINT('',#1264);
#1264 = CARTESIAN_POINT('',(16.8,31.5,1.75));
#1265 = VERTEX_POINT('',#1266);
#1266 = CARTESIAN_POINT('',(16.8,31.5,11.75));
#1267 = LINE('',#1268,#1269);
#1268 = CARTESIAN_POINT('',(16.8,31.5,5.875));
#1269 = VECTOR('',#1270,1.);
#1270 = DIRECTION('',(-0.,0.,1.));
#1271 = ORIENTED_EDGE('',*,*,#1272,.F.);
#1272 = EDGE_CURVE('',#1273,#1263,#1275,.T.);
#1273 = VERTEX_POINT('',#1274);
#1274 = CARTESIAN_POINT('',(15.8,31.5,1.75));
#1275 = LINE('',#1276,#1277);
#1276 = CARTESIAN_POINT('',(26.025,31.5,1.75));
#1277 = VECTOR('',#1278,1.);
#1278 = DIRECTION('',(1.,0.,-0.));
#1279 = ORIENTED_EDGE('',*,*,#1280,.F.);
#1280 = EDGE_CURVE('',#1281,#1273,#1283,.T.);
#1281 = VERTEX_POINT('',#1282);
#1282 = CARTESIAN_POINT('',(15.8,31.5,11.75));
#1283 = LINE('',#1284,#1285);
#1284 = CARTESIAN_POINT('',(15.8,31.5,0.875));
#1285 = VECTOR('',#1286,1.);
#1286 = DIRECTION('',(-0.,-0.,-1.));
#1287 = ORIENTED_EDGE('',*,*,#1288,.F.);
#1288 = EDGE_CURVE('',#1265,#1281,#1289,.T.);
#1289 = LINE('',#1290,#1291);
#1290 = CARTESIAN_POINT('',(25.525,31.5,11.75));
#1291 = VECTOR('',#1292,1.);
#1292 = DIRECTION('',(-1.,0.,0.));
#1293 = FACE_BOUND('',#1294,.T.);
#1294 = EDGE_LOOP('',(#1295,#1305,#1313,#1321));
#1295 = ORIENTED_EDGE('',*,*,#1296,.F.);
#1296 = EDGE_CURVE('',#1297,#1299,#1301,.T.);
#1297 = VERTEX_POINT('',#1298);
#1298 = CARTESIAN_POINT('',(11.6,31.5,1.75));
#1299 = VERTEX_POINT('',#1300);
#1300 = CARTESIAN_POINT('',(11.6,31.5,11.75));
#1301 = LINE('',#1302,#1303);
#1302 = CARTESIAN_POINT('',(11.6,31.5,5.875));
#1303 = VECTOR('',#1304,1.);
#1304 = DIRECTION('',(-0.,0.,1.));
#1305 = ORIENTED_EDGE('',*,*,#1306,.F.);
#1306 = EDGE_CURVE('',#1307,#1297,#1309,.T.);
#1307 = VERTEX_POINT('',#1308);
#1308 = CARTESIAN_POINT('',(10.6,31.5,1.75));
#1309 = LINE('',#1310,#1311);
#1310 = CARTESIAN_POINT('',(23.425,31.5,1.75));
#1311 = VECTOR('',#1312,1.);
#1312 = DIRECTION('',(1.,0.,-0.));
#1313 = ORIENTED_EDGE('',*,*,#1314,.F.);
#1314 = EDGE_CURVE('',#1315,#1307,#1317,.T.);
#1315 = VERTEX_POINT('',#1316);
#1316 = CARTESIAN_POINT('',(10.6,31.5,11.75));
#1317 = LINE('',#1318,#1319);
#1318 = CARTESIAN_POINT('',(10.6,31.5,0.875));
#1319 = VECTOR('',#1320,1.);
#1320 = DIRECTION('',(-0.,-0.,-1.));
#1321 = ORIENTED_EDGE('',*,*,#1322,.F.);
#1322 = EDGE_CURVE('',#1299,#1315,#1323,.T.);
#1323 = LINE('',#1324,#1325);
#1324 = CARTESIAN_POINT('',(22.925,31.5,11.75));
#1325 = VECTOR('',#1326,1.);
#1326 = DIRECTION('',(-1.,0.,0.));
#1327 = FACE_BOUND('',#1328,.T.);
#1328 = EDGE_LOOP('',(#1329,#1339,#1347,#1355));
#1329 = ORIENTED_EDGE('',*,*,#1330,.F.);
#1330 = EDGE_CURVE('',#1331,#1333,#1335,.T.);
#1331 = VERTEX_POINT('',#1332);
#1332 = CARTESIAN_POINT('',(6.4,31.5,1.75));
#1333 = VERTEX_POINT('',#1334);
#1334 = CARTESIAN_POINT('',(6.4,31.5,11.75));
#1335 = LINE('',#1336,#1337);
#1336 = CARTESIAN_POINT('',(6.4,31.5,5.875));
#1337 = VECTOR('',#1338,1.);
#1338 = DIRECTION('',(-0.,0.,1.));
#1339 = ORIENTED_EDGE('',*,*,#1340,.F.);
#1340 = EDGE_CURVE('',#1341,#1331,#1343,.T.);
#1341 = VERTEX_POINT('',#1342);
#1342 = CARTESIAN_POINT('',(5.4,31.5,1.75));
#1343 = LINE('',#1344,#1345);
#1344 = CARTESIAN_POINT('',(20.825,31.5,1.75));
#1345 = VECTOR('',#1346,1.);
#1346 = DIRECTION('',(1.,0.,-0.));
#1347 = ORIENTED_EDGE('',*,*,#1348,.F.);
#1348 = EDGE_CURVE('',#1349,#1341,#1351,.T.);
#1349 = VERTEX_POINT('',#1350);
#1350 = CARTESIAN_POINT('',(5.4,31.5,11.75));
#1351 = LINE('',#1352,#1353);
#1352 = CARTESIAN_POINT('',(5.4,31.5,0.875));
#1353 = VECTOR('',#1354,1.);
#1354 = DIRECTION('',(-0.,-0.,-1.));
#1355 = ORIENTED_EDGE('',*,*,#1356,.F.);
#1356 = EDGE_CURVE('',#1333,#1349,#1357,.T.);
#1357 = LINE('',#1358,#1359);
#1358 = CARTESIAN_POINT('',(20.325,31.5,11.75));
#1359 = VECTOR('',#1360,1.);
#1360 = DIRECTION('',(-1.,0.,0.));
#1361 = FACE_BOUND('',#1362,.T.);
#1362 = EDGE_LOOP('',(#1363,#1373,#1381,#1389));
#1363 = ORIENTED_EDGE('',*,*,#1364,.F.);
#1364 = EDGE_CURVE('',#1365,#1367,#1369,.T.);
#1365 = VERTEX_POINT('',#1366);
#1366 = CARTESIAN_POINT('',(1.2,31.5,1.75));
#1367 = VERTEX_POINT('',#1368);
#1368 = CARTESIAN_POINT('',(1.2,31.5,11.75));
#1369 = LINE('',#1370,#1371);
#1370 = CARTESIAN_POINT('',(1.2,31.5,5.875));
#1371 = VECTOR('',#1372,1.);
#1372 = DIRECTION('',(-0.,0.,1.));
#1373 = ORIENTED_EDGE('',*,*,#1374,.F.);
#1374 = EDGE_CURVE('',#1375,#1365,#1377,.T.);
#1375 = VERTEX_POINT('',#1376);
#1376 = CARTESIAN_POINT('',(0.2,31.5,1.75));
#1377 = LINE('',#1378,#1379);
#1378 = CARTESIAN_POINT('',(18.225,31.5,1.75));
#1379 = VECTOR('',#1380,1.);
#1380 = DIRECTION('',(1.,0.,-0.));
#1381 = ORIENTED_EDGE('',*,*,#1382,.F.);
#1382 = EDGE_CURVE('',#1383,#1375,#1385,.T.);
#1383 = VERTEX_POINT('',#1384);
#1384 = CARTESIAN_POINT('',(0.2,31.5,11.75));
#1385 = LINE('',#1386,#1387);
#1386 = CARTESIAN_POINT('',(0.2,31.5,0.875));
#1387 = VECTOR('',#1388,1.);
#1388 = DIRECTION('',(-0.,-0.,-1.));
#1389 = ORIENTED_EDGE('',*,*,#1390,.F.);
#1390 = EDGE_CURVE('',#1367,#1383,#1391,.T.);
#1391 = LINE('',#1392,#1393);
#1392 = CARTESIAN_POINT('',(17.725,31.5,11.75));
#1393 = VECTOR('',#1394,1.);
#1394 = DIRECTION('',(-1.,0.,0.));
#1395 = FACE_BOUND('',#1396,.T.);
#1396 = EDGE_LOOP('',(#1397,#1407,#1415,#1423));
#1397 = ORIENTED_EDGE('',*,*,#1398,.F.);
#1398 = EDGE_CURVE('',#1399,#1401,#1403,.T.);
#1399 = VERTEX_POINT('',#1400);
#1400 = CARTESIAN_POINT('',(-4.,31.5,1.75));
#1401 = VERTEX_POINT('',#1402);
#1402 = CARTESIAN_POINT('',(-4.,31.5,11.75));
#1403 = LINE('',#1404,#1405);
#1404 = CARTESIAN_POINT('',(-4.,31.5,5.875));
#1405 = VECTOR('',#1406,1.);
#1406 = DIRECTION('',(-0.,0.,1.));
#1407 = ORIENTED_EDGE('',*,*,#1408,.F.);
#1408 = EDGE_CURVE('',#1409,#1399,#1411,.T.);
#1409 = VERTEX_POINT('',#1410);
#1410 = CARTESIAN_POINT('',(-5.,31.5,1.75));
#1411 = LINE('',#1412,#1413);
#1412 = CARTESIAN_POINT('',(15.625,31.5,1.75));
#1413 = VECTOR('',#1414,1.);
#1414 = DIRECTION('',(1.,0.,-0.));
#1415 = ORIENTED_EDGE('',*,*,#1416,.F.);
#1416 = EDGE_CURVE('',#1417,#1409,#1419,.T.);
#1417 = VERTEX_POINT('',#1418);
#1418 = CARTESIAN_POINT('',(-5.,31.5,11.75));
#1419 = LINE('',#1420,#1421);
#1420 = CARTESIAN_POINT('',(-5.,31.5,0.875));
#1421 = VECTOR('',#1422,1.);
#1422 = DIRECTION('',(-0.,-0.,-1.));
#1423 = ORIENTED_EDGE('',*,*,#1424,.F.);
#1424 = EDGE_CURVE('',#1401,#1417,#1425,.T.);
#1425 = LINE('',#1426,#1427);
#1426 = CARTESIAN_POINT('',(15.125,31.5,11.75));
#1427 = VECTOR('',#1428,1.);
#1428 = DIRECTION('',(-1.,0.,0.));
#1429 = PLANE('',#1430);
#1430 = AXIS2_PLACEMENT_3D('',#1431,#1432,#1433);
#1431 = CARTESIAN_POINT('',(35.25,31.5,0.));
#1432 = DIRECTION('',(0.,-1.,0.));
#1433 = DIRECTION('',(-1.,0.,0.));
#1434 = ADVANCED_FACE('',(#1435),#1454,.T.);
#1435 = FACE_BOUND('',#1436,.F.);
#1436 = EDGE_LOOP('',(#1437,#1445,#1452,#1453));
#1437 = ORIENTED_EDGE('',*,*,#1438,.T.);
#1438 = EDGE_CURVE('',#613,#1439,#1441,.T.);
#1439 = VERTEX_POINT('',#1440);
#1440 = CARTESIAN_POINT('',(-25.97,-26.42,8.34));
#1441 = LINE('',#1442,#1443);
#1442 = CARTESIAN_POINT('',(-25.97,-26.42,14.34));
#1443 = VECTOR('',#1444,1.);
#1444 = DIRECTION('',(0.,0.,-1.));
#1445 = ORIENTED_EDGE('',*,*,#1446,.T.);
#1446 = EDGE_CURVE('',#1439,#1439,#1447,.T.);
#1447 = CIRCLE('',#1448,3.);
#1448 = AXIS2_PLACEMENT_3D('',#1449,#1450,#1451);
#1449 = CARTESIAN_POINT('',(-28.97,-26.42,8.34));
#1450 = DIRECTION('',(0.,0.,-1.));
#1451 = DIRECTION('',(1.,0.,0.));
#1452 = ORIENTED_EDGE('',*,*,#1438,.F.);
#1453 = ORIENTED_EDGE('',*,*,#612,.F.);
#1454 = CYLINDRICAL_SURFACE('',#1455,3.);
#1455 = AXIS2_PLACEMENT_3D('',#1456,#1457,#1458);
#1456 = CARTESIAN_POINT('',(-28.97,-26.42,14.34));
#1457 = DIRECTION('',(0.,0.,1.));
#1458 = DIRECTION('',(1.,0.,0.));
#1459 = ADVANCED_FACE('',(#1460),#1479,.T.);
#1460 = FACE_BOUND('',#1461,.F.);
#1461 = EDGE_LOOP('',(#1462,#1470,#1477,#1478));
#1462 = ORIENTED_EDGE('',*,*,#1463,.T.);
#1463 = EDGE_CURVE('',#624,#1464,#1466,.T.);
#1464 = VERTEX_POINT('',#1465);
#1465 = CARTESIAN_POINT('',(31.97,-26.42,8.34));
#1466 = LINE('',#1467,#1468);
#1467 = CARTESIAN_POINT('',(31.97,-26.42,14.34));
#1468 = VECTOR('',#1469,1.);
#1469 = DIRECTION('',(0.,0.,-1.));
#1470 = ORIENTED_EDGE('',*,*,#1471,.T.);
#1471 = EDGE_CURVE('',#1464,#1464,#1472,.T.);
#1472 = CIRCLE('',#1473,3.);
#1473 = AXIS2_PLACEMENT_3D('',#1474,#1475,#1476);
#1474 = CARTESIAN_POINT('',(28.97,-26.42,8.34));
#1475 = DIRECTION('',(0.,0.,-1.));
#1476 = DIRECTION('',(1.,0.,0.));
#1477 = ORIENTED_EDGE('',*,*,#1463,.F.);
#1478 = ORIENTED_EDGE('',*,*,#623,.F.);
#1479 = CYLINDRICAL_SURFACE('',#1480,3.);
#1480 = AXIS2_PLACEMENT_3D('',#1481,#1482,#1483);
#1481 = CARTESIAN_POINT('',(28.97,-26.42,14.34));
#1482 = DIRECTION('',(0.,0.,1.));
#1483 = DIRECTION('',(1.,0.,0.));
#1484 = ADVANCED_FACE('',(#1485),#1504,.T.);
#1485 = FACE_BOUND('',#1486,.F.);
#1486 = EDGE_LOOP('',(#1487,#1495,#1502,#1503));
#1487 = ORIENTED_EDGE('',*,*,#1488,.T.);
#1488 = EDGE_CURVE('',#635,#1489,#1491,.T.);
#1489 = VERTEX_POINT('',#1490);
#1490 = CARTESIAN_POINT('',(-25.97,26.42,8.34));
#1491 = LINE('',#1492,#1493);
#1492 = CARTESIAN_POINT('',(-25.97,26.42,14.34));
#1493 = VECTOR('',#1494,1.);
#1494 = DIRECTION('',(0.,0.,-1.));
#1495 = ORIENTED_EDGE('',*,*,#1496,.T.);
#1496 = EDGE_CURVE('',#1489,#1489,#1497,.T.);
#1497 = CIRCLE('',#1498,3.);
#1498 = AXIS2_PLACEMENT_3D('',#1499,#1500,#1501);
#1499 = CARTESIAN_POINT('',(-28.97,26.42,8.34));
#1500 = DIRECTION('',(0.,0.,-1.));
#1501 = DIRECTION('',(1.,0.,0.));
#1502 = ORIENTED_EDGE('',*,*,#1488,.F.);
#1503 = ORIENTED_EDGE('',*,*,#634,.F.);
#1504 = CYLINDRICAL_SURFACE('',#1505,3.);
#1505 = AXIS2_PLACEMENT_3D('',#1506,#1507,#1508);
#1506 = CARTESIAN_POINT('',(-28.97,26.42,14.34));
#1507 = DIRECTION('',(0.,0.,1.));
#1508 = DIRECTION('',(1.,0.,0.));
#1509 = ADVANCED_FACE('',(#1510),#1529,.T.);
#1510 = FACE_BOUND('',#1511,.F.);
#1511 = EDGE_LOOP('',(#1512,#1520,#1527,#1528));
#1512 = ORIENTED_EDGE('',*,*,#1513,.T.);
#1513 = EDGE_CURVE('',#646,#1514,#1516,.T.);
#1514 = VERTEX_POINT('',#1515);
#1515 = CARTESIAN_POINT('',(31.97,26.42,8.34));
#1516 = LINE('',#1517,#1518);
#1517 = CARTESIAN_POINT('',(31.97,26.42,14.34));
#1518 = VECTOR('',#1519,1.);
#1519 = DIRECTION('',(0.,0.,-1.));
#1520 = ORIENTED_EDGE('',*,*,#1521,.T.);
#1521 = EDGE_CURVE('',#1514,#1514,#1522,.T.);
#1522 = CIRCLE('',#1523,3.);
#1523 = AXIS2_PLACEMENT_3D('',#1524,#1525,#1526);
#1524 = CARTESIAN_POINT('',(28.97,26.42,8.34));
#1525 = DIRECTION('',(0.,0.,-1.));
#1526 = DIRECTION('',(1.,0.,0.));
#1527 = ORIENTED_EDGE('',*,*,#1513,.F.);
#1528 = ORIENTED_EDGE('',*,*,#645,.F.);
#1529 = CYLINDRICAL_SURFACE('',#1530,3.);
#1530 = AXIS2_PLACEMENT_3D('',#1531,#1532,#1533);
#1531 = CARTESIAN_POINT('',(28.97,26.42,14.34));
#1532 = DIRECTION('',(0.,0.,1.));
#1533 = DIRECTION('',(1.,0.,0.));
#1534 = ADVANCED_FACE('',(#1535),#1546,.F.);
#1535 = FACE_BOUND('',#1536,.F.);
#1536 = EDGE_LOOP('',(#1537,#1538,#1539,#1545));
#1537 = ORIENTED_EDGE('',*,*,#763,.T.);
#1538 = ORIENTED_EDGE('',*,*,#934,.T.);
#1539 = ORIENTED_EDGE('',*,*,#1540,.F.);
#1540 = EDGE_CURVE('',#830,#916,#1541,.T.);
#1541 = LINE('',#1542,#1543);
#1542 = CARTESIAN_POINT('',(35.25,32.,0.));
#1543 = VECTOR('',#1544,1.);
#1544 = DIRECTION('',(0.,0.,1.));
#1545 = ORIENTED_EDGE('',*,*,#829,.F.);
#1546 = PLANE('',#1547);
#1547 = AXIS2_PLACEMENT_3D('',#1548,#1549,#1550);
#1548 = CARTESIAN_POINT('',(35.25,-34.,0.));
#1549 = DIRECTION('',(-1.,0.,0.));
#1550 = DIRECTION('',(0.,1.,0.));
#1551 = ADVANCED_FACE('',(#1552,#1570,#1604,#1638,#1672,#1706,#1740),
  #1774,.F.);
#1552 = FACE_BOUND('',#1553,.F.);
#1553 = EDGE_LOOP('',(#1554,#1562,#1563,#1564));
#1554 = ORIENTED_EDGE('',*,*,#1555,.T.);
#1555 = EDGE_CURVE('',#1556,#1118,#1558,.T.);
#1556 = VERTEX_POINT('',#1557);
#1557 = CARTESIAN_POINT('',(33.25,34.,13.84));
#1558 = LINE('',#1559,#1560);
#1559 = CARTESIAN_POINT('',(35.25,34.,13.84));
#1560 = VECTOR('',#1561,1.);
#1561 = DIRECTION('',(-1.,0.,0.));
#1562 = ORIENTED_EDGE('',*,*,#1117,.F.);
#1563 = ORIENTED_EDGE('',*,*,#846,.F.);
#1564 = ORIENTED_EDGE('',*,*,#1565,.T.);
#1565 = EDGE_CURVE('',#838,#1556,#1566,.T.);
#1566 = LINE('',#1567,#1568);
#1567 = CARTESIAN_POINT('',(33.25,34.,0.));
#1568 = VECTOR('',#1569,1.);
#1569 = DIRECTION('',(0.,0.,1.));
#1570 = FACE_BOUND('',#1571,.F.);
#1571 = EDGE_LOOP('',(#1572,#1582,#1590,#1598));
#1572 = ORIENTED_EDGE('',*,*,#1573,.T.);
#1573 = EDGE_CURVE('',#1574,#1576,#1578,.T.);
#1574 = VERTEX_POINT('',#1575);
#1575 = CARTESIAN_POINT('',(21.,34.,11.75));
#1576 = VERTEX_POINT('',#1577);
#1577 = CARTESIAN_POINT('',(22.,34.,11.75));
#1578 = LINE('',#1579,#1580);
#1579 = CARTESIAN_POINT('',(21.,34.,11.75));
#1580 = VECTOR('',#1581,1.);
#1581 = DIRECTION('',(1.,0.,0.));
#1582 = ORIENTED_EDGE('',*,*,#1583,.T.);
#1583 = EDGE_CURVE('',#1576,#1584,#1586,.T.);
#1584 = VERTEX_POINT('',#1585);
#1585 = CARTESIAN_POINT('',(22.,34.,1.75));
#1586 = LINE('',#1587,#1588);
#1587 = CARTESIAN_POINT('',(22.,34.,11.75));
#1588 = VECTOR('',#1589,1.);
#1589 = DIRECTION('',(0.,-2.22044604925E-16,-1.));
#1590 = ORIENTED_EDGE('',*,*,#1591,.T.);
#1591 = EDGE_CURVE('',#1584,#1592,#1594,.T.);
#1592 = VERTEX_POINT('',#1593);
#1593 = CARTESIAN_POINT('',(21.,34.,1.75));
#1594 = LINE('',#1595,#1596);
#1595 = CARTESIAN_POINT('',(22.,34.,1.75));
#1596 = VECTOR('',#1597,1.);
#1597 = DIRECTION('',(-1.,0.,0.));
#1598 = ORIENTED_EDGE('',*,*,#1599,.T.);
#1599 = EDGE_CURVE('',#1592,#1574,#1600,.T.);
#1600 = LINE('',#1601,#1602);
#1601 = CARTESIAN_POINT('',(21.,34.,1.75));
#1602 = VECTOR('',#1603,1.);
#1603 = DIRECTION('',(0.,2.22044604925E-16,1.));
#1604 = FACE_BOUND('',#1605,.F.);
#1605 = EDGE_LOOP('',(#1606,#1616,#1624,#1632));
#1606 = ORIENTED_EDGE('',*,*,#1607,.T.);
#1607 = EDGE_CURVE('',#1608,#1610,#1612,.T.);
#1608 = VERTEX_POINT('',#1609);
#1609 = CARTESIAN_POINT('',(15.8,34.,11.75));
#1610 = VERTEX_POINT('',#1611);
#1611 = CARTESIAN_POINT('',(16.8,34.,11.75));
#1612 = LINE('',#1613,#1614);
#1613 = CARTESIAN_POINT('',(15.8,34.,11.75));
#1614 = VECTOR('',#1615,1.);
#1615 = DIRECTION('',(1.,0.,0.));
#1616 = ORIENTED_EDGE('',*,*,#1617,.T.);
#1617 = EDGE_CURVE('',#1610,#1618,#1620,.T.);
#1618 = VERTEX_POINT('',#1619);
#1619 = CARTESIAN_POINT('',(16.8,34.,1.75));
#1620 = LINE('',#1621,#1622);
#1621 = CARTESIAN_POINT('',(16.8,34.,11.75));
#1622 = VECTOR('',#1623,1.);
#1623 = DIRECTION('',(0.,-2.22044604925E-16,-1.));
#1624 = ORIENTED_EDGE('',*,*,#1625,.T.);
#1625 = EDGE_CURVE('',#1618,#1626,#1628,.T.);
#1626 = VERTEX_POINT('',#1627);
#1627 = CARTESIAN_POINT('',(15.8,34.,1.75));
#1628 = LINE('',#1629,#1630);
#1629 = CARTESIAN_POINT('',(16.8,34.,1.75));
#1630 = VECTOR('',#1631,1.);
#1631 = DIRECTION('',(-1.,0.,0.));
#1632 = ORIENTED_EDGE('',*,*,#1633,.T.);
#1633 = EDGE_CURVE('',#1626,#1608,#1634,.T.);
#1634 = LINE('',#1635,#1636);
#1635 = CARTESIAN_POINT('',(15.8,34.,1.75));
#1636 = VECTOR('',#1637,1.);
#1637 = DIRECTION('',(0.,2.22044604925E-16,1.));
#1638 = FACE_BOUND('',#1639,.F.);
#1639 = EDGE_LOOP('',(#1640,#1650,#1658,#1666));
#1640 = ORIENTED_EDGE('',*,*,#1641,.T.);
#1641 = EDGE_CURVE('',#1642,#1644,#1646,.T.);
#1642 = VERTEX_POINT('',#1643);
#1643 = CARTESIAN_POINT('',(10.6,34.,11.75));
#1644 = VERTEX_POINT('',#1645);
#1645 = CARTESIAN_POINT('',(11.6,34.,11.75));
#1646 = LINE('',#1647,#1648);
#1647 = CARTESIAN_POINT('',(10.6,34.,11.75));
#1648 = VECTOR('',#1649,1.);
#1649 = DIRECTION('',(1.,0.,0.));
#1650 = ORIENTED_EDGE('',*,*,#1651,.T.);
#1651 = EDGE_CURVE('',#1644,#1652,#1654,.T.);
#1652 = VERTEX_POINT('',#1653);
#1653 = CARTESIAN_POINT('',(11.6,34.,1.75));
#1654 = LINE('',#1655,#1656);
#1655 = CARTESIAN_POINT('',(11.6,34.,11.75));
#1656 = VECTOR('',#1657,1.);
#1657 = DIRECTION('',(0.,-2.22044604925E-16,-1.));
#1658 = ORIENTED_EDGE('',*,*,#1659,.T.);
#1659 = EDGE_CURVE('',#1652,#1660,#1662,.T.);
#1660 = VERTEX_POINT('',#1661);
#1661 = CARTESIAN_POINT('',(10.6,34.,1.75));
#1662 = LINE('',#1663,#1664);
#1663 = CARTESIAN_POINT('',(11.6,34.,1.75));
#1664 = VECTOR('',#1665,1.);
#1665 = DIRECTION('',(-1.,0.,0.));
#1666 = ORIENTED_EDGE('',*,*,#1667,.T.);
#1667 = EDGE_CURVE('',#1660,#1642,#1668,.T.);
#1668 = LINE('',#1669,#1670);
#1669 = CARTESIAN_POINT('',(10.6,34.,1.75));
#1670 = VECTOR('',#1671,1.);
#1671 = DIRECTION('',(0.,2.22044604925E-16,1.));
#1672 = FACE_BOUND('',#1673,.F.);
#1673 = EDGE_LOOP('',(#1674,#1684,#1692,#1700));
#1674 = ORIENTED_EDGE('',*,*,#1675,.T.);
#1675 = EDGE_CURVE('',#1676,#1678,#1680,.T.);
#1676 = VERTEX_POINT('',#1677);
#1677 = CARTESIAN_POINT('',(5.4,34.,11.75));
#1678 = VERTEX_POINT('',#1679);
#1679 = CARTESIAN_POINT('',(6.4,34.,11.75));
#1680 = LINE('',#1681,#1682);
#1681 = CARTESIAN_POINT('',(5.4,34.,11.75));
#1682 = VECTOR('',#1683,1.);
#1683 = DIRECTION('',(1.,0.,0.));
#1684 = ORIENTED_EDGE('',*,*,#1685,.T.);
#1685 = EDGE_CURVE('',#1678,#1686,#1688,.T.);
#1686 = VERTEX_POINT('',#1687);
#1687 = CARTESIAN_POINT('',(6.4,34.,1.75));
#1688 = LINE('',#1689,#1690);
#1689 = CARTESIAN_POINT('',(6.4,34.,11.75));
#1690 = VECTOR('',#1691,1.);
#1691 = DIRECTION('',(0.,-2.22044604925E-16,-1.));
#1692 = ORIENTED_EDGE('',*,*,#1693,.T.);
#1693 = EDGE_CURVE('',#1686,#1694,#1696,.T.);
#1694 = VERTEX_POINT('',#1695);
#1695 = CARTESIAN_POINT('',(5.4,34.,1.75));
#1696 = LINE('',#1697,#1698);
#1697 = CARTESIAN_POINT('',(6.4,34.,1.75));
#1698 = VECTOR('',#1699,1.);
#1699 = DIRECTION('',(-1.,0.,0.));
#1700 = ORIENTED_EDGE('',*,*,#1701,.T.);
#1701 = EDGE_CURVE('',#1694,#1676,#1702,.T.);
#1702 = LINE('',#1703,#1704);
#1703 = CARTESIAN_POINT('',(5.4,34.,1.75));
#1704 = VECTOR('',#1705,1.);
#1705 = DIRECTION('',(0.,2.22044604925E-16,1.));
#1706 = FACE_BOUND('',#1707,.F.);
#1707 = EDGE_LOOP('',(#1708,#1718,#1726,#1734));
#1708 = ORIENTED_EDGE('',*,*,#1709,.T.);
#1709 = EDGE_CURVE('',#1710,#1712,#1714,.T.);
#1710 = VERTEX_POINT('',#1711);
#1711 = CARTESIAN_POINT('',(0.2,34.,11.75));
#1712 = VERTEX_POINT('',#1713);
#1713 = CARTESIAN_POINT('',(1.2,34.,11.75));
#1714 = LINE('',#1715,#1716);
#1715 = CARTESIAN_POINT('',(0.2,34.,11.75));
#1716 = VECTOR('',#1717,1.);
#1717 = DIRECTION('',(1.,0.,0.));
#1718 = ORIENTED_EDGE('',*,*,#1719,.T.);
#1719 = EDGE_CURVE('',#1712,#1720,#1722,.T.);
#1720 = VERTEX_POINT('',#1721);
#1721 = CARTESIAN_POINT('',(1.2,34.,1.75));
#1722 = LINE('',#1723,#1724);
#1723 = CARTESIAN_POINT('',(1.2,34.,11.75));
#1724 = VECTOR('',#1725,1.);
#1725 = DIRECTION('',(0.,-2.22044604925E-16,-1.));
#1726 = ORIENTED_EDGE('',*,*,#1727,.T.);
#1727 = EDGE_CURVE('',#1720,#1728,#1730,.T.);
#1728 = VERTEX_POINT('',#1729);
#1729 = CARTESIAN_POINT('',(0.2,34.,1.75));
#1730 = LINE('',#1731,#1732);
#1731 = CARTESIAN_POINT('',(1.2,34.,1.75));
#1732 = VECTOR('',#1733,1.);
#1733 = DIRECTION('',(-1.,0.,0.));
#1734 = ORIENTED_EDGE('',*,*,#1735,.T.);
#1735 = EDGE_CURVE('',#1728,#1710,#1736,.T.);
#1736 = LINE('',#1737,#1738);
#1737 = CARTESIAN_POINT('',(0.2,34.,1.75));
#1738 = VECTOR('',#1739,1.);
#1739 = DIRECTION('',(0.,2.22044604925E-16,1.));
#1740 = FACE_BOUND('',#1741,.F.);
#1741 = EDGE_LOOP('',(#1742,#1752,#1760,#1768));
#1742 = ORIENTED_EDGE('',*,*,#1743,.T.);
#1743 = EDGE_CURVE('',#1744,#1746,#1748,.T.);
#1744 = VERTEX_POINT('',#1745);
#1745 = CARTESIAN_POINT('',(-5.,34.,11.75));
#1746 = VERTEX_POINT('',#1747);
#1747 = CARTESIAN_POINT('',(-4.,34.,11.75));
#1748 = LINE('',#1749,#1750);
#1749 = CARTESIAN_POINT('',(-5.,34.,11.75));
#1750 = VECTOR('',#1751,1.);
#1751 = DIRECTION('',(1.,0.,0.));
#1752 = ORIENTED_EDGE('',*,*,#1753,.T.);
#1753 = EDGE_CURVE('',#1746,#1754,#1756,.T.);
#1754 = VERTEX_POINT('',#1755);
#1755 = CARTESIAN_POINT('',(-4.,34.,1.75));
#1756 = LINE('',#1757,#1758);
#1757 = CARTESIAN_POINT('',(-4.,34.,11.75));
#1758 = VECTOR('',#1759,1.);
#1759 = DIRECTION('',(0.,-2.22044604925E-16,-1.));
#1760 = ORIENTED_EDGE('',*,*,#1761,.T.);
#1761 = EDGE_CURVE('',#1754,#1762,#1764,.T.);
#1762 = VERTEX_POINT('',#1763);
#1763 = CARTESIAN_POINT('',(-5.,34.,1.75));
#1764 = LINE('',#1765,#1766);
#1765 = CARTESIAN_POINT('',(-4.,34.,1.75));
#1766 = VECTOR('',#1767,1.);
#1767 = DIRECTION('',(-1.,0.,0.));
#1768 = ORIENTED_EDGE('',*,*,#1769,.T.);
#1769 = EDGE_CURVE('',#1762,#1744,#1770,.T.);
#1770 = LINE('',#1771,#1772);
#1771 = CARTESIAN_POINT('',(-5.,34.,1.75));
#1772 = VECTOR('',#1773,1.);
#1773 = DIRECTION('',(0.,2.22044604925E-16,1.));
#1774 = PLANE('',#1775);
#1775 = AXIS2_PLACEMENT_3D('',#1776,#1777,#1778);
#1776 = CARTESIAN_POINT('',(35.25,34.,0.));
#1777 = DIRECTION('',(0.,-1.,0.));
#1778 = DIRECTION('',(-1.,0.,0.));
#1779 = ADVANCED_FACE('',(#1780),#1792,.T.);
#1780 = FACE_BOUND('',#1781,.T.);
#1781 = EDGE_LOOP('',(#1782,#1783,#1784,#1791));
#1782 = ORIENTED_EDGE('',*,*,#837,.T.);
#1783 = ORIENTED_EDGE('',*,*,#1565,.T.);
#1784 = ORIENTED_EDGE('',*,*,#1785,.F.);
#1785 = EDGE_CURVE('',#916,#1556,#1786,.T.);
#1786 = CIRCLE('',#1787,2.);
#1787 = AXIS2_PLACEMENT_3D('',#1788,#1789,#1790);
#1788 = CARTESIAN_POINT('',(33.25,32.,13.84));
#1789 = DIRECTION('',(0.,0.,1.));
#1790 = DIRECTION('',(1.,0.,0.));
#1791 = ORIENTED_EDGE('',*,*,#1540,.F.);
#1792 = CYLINDRICAL_SURFACE('',#1793,2.);
#1793 = AXIS2_PLACEMENT_3D('',#1794,#1795,#1796);
#1794 = CARTESIAN_POINT('',(33.25,32.,0.));
#1795 = DIRECTION('',(0.,0.,1.));
#1796 = DIRECTION('',(1.,0.,0.));
#1797 = ADVANCED_FACE('',(#1798),#1819,.T.);
#1798 = FACE_BOUND('',#1799,.T.);
#1799 = EDGE_LOOP('',(#1800,#1801,#1818));
#1800 = ORIENTED_EDGE('',*,*,#1785,.T.);
#1801 = ORIENTED_EDGE('',*,*,#1802,.T.);
#1802 = EDGE_CURVE('',#1556,#908,#1803,.T.);
#1803 = ( BOUNDED_CURVE() B_SPLINE_CURVE(13,(#1804,#1805,#1806,#1807,
    #1808,#1809,#1810,#1811,#1812,#1813,#1814,#1815,#1816,#1817),
.UNSPECIFIED.,.F.,.F.) B_SPLINE_CURVE_WITH_KNOTS((14,14),(13.84,
19.570296683556),.PIECEWISE_BEZIER_KNOTS.) CURVE() 
GEOMETRIC_REPRESENTATION_ITEM() RATIONAL_B_SPLINE_CURVE((1.,1.,
    1.000000000002,0.999999999994,1.000000000012,0.999999999982,
    1.000000000022,0.999999999979,1.000000000016,0.99999999999,
1.000000000005,0.999999999998,1.,1.)) REPRESENTATION_ITEM('') );
#1804 = CARTESIAN_POINT('',(33.25,34.,13.84));
#1805 = CARTESIAN_POINT('',(33.25,34.,13.96082993353));
#1806 = CARTESIAN_POINT('',(33.234638820498,33.995269459884,
    14.081632759705));
#1807 = CARTESIAN_POINT('',(33.199454444344,33.98024695427,
    14.219315783586));
#1808 = CARTESIAN_POINT('',(33.171686848888,33.979139894494,
    14.37848486783));
#1809 = CARTESIAN_POINT('',(33.108376626428,33.900171600111,
    14.641627755771));
#1810 = CARTESIAN_POINT('',(33.112562293166,33.902489565706,
    14.8186438889));
#1811 = CARTESIAN_POINT('',(33.150214731185,33.741720735036,
    15.489335294033));
#1812 = CARTESIAN_POINT('',(33.013158717884,33.43249126299,
    15.761183402939));
#1813 = CARTESIAN_POINT('',(32.940937573146,33.073586060678,
    16.23191854226));
#1814 = CARTESIAN_POINT('',(32.778590106107,32.60150265639,
    16.513950823301));
#1815 = CARTESIAN_POINT('',(32.612978991326,32.08782528815,
    16.73398043747));
#1816 = CARTESIAN_POINT('',(32.431244900296,31.543734700889,
    16.839999999999));
#1817 = CARTESIAN_POINT('',(32.25,31.,16.84));
#1818 = ORIENTED_EDGE('',*,*,#915,.F.);
#1819 = ( BOUNDED_SURFACE() B_SPLINE_SURFACE(2,13,(
    (#1820,#1821,#1822,#1823,#1824,#1825,#1826,#1827,#1828,#1829,#1830
      ,#1831,#1832,#1833)
    ,(#1834,#1835,#1836,#1837,#1838,#1839,#1840,#1841,#1842,#1843,#1844
      ,#1845,#1846,#1847)
    ,(#1848,#1849,#1850,#1851,#1852,#1853,#1854,#1855,#1856,#1857,#1858
      ,#1859,#1860,#1861
)),.UNSPECIFIED.,.F.,.F.,.F.) B_SPLINE_SURFACE_WITH_KNOTS((3,3),(14,14),
  (0.,5.730296683556),(13.84,19.570296683556),.PIECEWISE_BEZIER_KNOTS.) 
GEOMETRIC_REPRESENTATION_ITEM() RATIONAL_B_SPLINE_SURFACE((
    (1.,1.,1.000000000002,0.999999999994,1.000000000012,0.999999999982
      ,1.000000000022,0.999999999979,1.000000000016,0.99999999999
      ,1.000000000005,0.999999999998,1.,1.)
    ,(0.707106781187,0.707106781186,0.70333688458,0.696494532546
      ,0.68459662942,0.699821353904,0.669842276516,0.801289511578
      ,0.815771065088,0.902475224225,0.944904297571,0.982425213892
      ,0.999999998091,1.)
    ,(1.,1.,1.000000000002,0.999999999994,1.000000000012,0.999999999982
      ,1.000000000022,0.999999999979,1.000000000016,0.99999999999
,1.000000000005,0.999999999998,1.,1.
  ))) REPRESENTATION_ITEM('') SURFACE() );
#1820 = CARTESIAN_POINT('',(35.25,32.,13.84));
#1821 = CARTESIAN_POINT('',(35.25,32.,13.96082993353));
#1822 = CARTESIAN_POINT('',(35.245269459884,31.984638820498,
    14.081632759705));
#1823 = CARTESIAN_POINT('',(35.230246954271,31.949454444344,
    14.219315783586));
#1824 = CARTESIAN_POINT('',(35.229139894493,31.921686848888,
    14.378484867829));
#1825 = CARTESIAN_POINT('',(35.150171600112,31.858376626427,
    14.641627755774));
#1826 = CARTESIAN_POINT('',(35.152489565705,31.862562293166,
    14.818643888895));
#1827 = CARTESIAN_POINT('',(34.991720735037,31.900214731186,
    15.489335294038));
#1828 = CARTESIAN_POINT('',(34.682491262989,31.763158717883,
    15.761183402935));
#1829 = CARTESIAN_POINT('',(34.323586060679,31.690937573146,
    16.231918542263));
#1830 = CARTESIAN_POINT('',(33.851502656389,31.528590106107,
    16.5139508233));
#1831 = CARTESIAN_POINT('',(33.33782528815,31.362978991326,
    16.73398043747));
#1832 = CARTESIAN_POINT('',(32.793734700889,31.181244900296,
    16.839999999999));
#1833 = CARTESIAN_POINT('',(32.25,31.,16.84));
#1834 = CARTESIAN_POINT('',(35.25,34.,13.84));
#1835 = CARTESIAN_POINT('',(35.25,34.,14.202489800592));
#1836 = CARTESIAN_POINT('',(35.223454429425,33.973454429425,
    14.568305417904));
#1837 = CARTESIAN_POINT('',(35.169638692427,33.919638692427,
    14.952486048768));
#1838 = CARTESIAN_POINT('',(35.080652266669,33.83065226667,
    15.343780064385));
#1839 = CARTESIAN_POINT('',(34.929162909393,33.679162909394,
    15.734247249444));
#1840 = CARTESIAN_POINT('',(34.742231082568,33.492231082564,
    16.203791166707));
#1841 = CARTESIAN_POINT('',(34.429824309192,33.179824309195,
    16.119310444315));
#1842 = CARTESIAN_POINT('',(34.10627008666,32.856270086658,
    16.537312349112));
#1843 = CARTESIAN_POINT('',(33.751033260227,32.501033260227,
    16.57529255832));
#1844 = CARTESIAN_POINT('',(33.368826291236,32.118826291236,
    16.735679185932));
#1845 = CARTESIAN_POINT('',(32.988358719932,31.738358719932,
    16.802675322029));
#1846 = CARTESIAN_POINT('',(32.612489801285,31.362489801285,
    16.840000007639));
#1847 = CARTESIAN_POINT('',(32.25,31.,16.84));
#1848 = CARTESIAN_POINT('',(33.25,34.,13.84));
#1849 = CARTESIAN_POINT('',(33.25,34.,13.96082993353));
#1850 = CARTESIAN_POINT('',(33.234638820498,33.995269459884,
    14.081632759705));
#1851 = CARTESIAN_POINT('',(33.199454444344,33.98024695427,
    14.219315783586));
#1852 = CARTESIAN_POINT('',(33.171686848888,33.979139894494,
    14.37848486783));
#1853 = CARTESIAN_POINT('',(33.108376626428,33.900171600111,
    14.641627755771));
#1854 = CARTESIAN_POINT('',(33.112562293166,33.902489565706,
    14.8186438889));
#1855 = CARTESIAN_POINT('',(33.150214731185,33.741720735036,
    15.489335294033));
#1856 = CARTESIAN_POINT('',(33.013158717884,33.43249126299,
    15.761183402939));
#1857 = CARTESIAN_POINT('',(32.940937573146,33.073586060678,
    16.23191854226));
#1858 = CARTESIAN_POINT('',(32.778590106107,32.60150265639,
    16.513950823301));
#1859 = CARTESIAN_POINT('',(32.612978991326,32.08782528815,
    16.73398043747));
#1860 = CARTESIAN_POINT('',(32.431244900296,31.543734700889,
    16.839999999999));
#1861 = CARTESIAN_POINT('',(32.25,31.,16.84));
#1862 = ADVANCED_FACE('',(#1863),#1874,.T.);
#1863 = FACE_BOUND('',#1864,.T.);
#1864 = EDGE_LOOP('',(#1865,#1866,#1867,#1873));
#1865 = ORIENTED_EDGE('',*,*,#1036,.T.);
#1866 = ORIENTED_EDGE('',*,*,#907,.T.);
#1867 = ORIENTED_EDGE('',*,*,#1868,.T.);
#1868 = EDGE_CURVE('',#908,#1172,#1869,.T.);
#1869 = LINE('',#1870,#1871);
#1870 = CARTESIAN_POINT('',(35.25,31.,16.84));
#1871 = VECTOR('',#1872,1.);
#1872 = DIRECTION('',(-1.,0.,0.));
#1873 = ORIENTED_EDGE('',*,*,#1190,.T.);
#1874 = PLANE('',#1875);
#1875 = AXIS2_PLACEMENT_3D('',#1876,#1877,#1878);
#1876 = CARTESIAN_POINT('',(0.,0.,16.84));
#1877 = DIRECTION('',(0.,0.,1.));
#1878 = DIRECTION('',(1.,0.,0.));
#1879 = ADVANCED_FACE('',(#1880),#1901,.F.);
#1880 = FACE_BOUND('',#1881,.F.);
#1881 = EDGE_LOOP('',(#1882,#1883,#1900));
#1882 = ORIENTED_EDGE('',*,*,#1125,.T.);
#1883 = ORIENTED_EDGE('',*,*,#1884,.T.);
#1884 = EDGE_CURVE('',#1118,#1172,#1885,.T.);
#1885 = ( BOUNDED_CURVE() B_SPLINE_CURVE(13,(#1886,#1887,#1888,#1889,
    #1890,#1891,#1892,#1893,#1894,#1895,#1896,#1897,#1898,#1899),
.UNSPECIFIED.,.F.,.F.) B_SPLINE_CURVE_WITH_KNOTS((14,14),(13.84,
19.570296683556),.PIECEWISE_BEZIER_KNOTS.) CURVE() 
GEOMETRIC_REPRESENTATION_ITEM() RATIONAL_B_SPLINE_CURVE((1.,1.,
    1.000000000002,0.999999999994,1.000000000012,0.999999999982,
    1.000000000022,0.999999999979,1.000000000016,0.99999999999,
1.000000000005,0.999999999998,1.,1.)) REPRESENTATION_ITEM('') );
#1886 = CARTESIAN_POINT('',(-33.25,34.,13.84));
#1887 = CARTESIAN_POINT('',(-33.25,34.,13.96082993353));
#1888 = CARTESIAN_POINT('',(-33.23463882049,33.995269459884,
    14.081632759705));
#1889 = CARTESIAN_POINT('',(-33.19945444434,33.980246954269,
    14.219315783586));
#1890 = CARTESIAN_POINT('',(-33.17168684888,33.979139894498,
    14.378484867829));
#1891 = CARTESIAN_POINT('',(-33.10837662642,33.900171600103,
    14.641627755775));
#1892 = CARTESIAN_POINT('',(-33.11256229316,33.902489565717,
    14.818643888893));
#1893 = CARTESIAN_POINT('',(-33.15021473118,33.741720735025,
    15.489335294041));
#1894 = CARTESIAN_POINT('',(-33.01315871788,33.432491262999,
    15.761183402933));
#1895 = CARTESIAN_POINT('',(-32.94093757314,33.073586060673,
    16.231918542263));
#1896 = CARTESIAN_POINT('',(-32.7785901061,32.601502656391,16.5139508233
    ));
#1897 = CARTESIAN_POINT('',(-32.61297899132,32.087825288149,
    16.73398043747));
#1898 = CARTESIAN_POINT('',(-32.43124490029,31.543734700889,
    16.839999999999));
#1899 = CARTESIAN_POINT('',(-32.25,31.,16.84));
#1900 = ORIENTED_EDGE('',*,*,#1171,.F.);
#1901 = ( BOUNDED_SURFACE() B_SPLINE_SURFACE(2,13,(
    (#1902,#1903,#1904,#1905,#1906,#1907,#1908,#1909,#1910,#1911,#1912
      ,#1913,#1914,#1915)
    ,(#1916,#1917,#1918,#1919,#1920,#1921,#1922,#1923,#1924,#1925,#1926
      ,#1927,#1928,#1929)
    ,(#1930,#1931,#1932,#1933,#1934,#1935,#1936,#1937,#1938,#1939,#1940
      ,#1941,#1942,#1943
)),.UNSPECIFIED.,.F.,.F.,.F.) B_SPLINE_SURFACE_WITH_KNOTS((3,3),(14,14),
  (0.,5.730296683556),(13.84,19.570296683556),.PIECEWISE_BEZIER_KNOTS.) 
GEOMETRIC_REPRESENTATION_ITEM() RATIONAL_B_SPLINE_SURFACE((
    (1.,1.,1.000000000002,0.999999999994,1.000000000012,0.999999999982
      ,1.000000000022,0.999999999979,1.000000000016,0.99999999999
      ,1.000000000005,0.999999999998,1.,1.)
    ,(0.707106781187,0.707106781186,0.70333688458,0.696494532545
      ,0.684596629421,0.699821353903,0.669842276517,0.801289511577
      ,0.815771065089,0.902475224224,0.944904297572,0.982425213892
      ,0.999999998091,1.)
    ,(1.,1.,1.000000000002,0.999999999994,1.000000000012,0.999999999982
      ,1.000000000022,0.999999999979,1.000000000016,0.99999999999
,1.000000000005,0.999999999998,1.,1.
  ))) REPRESENTATION_ITEM('') SURFACE() );
#1902 = CARTESIAN_POINT('',(-35.25,32.,13.84));
#1903 = CARTESIAN_POINT('',(-35.25,32.,13.96082993353));
#1904 = CARTESIAN_POINT('',(-35.24526945988,31.984638820498,
    14.081632759705));
#1905 = CARTESIAN_POINT('',(-35.23024695427,31.949454444344,
    14.219315783586));
#1906 = CARTESIAN_POINT('',(-35.22913989449,31.921686848888,
    14.378484867828));
#1907 = CARTESIAN_POINT('',(-35.1501716001,31.858376626429,
    14.641627755775));
#1908 = CARTESIAN_POINT('',(-35.15248956571,31.862562293163,
    14.818643888893));
#1909 = CARTESIAN_POINT('',(-34.99172073503,31.900214731189,
    15.489335294041));
#1910 = CARTESIAN_POINT('',(-34.68249126299,31.763158717881,
    15.761183402934));
#1911 = CARTESIAN_POINT('',(-34.32358606067,31.690937573147,
    16.231918542263));
#1912 = CARTESIAN_POINT('',(-33.85150265639,31.528590106106,
    16.5139508233));
#1913 = CARTESIAN_POINT('',(-33.33782528815,31.362978991326,
    16.73398043747));
#1914 = CARTESIAN_POINT('',(-32.79373470088,31.181244900296,
    16.839999999999));
#1915 = CARTESIAN_POINT('',(-32.25,31.,16.84));
#1916 = CARTESIAN_POINT('',(-35.25,34.,13.84));
#1917 = CARTESIAN_POINT('',(-35.25,34.,14.202489800592));
#1918 = CARTESIAN_POINT('',(-35.22345442942,33.973454429425,
    14.568305417904));
#1919 = CARTESIAN_POINT('',(-35.16963869242,33.919638692427,
    14.952486048769));
#1920 = CARTESIAN_POINT('',(-35.08065226666,33.830652266673,
    15.343780064381));
#1921 = CARTESIAN_POINT('',(-34.92916290939,33.679162909386,
    15.734247249452));
#1922 = CARTESIAN_POINT('',(-34.74223108256,33.492231082578,
    16.203791166694));
#1923 = CARTESIAN_POINT('',(-34.42982430919,33.179824309184,
    16.119310444327));
#1924 = CARTESIAN_POINT('',(-34.10627008666,32.856270086666,
    16.537312349101));
#1925 = CARTESIAN_POINT('',(-33.75103326022,32.501033260224,
    16.575292558326));
#1926 = CARTESIAN_POINT('',(-33.36882629123,32.118826291237,
    16.735679185929));
#1927 = CARTESIAN_POINT('',(-32.98835871993,31.738358719932,
    16.80267532203));
#1928 = CARTESIAN_POINT('',(-32.61248980128,31.362489801285,
    16.840000007638));
#1929 = CARTESIAN_POINT('',(-32.25,31.,16.84));
#1930 = CARTESIAN_POINT('',(-33.25,34.,13.84));
#1931 = CARTESIAN_POINT('',(-33.25,34.,13.96082993353));
#1932 = CARTESIAN_POINT('',(-33.23463882049,33.995269459884,
    14.081632759705));
#1933 = CARTESIAN_POINT('',(-33.19945444434,33.980246954269,
    14.219315783586));
#1934 = CARTESIAN_POINT('',(-33.17168684888,33.979139894498,
    14.378484867829));
#1935 = CARTESIAN_POINT('',(-33.10837662642,33.900171600103,
    14.641627755775));
#1936 = CARTESIAN_POINT('',(-33.11256229316,33.902489565717,
    14.818643888893));
#1937 = CARTESIAN_POINT('',(-33.15021473118,33.741720735025,
    15.489335294041));
#1938 = CARTESIAN_POINT('',(-33.01315871788,33.432491262999,
    15.761183402933));
#1939 = CARTESIAN_POINT('',(-32.94093757314,33.073586060673,
    16.231918542263));
#1940 = CARTESIAN_POINT('',(-32.7785901061,32.601502656391,16.5139508233
    ));
#1941 = CARTESIAN_POINT('',(-32.61297899132,32.087825288149,
    16.73398043747));
#1942 = CARTESIAN_POINT('',(-32.43124490029,31.543734700889,
    16.839999999999));
#1943 = CARTESIAN_POINT('',(-32.25,31.,16.84));
#1944 = ADVANCED_FACE('',(#1945),#1961,.F.);
#1945 = FACE_BOUND('',#1946,.F.);
#1946 = EDGE_LOOP('',(#1947,#1948,#1954,#1955));
#1947 = ORIENTED_EDGE('',*,*,#1583,.F.);
#1948 = ORIENTED_EDGE('',*,*,#1949,.T.);
#1949 = EDGE_CURVE('',#1576,#1231,#1950,.T.);
#1950 = LINE('',#1951,#1952);
#1951 = CARTESIAN_POINT('',(22.,34.,11.75));
#1952 = VECTOR('',#1953,1.);
#1953 = DIRECTION('',(0.,-1.,2.22044604925E-16));
#1954 = ORIENTED_EDGE('',*,*,#1228,.F.);
#1955 = ORIENTED_EDGE('',*,*,#1956,.F.);
#1956 = EDGE_CURVE('',#1584,#1229,#1957,.T.);
#1957 = LINE('',#1958,#1959);
#1958 = CARTESIAN_POINT('',(22.,34.,1.75));
#1959 = VECTOR('',#1960,1.);
#1960 = DIRECTION('',(0.,-1.,2.22044604925E-16));
#1961 = PLANE('',#1962);
#1962 = AXIS2_PLACEMENT_3D('',#1963,#1964,#1965);
#1963 = CARTESIAN_POINT('',(22.,34.,11.75));
#1964 = DIRECTION('',(1.,0.,0.));
#1965 = DIRECTION('',(0.,-2.22044604925E-16,-1.));
#1966 = ADVANCED_FACE('',(#1967),#1978,.F.);
#1967 = FACE_BOUND('',#1968,.F.);
#1968 = EDGE_LOOP('',(#1969,#1970,#1971,#1972));
#1969 = ORIENTED_EDGE('',*,*,#1591,.F.);
#1970 = ORIENTED_EDGE('',*,*,#1956,.T.);
#1971 = ORIENTED_EDGE('',*,*,#1238,.F.);
#1972 = ORIENTED_EDGE('',*,*,#1973,.F.);
#1973 = EDGE_CURVE('',#1592,#1239,#1974,.T.);
#1974 = LINE('',#1975,#1976);
#1975 = CARTESIAN_POINT('',(21.,34.,1.75));
#1976 = VECTOR('',#1977,1.);
#1977 = DIRECTION('',(0.,-1.,2.22044604925E-16));
#1978 = PLANE('',#1979);
#1979 = AXIS2_PLACEMENT_3D('',#1980,#1981,#1982);
#1980 = CARTESIAN_POINT('',(22.,34.,1.75));
#1981 = DIRECTION('',(-0.,-2.22044604925E-16,-1.));
#1982 = DIRECTION('',(-1.,0.,0.));
#1983 = ADVANCED_FACE('',(#1984),#1995,.F.);
#1984 = FACE_BOUND('',#1985,.F.);
#1985 = EDGE_LOOP('',(#1986,#1987,#1993,#1994));
#1986 = ORIENTED_EDGE('',*,*,#1573,.F.);
#1987 = ORIENTED_EDGE('',*,*,#1988,.T.);
#1988 = EDGE_CURVE('',#1574,#1247,#1989,.T.);
#1989 = LINE('',#1990,#1991);
#1990 = CARTESIAN_POINT('',(21.,34.,11.75));
#1991 = VECTOR('',#1992,1.);
#1992 = DIRECTION('',(0.,-1.,2.22044604925E-16));
#1993 = ORIENTED_EDGE('',*,*,#1254,.F.);
#1994 = ORIENTED_EDGE('',*,*,#1949,.F.);
#1995 = PLANE('',#1996);
#1996 = AXIS2_PLACEMENT_3D('',#1997,#1998,#1999);
#1997 = CARTESIAN_POINT('',(21.,34.,11.75));
#1998 = DIRECTION('',(0.,2.22044604925E-16,1.));
#1999 = DIRECTION('',(1.,0.,0.));
#2000 = ADVANCED_FACE('',(#2001),#2007,.F.);
#2001 = FACE_BOUND('',#2002,.F.);
#2002 = EDGE_LOOP('',(#2003,#2004,#2005,#2006));
#2003 = ORIENTED_EDGE('',*,*,#1599,.F.);
#2004 = ORIENTED_EDGE('',*,*,#1973,.T.);
#2005 = ORIENTED_EDGE('',*,*,#1246,.F.);
#2006 = ORIENTED_EDGE('',*,*,#1988,.F.);
#2007 = PLANE('',#2008);
#2008 = AXIS2_PLACEMENT_3D('',#2009,#2010,#2011);
#2009 = CARTESIAN_POINT('',(21.,34.,1.75));
#2010 = DIRECTION('',(-1.,0.,0.));
#2011 = DIRECTION('',(0.,2.22044604925E-16,1.));
#2012 = ADVANCED_FACE('',(#2013),#2029,.F.);
#2013 = FACE_BOUND('',#2014,.F.);
#2014 = EDGE_LOOP('',(#2015,#2016,#2022,#2023));
#2015 = ORIENTED_EDGE('',*,*,#1617,.F.);
#2016 = ORIENTED_EDGE('',*,*,#2017,.T.);
#2017 = EDGE_CURVE('',#1610,#1265,#2018,.T.);
#2018 = LINE('',#2019,#2020);
#2019 = CARTESIAN_POINT('',(16.8,34.,11.75));
#2020 = VECTOR('',#2021,1.);
#2021 = DIRECTION('',(0.,-1.,2.22044604925E-16));
#2022 = ORIENTED_EDGE('',*,*,#1262,.F.);
#2023 = ORIENTED_EDGE('',*,*,#2024,.F.);
#2024 = EDGE_CURVE('',#1618,#1263,#2025,.T.);
#2025 = LINE('',#2026,#2027);
#2026 = CARTESIAN_POINT('',(16.8,34.,1.75));
#2027 = VECTOR('',#2028,1.);
#2028 = DIRECTION('',(0.,-1.,2.22044604925E-16));
#2029 = PLANE('',#2030);
#2030 = AXIS2_PLACEMENT_3D('',#2031,#2032,#2033);
#2031 = CARTESIAN_POINT('',(16.8,34.,11.75));
#2032 = DIRECTION('',(1.,0.,0.));
#2033 = DIRECTION('',(0.,-2.22044604925E-16,-1.));
#2034 = ADVANCED_FACE('',(#2035),#2046,.F.);
#2035 = FACE_BOUND('',#2036,.F.);
#2036 = EDGE_LOOP('',(#2037,#2038,#2044,#2045));
#2037 = ORIENTED_EDGE('',*,*,#1607,.F.);
#2038 = ORIENTED_EDGE('',*,*,#2039,.T.);
#2039 = EDGE_CURVE('',#1608,#1281,#2040,.T.);
#2040 = LINE('',#2041,#2042);
#2041 = CARTESIAN_POINT('',(15.8,34.,11.75));
#2042 = VECTOR('',#2043,1.);
#2043 = DIRECTION('',(0.,-1.,2.22044604925E-16));
#2044 = ORIENTED_EDGE('',*,*,#1288,.F.);
#2045 = ORIENTED_EDGE('',*,*,#2017,.F.);
#2046 = PLANE('',#2047);
#2047 = AXIS2_PLACEMENT_3D('',#2048,#2049,#2050);
#2048 = CARTESIAN_POINT('',(15.8,34.,11.75));
#2049 = DIRECTION('',(0.,2.22044604925E-16,1.));
#2050 = DIRECTION('',(1.,0.,0.));
#2051 = ADVANCED_FACE('',(#2052),#2063,.F.);
#2052 = FACE_BOUND('',#2053,.F.);
#2053 = EDGE_LOOP('',(#2054,#2055,#2061,#2062));
#2054 = ORIENTED_EDGE('',*,*,#1633,.F.);
#2055 = ORIENTED_EDGE('',*,*,#2056,.T.);
#2056 = EDGE_CURVE('',#1626,#1273,#2057,.T.);
#2057 = LINE('',#2058,#2059);
#2058 = CARTESIAN_POINT('',(15.8,34.,1.75));
#2059 = VECTOR('',#2060,1.);
#2060 = DIRECTION('',(0.,-1.,2.22044604925E-16));
#2061 = ORIENTED_EDGE('',*,*,#1280,.F.);
#2062 = ORIENTED_EDGE('',*,*,#2039,.F.);
#2063 = PLANE('',#2064);
#2064 = AXIS2_PLACEMENT_3D('',#2065,#2066,#2067);
#2065 = CARTESIAN_POINT('',(15.8,34.,1.75));
#2066 = DIRECTION('',(-1.,0.,0.));
#2067 = DIRECTION('',(0.,2.22044604925E-16,1.));
#2068 = ADVANCED_FACE('',(#2069),#2075,.F.);
#2069 = FACE_BOUND('',#2070,.F.);
#2070 = EDGE_LOOP('',(#2071,#2072,#2073,#2074));
#2071 = ORIENTED_EDGE('',*,*,#1625,.F.);
#2072 = ORIENTED_EDGE('',*,*,#2024,.T.);
#2073 = ORIENTED_EDGE('',*,*,#1272,.F.);
#2074 = ORIENTED_EDGE('',*,*,#2056,.F.);
#2075 = PLANE('',#2076);
#2076 = AXIS2_PLACEMENT_3D('',#2077,#2078,#2079);
#2077 = CARTESIAN_POINT('',(16.8,34.,1.75));
#2078 = DIRECTION('',(-0.,-2.22044604925E-16,-1.));
#2079 = DIRECTION('',(-1.,0.,0.));
#2080 = ADVANCED_FACE('',(#2081),#2097,.F.);
#2081 = FACE_BOUND('',#2082,.F.);
#2082 = EDGE_LOOP('',(#2083,#2084,#2090,#2091));
#2083 = ORIENTED_EDGE('',*,*,#1651,.F.);
#2084 = ORIENTED_EDGE('',*,*,#2085,.T.);
#2085 = EDGE_CURVE('',#1644,#1299,#2086,.T.);
#2086 = LINE('',#2087,#2088);
#2087 = CARTESIAN_POINT('',(11.6,34.,11.75));
#2088 = VECTOR('',#2089,1.);
#2089 = DIRECTION('',(0.,-1.,2.22044604925E-16));
#2090 = ORIENTED_EDGE('',*,*,#1296,.F.);
#2091 = ORIENTED_EDGE('',*,*,#2092,.F.);
#2092 = EDGE_CURVE('',#1652,#1297,#2093,.T.);
#2093 = LINE('',#2094,#2095);
#2094 = CARTESIAN_POINT('',(11.6,34.,1.75));
#2095 = VECTOR('',#2096,1.);
#2096 = DIRECTION('',(0.,-1.,2.22044604925E-16));
#2097 = PLANE('',#2098);
#2098 = AXIS2_PLACEMENT_3D('',#2099,#2100,#2101);
#2099 = CARTESIAN_POINT('',(11.6,34.,11.75));
#2100 = DIRECTION('',(1.,0.,0.));
#2101 = DIRECTION('',(0.,-2.22044604925E-16,-1.));
#2102 = ADVANCED_FACE('',(#2103),#2114,.F.);
#2103 = FACE_BOUND('',#2104,.F.);
#2104 = EDGE_LOOP('',(#2105,#2106,#2112,#2113));
#2105 = ORIENTED_EDGE('',*,*,#1641,.F.);
#2106 = ORIENTED_EDGE('',*,*,#2107,.T.);
#2107 = EDGE_CURVE('',#1642,#1315,#2108,.T.);
#2108 = LINE('',#2109,#2110);
#2109 = CARTESIAN_POINT('',(10.6,34.,11.75));
#2110 = VECTOR('',#2111,1.);
#2111 = DIRECTION('',(0.,-1.,2.22044604925E-16));
#2112 = ORIENTED_EDGE('',*,*,#1322,.F.);
#2113 = ORIENTED_EDGE('',*,*,#2085,.F.);
#2114 = PLANE('',#2115);
#2115 = AXIS2_PLACEMENT_3D('',#2116,#2117,#2118);
#2116 = CARTESIAN_POINT('',(10.6,34.,11.75));
#2117 = DIRECTION('',(0.,2.22044604925E-16,1.));
#2118 = DIRECTION('',(1.,0.,0.));
#2119 = ADVANCED_FACE('',(#2120),#2131,.F.);
#2120 = FACE_BOUND('',#2121,.F.);
#2121 = EDGE_LOOP('',(#2122,#2123,#2129,#2130));
#2122 = ORIENTED_EDGE('',*,*,#1667,.F.);
#2123 = ORIENTED_EDGE('',*,*,#2124,.T.);
#2124 = EDGE_CURVE('',#1660,#1307,#2125,.T.);
#2125 = LINE('',#2126,#2127);
#2126 = CARTESIAN_POINT('',(10.6,34.,1.75));
#2127 = VECTOR('',#2128,1.);
#2128 = DIRECTION('',(0.,-1.,2.22044604925E-16));
#2129 = ORIENTED_EDGE('',*,*,#1314,.F.);
#2130 = ORIENTED_EDGE('',*,*,#2107,.F.);
#2131 = PLANE('',#2132);
#2132 = AXIS2_PLACEMENT_3D('',#2133,#2134,#2135);
#2133 = CARTESIAN_POINT('',(10.6,34.,1.75));
#2134 = DIRECTION('',(-1.,0.,0.));
#2135 = DIRECTION('',(0.,2.22044604925E-16,1.));
#2136 = ADVANCED_FACE('',(#2137),#2143,.F.);
#2137 = FACE_BOUND('',#2138,.F.);
#2138 = EDGE_LOOP('',(#2139,#2140,#2141,#2142));
#2139 = ORIENTED_EDGE('',*,*,#1659,.F.);
#2140 = ORIENTED_EDGE('',*,*,#2092,.T.);
#2141 = ORIENTED_EDGE('',*,*,#1306,.F.);
#2142 = ORIENTED_EDGE('',*,*,#2124,.F.);
#2143 = PLANE('',#2144);
#2144 = AXIS2_PLACEMENT_3D('',#2145,#2146,#2147);
#2145 = CARTESIAN_POINT('',(11.6,34.,1.75));
#2146 = DIRECTION('',(-0.,-2.22044604925E-16,-1.));
#2147 = DIRECTION('',(-1.,0.,0.));
#2148 = ADVANCED_FACE('',(#2149),#2165,.F.);
#2149 = FACE_BOUND('',#2150,.F.);
#2150 = EDGE_LOOP('',(#2151,#2152,#2158,#2159));
#2151 = ORIENTED_EDGE('',*,*,#1685,.F.);
#2152 = ORIENTED_EDGE('',*,*,#2153,.T.);
#2153 = EDGE_CURVE('',#1678,#1333,#2154,.T.);
#2154 = LINE('',#2155,#2156);
#2155 = CARTESIAN_POINT('',(6.4,34.,11.75));
#2156 = VECTOR('',#2157,1.);
#2157 = DIRECTION('',(0.,-1.,2.22044604925E-16));
#2158 = ORIENTED_EDGE('',*,*,#1330,.F.);
#2159 = ORIENTED_EDGE('',*,*,#2160,.F.);
#2160 = EDGE_CURVE('',#1686,#1331,#2161,.T.);
#2161 = LINE('',#2162,#2163);
#2162 = CARTESIAN_POINT('',(6.4,34.,1.75));
#2163 = VECTOR('',#2164,1.);
#2164 = DIRECTION('',(0.,-1.,2.22044604925E-16));
#2165 = PLANE('',#2166);
#2166 = AXIS2_PLACEMENT_3D('',#2167,#2168,#2169);
#2167 = CARTESIAN_POINT('',(6.4,34.,11.75));
#2168 = DIRECTION('',(1.,0.,0.));
#2169 = DIRECTION('',(0.,-2.22044604925E-16,-1.));
#2170 = ADVANCED_FACE('',(#2171),#2182,.F.);
#2171 = FACE_BOUND('',#2172,.F.);
#2172 = EDGE_LOOP('',(#2173,#2174,#2180,#2181));
#2173 = ORIENTED_EDGE('',*,*,#1675,.F.);
#2174 = ORIENTED_EDGE('',*,*,#2175,.T.);
#2175 = EDGE_CURVE('',#1676,#1349,#2176,.T.);
#2176 = LINE('',#2177,#2178);
#2177 = CARTESIAN_POINT('',(5.4,34.,11.75));
#2178 = VECTOR('',#2179,1.);
#2179 = DIRECTION('',(0.,-1.,2.22044604925E-16));
#2180 = ORIENTED_EDGE('',*,*,#1356,.F.);
#2181 = ORIENTED_EDGE('',*,*,#2153,.F.);
#2182 = PLANE('',#2183);
#2183 = AXIS2_PLACEMENT_3D('',#2184,#2185,#2186);
#2184 = CARTESIAN_POINT('',(5.4,34.,11.75));
#2185 = DIRECTION('',(0.,2.22044604925E-16,1.));
#2186 = DIRECTION('',(1.,0.,0.));
#2187 = ADVANCED_FACE('',(#2188),#2199,.F.);
#2188 = FACE_BOUND('',#2189,.F.);
#2189 = EDGE_LOOP('',(#2190,#2191,#2197,#2198));
#2190 = ORIENTED_EDGE('',*,*,#1701,.F.);
#2191 = ORIENTED_EDGE('',*,*,#2192,.T.);
#2192 = EDGE_CURVE('',#1694,#1341,#2193,.T.);
#2193 = LINE('',#2194,#2195);
#2194 = CARTESIAN_POINT('',(5.4,34.,1.75));
#2195 = VECTOR('',#2196,1.);
#2196 = DIRECTION('',(0.,-1.,2.22044604925E-16));
#2197 = ORIENTED_EDGE('',*,*,#1348,.F.);
#2198 = ORIENTED_EDGE('',*,*,#2175,.F.);
#2199 = PLANE('',#2200);
#2200 = AXIS2_PLACEMENT_3D('',#2201,#2202,#2203);
#2201 = CARTESIAN_POINT('',(5.4,34.,1.75));
#2202 = DIRECTION('',(-1.,0.,0.));
#2203 = DIRECTION('',(0.,2.22044604925E-16,1.));
#2204 = ADVANCED_FACE('',(#2205),#2211,.F.);
#2205 = FACE_BOUND('',#2206,.F.);
#2206 = EDGE_LOOP('',(#2207,#2208,#2209,#2210));
#2207 = ORIENTED_EDGE('',*,*,#1693,.F.);
#2208 = ORIENTED_EDGE('',*,*,#2160,.T.);
#2209 = ORIENTED_EDGE('',*,*,#1340,.F.);
#2210 = ORIENTED_EDGE('',*,*,#2192,.F.);
#2211 = PLANE('',#2212);
#2212 = AXIS2_PLACEMENT_3D('',#2213,#2214,#2215);
#2213 = CARTESIAN_POINT('',(6.4,34.,1.75));
#2214 = DIRECTION('',(-0.,-2.22044604925E-16,-1.));
#2215 = DIRECTION('',(-1.,0.,0.));
#2216 = ADVANCED_FACE('',(#2217),#2233,.F.);
#2217 = FACE_BOUND('',#2218,.F.);
#2218 = EDGE_LOOP('',(#2219,#2220,#2226,#2227));
#2219 = ORIENTED_EDGE('',*,*,#1719,.F.);
#2220 = ORIENTED_EDGE('',*,*,#2221,.T.);
#2221 = EDGE_CURVE('',#1712,#1367,#2222,.T.);
#2222 = LINE('',#2223,#2224);
#2223 = CARTESIAN_POINT('',(1.2,34.,11.75));
#2224 = VECTOR('',#2225,1.);
#2225 = DIRECTION('',(0.,-1.,2.22044604925E-16));
#2226 = ORIENTED_EDGE('',*,*,#1364,.F.);
#2227 = ORIENTED_EDGE('',*,*,#2228,.F.);
#2228 = EDGE_CURVE('',#1720,#1365,#2229,.T.);
#2229 = LINE('',#2230,#2231);
#2230 = CARTESIAN_POINT('',(1.2,34.,1.75));
#2231 = VECTOR('',#2232,1.);
#2232 = DIRECTION('',(0.,-1.,2.22044604925E-16));
#2233 = PLANE('',#2234);
#2234 = AXIS2_PLACEMENT_3D('',#2235,#2236,#2237);
#2235 = CARTESIAN_POINT('',(1.2,34.,11.75));
#2236 = DIRECTION('',(1.,0.,0.));
#2237 = DIRECTION('',(0.,-2.22044604925E-16,-1.));
#2238 = ADVANCED_FACE('',(#2239),#2250,.F.);
#2239 = FACE_BOUND('',#2240,.F.);
#2240 = EDGE_LOOP('',(#2241,#2242,#2248,#2249));
#2241 = ORIENTED_EDGE('',*,*,#1709,.F.);
#2242 = ORIENTED_EDGE('',*,*,#2243,.T.);
#2243 = EDGE_CURVE('',#1710,#1383,#2244,.T.);
#2244 = LINE('',#2245,#2246);
#2245 = CARTESIAN_POINT('',(0.2,34.,11.75));
#2246 = VECTOR('',#2247,1.);
#2247 = DIRECTION('',(0.,-1.,2.22044604925E-16));
#2248 = ORIENTED_EDGE('',*,*,#1390,.F.);
#2249 = ORIENTED_EDGE('',*,*,#2221,.F.);
#2250 = PLANE('',#2251);
#2251 = AXIS2_PLACEMENT_3D('',#2252,#2253,#2254);
#2252 = CARTESIAN_POINT('',(0.2,34.,11.75));
#2253 = DIRECTION('',(0.,2.22044604925E-16,1.));
#2254 = DIRECTION('',(1.,0.,0.));
#2255 = ADVANCED_FACE('',(#2256),#2267,.F.);
#2256 = FACE_BOUND('',#2257,.F.);
#2257 = EDGE_LOOP('',(#2258,#2259,#2265,#2266));
#2258 = ORIENTED_EDGE('',*,*,#1735,.F.);
#2259 = ORIENTED_EDGE('',*,*,#2260,.T.);
#2260 = EDGE_CURVE('',#1728,#1375,#2261,.T.);
#2261 = LINE('',#2262,#2263);
#2262 = CARTESIAN_POINT('',(0.2,34.,1.75));
#2263 = VECTOR('',#2264,1.);
#2264 = DIRECTION('',(0.,-1.,2.22044604925E-16));
#2265 = ORIENTED_EDGE('',*,*,#1382,.F.);
#2266 = ORIENTED_EDGE('',*,*,#2243,.F.);
#2267 = PLANE('',#2268);
#2268 = AXIS2_PLACEMENT_3D('',#2269,#2270,#2271);
#2269 = CARTESIAN_POINT('',(0.2,34.,1.75));
#2270 = DIRECTION('',(-1.,0.,0.));
#2271 = DIRECTION('',(0.,2.22044604925E-16,1.));
#2272 = ADVANCED_FACE('',(#2273),#2279,.F.);
#2273 = FACE_BOUND('',#2274,.F.);
#2274 = EDGE_LOOP('',(#2275,#2276,#2277,#2278));
#2275 = ORIENTED_EDGE('',*,*,#1727,.F.);
#2276 = ORIENTED_EDGE('',*,*,#2228,.T.);
#2277 = ORIENTED_EDGE('',*,*,#1374,.F.);
#2278 = ORIENTED_EDGE('',*,*,#2260,.F.);
#2279 = PLANE('',#2280);
#2280 = AXIS2_PLACEMENT_3D('',#2281,#2282,#2283);
#2281 = CARTESIAN_POINT('',(1.2,34.,1.75));
#2282 = DIRECTION('',(-0.,-2.22044604925E-16,-1.));
#2283 = DIRECTION('',(-1.,0.,0.));
#2284 = ADVANCED_FACE('',(#2285),#2301,.F.);
#2285 = FACE_BOUND('',#2286,.F.);
#2286 = EDGE_LOOP('',(#2287,#2288,#2294,#2295));
#2287 = ORIENTED_EDGE('',*,*,#1753,.F.);
#2288 = ORIENTED_EDGE('',*,*,#2289,.T.);
#2289 = EDGE_CURVE('',#1746,#1401,#2290,.T.);
#2290 = LINE('',#2291,#2292);
#2291 = CARTESIAN_POINT('',(-4.,34.,11.75));
#2292 = VECTOR('',#2293,1.);
#2293 = DIRECTION('',(0.,-1.,2.22044604925E-16));
#2294 = ORIENTED_EDGE('',*,*,#1398,.F.);
#2295 = ORIENTED_EDGE('',*,*,#2296,.F.);
#2296 = EDGE_CURVE('',#1754,#1399,#2297,.T.);
#2297 = LINE('',#2298,#2299);
#2298 = CARTESIAN_POINT('',(-4.,34.,1.75));
#2299 = VECTOR('',#2300,1.);
#2300 = DIRECTION('',(0.,-1.,2.22044604925E-16));
#2301 = PLANE('',#2302);
#2302 = AXIS2_PLACEMENT_3D('',#2303,#2304,#2305);
#2303 = CARTESIAN_POINT('',(-4.,34.,11.75));
#2304 = DIRECTION('',(1.,0.,0.));
#2305 = DIRECTION('',(0.,-2.22044604925E-16,-1.));
#2306 = ADVANCED_FACE('',(#2307),#2318,.F.);
#2307 = FACE_BOUND('',#2308,.F.);
#2308 = EDGE_LOOP('',(#2309,#2310,#2316,#2317));
#2309 = ORIENTED_EDGE('',*,*,#1743,.F.);
#2310 = ORIENTED_EDGE('',*,*,#2311,.T.);
#2311 = EDGE_CURVE('',#1744,#1417,#2312,.T.);
#2312 = LINE('',#2313,#2314);
#2313 = CARTESIAN_POINT('',(-5.,34.,11.75));
#2314 = VECTOR('',#2315,1.);
#2315 = DIRECTION('',(0.,-1.,2.22044604925E-16));
#2316 = ORIENTED_EDGE('',*,*,#1424,.F.);
#2317 = ORIENTED_EDGE('',*,*,#2289,.F.);
#2318 = PLANE('',#2319);
#2319 = AXIS2_PLACEMENT_3D('',#2320,#2321,#2322);
#2320 = CARTESIAN_POINT('',(-5.,34.,11.75));
#2321 = DIRECTION('',(0.,2.22044604925E-16,1.));
#2322 = DIRECTION('',(1.,0.,0.));
#2323 = ADVANCED_FACE('',(#2324),#2335,.F.);
#2324 = FACE_BOUND('',#2325,.F.);
#2325 = EDGE_LOOP('',(#2326,#2327,#2333,#2334));
#2326 = ORIENTED_EDGE('',*,*,#1769,.F.);
#2327 = ORIENTED_EDGE('',*,*,#2328,.T.);
#2328 = EDGE_CURVE('',#1762,#1409,#2329,.T.);
#2329 = LINE('',#2330,#2331);
#2330 = CARTESIAN_POINT('',(-5.,34.,1.75));
#2331 = VECTOR('',#2332,1.);
#2332 = DIRECTION('',(0.,-1.,2.22044604925E-16));
#2333 = ORIENTED_EDGE('',*,*,#1416,.F.);
#2334 = ORIENTED_EDGE('',*,*,#2311,.F.);
#2335 = PLANE('',#2336);
#2336 = AXIS2_PLACEMENT_3D('',#2337,#2338,#2339);
#2337 = CARTESIAN_POINT('',(-5.,34.,1.75));
#2338 = DIRECTION('',(-1.,0.,0.));
#2339 = DIRECTION('',(0.,2.22044604925E-16,1.));
#2340 = ADVANCED_FACE('',(#2341),#2347,.F.);
#2341 = FACE_BOUND('',#2342,.F.);
#2342 = EDGE_LOOP('',(#2343,#2344,#2345,#2346));
#2343 = ORIENTED_EDGE('',*,*,#1761,.F.);
#2344 = ORIENTED_EDGE('',*,*,#2296,.T.);
#2345 = ORIENTED_EDGE('',*,*,#1408,.F.);
#2346 = ORIENTED_EDGE('',*,*,#2328,.F.);
#2347 = PLANE('',#2348);
#2348 = AXIS2_PLACEMENT_3D('',#2349,#2350,#2351);
#2349 = CARTESIAN_POINT('',(-4.,34.,1.75));
#2350 = DIRECTION('',(-0.,-2.22044604925E-16,-1.));
#2351 = DIRECTION('',(-1.,0.,0.));
#2352 = ADVANCED_FACE('',(#2353,#2356),#2367,.F.);
#2353 = FACE_BOUND('',#2354,.T.);
#2354 = EDGE_LOOP('',(#2355));
#2355 = ORIENTED_EDGE('',*,*,#1446,.T.);
#2356 = FACE_BOUND('',#2357,.F.);
#2357 = EDGE_LOOP('',(#2358));
#2358 = ORIENTED_EDGE('',*,*,#2359,.T.);
#2359 = EDGE_CURVE('',#2360,#2360,#2362,.T.);
#2360 = VERTEX_POINT('',#2361);
#2361 = CARTESIAN_POINT('',(-27.62,-26.42,8.34));
#2362 = CIRCLE('',#2363,1.35);
#2363 = AXIS2_PLACEMENT_3D('',#2364,#2365,#2366);
#2364 = CARTESIAN_POINT('',(-28.97,-26.42,8.34));
#2365 = DIRECTION('',(0.,0.,-1.));
#2366 = DIRECTION('',(1.,0.,0.));
#2367 = PLANE('',#2368);
#2368 = AXIS2_PLACEMENT_3D('',#2369,#2370,#2371);
#2369 = CARTESIAN_POINT('',(7.858851336433E-17,9.43062160372E-16,8.34));
#2370 = DIRECTION('',(0.,0.,1.));
#2371 = DIRECTION('',(1.,0.,0.));
#2372 = ADVANCED_FACE('',(#2373,#2376),#2387,.F.);
#2373 = FACE_BOUND('',#2374,.T.);
#2374 = EDGE_LOOP('',(#2375));
#2375 = ORIENTED_EDGE('',*,*,#1471,.T.);
#2376 = FACE_BOUND('',#2377,.F.);
#2377 = EDGE_LOOP('',(#2378));
#2378 = ORIENTED_EDGE('',*,*,#2379,.T.);
#2379 = EDGE_CURVE('',#2380,#2380,#2382,.T.);
#2380 = VERTEX_POINT('',#2381);
#2381 = CARTESIAN_POINT('',(30.32,-26.42,8.34));
#2382 = CIRCLE('',#2383,1.35);
#2383 = AXIS2_PLACEMENT_3D('',#2384,#2385,#2386);
#2384 = CARTESIAN_POINT('',(28.97,-26.42,8.34));
#2385 = DIRECTION('',(0.,0.,-1.));
#2386 = DIRECTION('',(1.,0.,0.));
#2387 = PLANE('',#2388);
#2388 = AXIS2_PLACEMENT_3D('',#2389,#2390,#2391);
#2389 = CARTESIAN_POINT('',(7.858851336433E-17,9.43062160372E-16,8.34));
#2390 = DIRECTION('',(0.,0.,1.));
#2391 = DIRECTION('',(1.,0.,0.));
#2392 = ADVANCED_FACE('',(#2393,#2396),#2407,.F.);
#2393 = FACE_BOUND('',#2394,.T.);
#2394 = EDGE_LOOP('',(#2395));
#2395 = ORIENTED_EDGE('',*,*,#1496,.T.);
#2396 = FACE_BOUND('',#2397,.F.);
#2397 = EDGE_LOOP('',(#2398));
#2398 = ORIENTED_EDGE('',*,*,#2399,.T.);
#2399 = EDGE_CURVE('',#2400,#2400,#2402,.T.);
#2400 = VERTEX_POINT('',#2401);
#2401 = CARTESIAN_POINT('',(-27.62,26.42,8.34));
#2402 = CIRCLE('',#2403,1.35);
#2403 = AXIS2_PLACEMENT_3D('',#2404,#2405,#2406);
#2404 = CARTESIAN_POINT('',(-28.97,26.42,8.34));
#2405 = DIRECTION('',(0.,0.,-1.));
#2406 = DIRECTION('',(1.,0.,0.));
#2407 = PLANE('',#2408);
#2408 = AXIS2_PLACEMENT_3D('',#2409,#2410,#2411);
#2409 = CARTESIAN_POINT('',(7.858851336433E-17,9.43062160372E-16,8.34));
#2410 = DIRECTION('',(0.,0.,1.));
#2411 = DIRECTION('',(1.,0.,0.));
#2412 = ADVANCED_FACE('',(#2413,#2416),#2427,.F.);
#2413 = FACE_BOUND('',#2414,.T.);
#2414 = EDGE_LOOP('',(#2415));
#2415 = ORIENTED_EDGE('',*,*,#1521,.T.);
#2416 = FACE_BOUND('',#2417,.F.);
#2417 = EDGE_LOOP('',(#2418));
#2418 = ORIENTED_EDGE('',*,*,#2419,.T.);
#2419 = EDGE_CURVE('',#2420,#2420,#2422,.T.);
#2420 = VERTEX_POINT('',#2421);
#2421 = CARTESIAN_POINT('',(30.32,26.42,8.34));
#2422 = CIRCLE('',#2423,1.35);
#2423 = AXIS2_PLACEMENT_3D('',#2424,#2425,#2426);
#2424 = CARTESIAN_POINT('',(28.97,26.42,8.34));
#2425 = DIRECTION('',(0.,0.,-1.));
#2426 = DIRECTION('',(1.,0.,0.));
#2427 = PLANE('',#2428);
#2428 = AXIS2_PLACEMENT_3D('',#2429,#2430,#2431);
#2429 = CARTESIAN_POINT('',(7.858851336433E-17,9.43062160372E-16,8.34));
#2430 = DIRECTION('',(0.,0.,1.));
#2431 = DIRECTION('',(1.,0.,0.));
#2432 = ADVANCED_FACE('',(#2433),#2439,.T.);
#2433 = FACE_BOUND('',#2434,.F.);
#2434 = EDGE_LOOP('',(#2435,#2436,#2437,#2438));
#2435 = ORIENTED_EDGE('',*,*,#1555,.F.);
#2436 = ORIENTED_EDGE('',*,*,#1802,.T.);
#2437 = ORIENTED_EDGE('',*,*,#1868,.T.);
#2438 = ORIENTED_EDGE('',*,*,#1884,.F.);
#2439 = CYLINDRICAL_SURFACE('',#2440,3.);
#2440 = AXIS2_PLACEMENT_3D('',#2441,#2442,#2443);
#2441 = CARTESIAN_POINT('',(35.25,31.,13.84));
#2442 = DIRECTION('',(-1.,0.,0.));
#2443 = DIRECTION('',(0.,1.,0.));
#2444 = ADVANCED_FACE('',(#2445),#2464,.F.);
#2445 = FACE_BOUND('',#2446,.T.);
#2446 = EDGE_LOOP('',(#2447,#2455,#2456,#2457));
#2447 = ORIENTED_EDGE('',*,*,#2448,.T.);
#2448 = EDGE_CURVE('',#2449,#2360,#2451,.T.);
#2449 = VERTEX_POINT('',#2450);
#2450 = CARTESIAN_POINT('',(-27.62,-26.42,14.34));
#2451 = LINE('',#2452,#2453);
#2452 = CARTESIAN_POINT('',(-27.62,-26.42,14.34));
#2453 = VECTOR('',#2454,1.);
#2454 = DIRECTION('',(0.,0.,-1.));
#2455 = ORIENTED_EDGE('',*,*,#2359,.T.);
#2456 = ORIENTED_EDGE('',*,*,#2448,.F.);
#2457 = ORIENTED_EDGE('',*,*,#2458,.F.);
#2458 = EDGE_CURVE('',#2449,#2449,#2459,.T.);
#2459 = CIRCLE('',#2460,1.35);
#2460 = AXIS2_PLACEMENT_3D('',#2461,#2462,#2463);
#2461 = CARTESIAN_POINT('',(-28.97,-26.42,14.34));
#2462 = DIRECTION('',(0.,0.,-1.));
#2463 = DIRECTION('',(1.,0.,0.));
#2464 = CYLINDRICAL_SURFACE('',#2465,1.35);
#2465 = AXIS2_PLACEMENT_3D('',#2466,#2467,#2468);
#2466 = CARTESIAN_POINT('',(-28.97,-26.42,14.34));
#2467 = DIRECTION('',(0.,0.,1.));
#2468 = DIRECTION('',(1.,0.,0.));
#2469 = ADVANCED_FACE('',(#2470),#2489,.F.);
#2470 = FACE_BOUND('',#2471,.T.);
#2471 = EDGE_LOOP('',(#2472,#2480,#2481,#2482));
#2472 = ORIENTED_EDGE('',*,*,#2473,.T.);
#2473 = EDGE_CURVE('',#2474,#2380,#2476,.T.);
#2474 = VERTEX_POINT('',#2475);
#2475 = CARTESIAN_POINT('',(30.32,-26.42,14.34));
#2476 = LINE('',#2477,#2478);
#2477 = CARTESIAN_POINT('',(30.32,-26.42,14.34));
#2478 = VECTOR('',#2479,1.);
#2479 = DIRECTION('',(0.,0.,-1.));
#2480 = ORIENTED_EDGE('',*,*,#2379,.T.);
#2481 = ORIENTED_EDGE('',*,*,#2473,.F.);
#2482 = ORIENTED_EDGE('',*,*,#2483,.F.);
#2483 = EDGE_CURVE('',#2474,#2474,#2484,.T.);
#2484 = CIRCLE('',#2485,1.35);
#2485 = AXIS2_PLACEMENT_3D('',#2486,#2487,#2488);
#2486 = CARTESIAN_POINT('',(28.97,-26.42,14.34));
#2487 = DIRECTION('',(0.,0.,-1.));
#2488 = DIRECTION('',(1.,0.,0.));
#2489 = CYLINDRICAL_SURFACE('',#2490,1.35);
#2490 = AXIS2_PLACEMENT_3D('',#2491,#2492,#2493);
#2491 = CARTESIAN_POINT('',(28.97,-26.42,14.34));
#2492 = DIRECTION('',(0.,0.,1.));
#2493 = DIRECTION('',(1.,0.,0.));
#2494 = ADVANCED_FACE('',(#2495),#2514,.F.);
#2495 = FACE_BOUND('',#2496,.T.);
#2496 = EDGE_LOOP('',(#2497,#2505,#2506,#2507));
#2497 = ORIENTED_EDGE('',*,*,#2498,.T.);
#2498 = EDGE_CURVE('',#2499,#2400,#2501,.T.);
#2499 = VERTEX_POINT('',#2500);
#2500 = CARTESIAN_POINT('',(-27.62,26.42,14.34));
#2501 = LINE('',#2502,#2503);
#2502 = CARTESIAN_POINT('',(-27.62,26.42,14.34));
#2503 = VECTOR('',#2504,1.);
#2504 = DIRECTION('',(0.,0.,-1.));
#2505 = ORIENTED_EDGE('',*,*,#2399,.T.);
#2506 = ORIENTED_EDGE('',*,*,#2498,.F.);
#2507 = ORIENTED_EDGE('',*,*,#2508,.F.);
#2508 = EDGE_CURVE('',#2499,#2499,#2509,.T.);
#2509 = CIRCLE('',#2510,1.35);
#2510 = AXIS2_PLACEMENT_3D('',#2511,#2512,#2513);
#2511 = CARTESIAN_POINT('',(-28.97,26.42,14.34));
#2512 = DIRECTION('',(0.,0.,-1.));
#2513 = DIRECTION('',(1.,0.,0.));
#2514 = CYLINDRICAL_SURFACE('',#2515,1.35);
#2515 = AXIS2_PLACEMENT_3D('',#2516,#2517,#2518);
#2516 = CARTESIAN_POINT('',(-28.97,26.42,14.34));
#2517 = DIRECTION('',(0.,0.,1.));
#2518 = DIRECTION('',(1.,0.,0.));
#2519 = ADVANCED_FACE('',(#2520),#2539,.F.);
#2520 = FACE_BOUND('',#2521,.T.);
#2521 = EDGE_LOOP('',(#2522,#2530,#2531,#2532));
#2522 = ORIENTED_EDGE('',*,*,#2523,.T.);
#2523 = EDGE_CURVE('',#2524,#2420,#2526,.T.);
#2524 = VERTEX_POINT('',#2525);
#2525 = CARTESIAN_POINT('',(30.32,26.42,14.34));
#2526 = LINE('',#2527,#2528);
#2527 = CARTESIAN_POINT('',(30.32,26.42,14.34));
#2528 = VECTOR('',#2529,1.);
#2529 = DIRECTION('',(0.,0.,-1.));
#2530 = ORIENTED_EDGE('',*,*,#2419,.T.);
#2531 = ORIENTED_EDGE('',*,*,#2523,.F.);
#2532 = ORIENTED_EDGE('',*,*,#2533,.F.);
#2533 = EDGE_CURVE('',#2524,#2524,#2534,.T.);
#2534 = CIRCLE('',#2535,1.35);
#2535 = AXIS2_PLACEMENT_3D('',#2536,#2537,#2538);
#2536 = CARTESIAN_POINT('',(28.97,26.42,14.34));
#2537 = DIRECTION('',(0.,0.,-1.));
#2538 = DIRECTION('',(1.,0.,0.));
#2539 = CYLINDRICAL_SURFACE('',#2540,1.35);
#2540 = AXIS2_PLACEMENT_3D('',#2541,#2542,#2543);
#2541 = CARTESIAN_POINT('',(28.97,26.42,14.34));
#2542 = DIRECTION('',(0.,0.,1.));
#2543 = DIRECTION('',(1.,0.,0.));
#2544 = ADVANCED_FACE('',(#2545),#2548,.F.);
#2545 = FACE_BOUND('',#2546,.F.);
#2546 = EDGE_LOOP('',(#2547));
#2547 = ORIENTED_EDGE('',*,*,#2458,.F.);
#2548 = PLANE('',#2549);
#2549 = AXIS2_PLACEMENT_3D('',#2550,#2551,#2552);
#2550 = CARTESIAN_POINT('',(0.,0.,14.34));
#2551 = DIRECTION('',(0.,0.,1.));
#2552 = DIRECTION('',(1.,0.,0.));
#2553 = ADVANCED_FACE('',(#2554),#2557,.F.);
#2554 = FACE_BOUND('',#2555,.F.);
#2555 = EDGE_LOOP('',(#2556));
#2556 = ORIENTED_EDGE('',*,*,#2483,.F.);
#2557 = PLANE('',#2558);
#2558 = AXIS2_PLACEMENT_3D('',#2559,#2560,#2561);
#2559 = CARTESIAN_POINT('',(0.,0.,14.34));
#2560 = DIRECTION('',(0.,0.,1.));
#2561 = DIRECTION('',(1.,0.,0.));
#2562 = ADVANCED_FACE('',(#2563),#2566,.F.);
#2563 = FACE_BOUND('',#2564,.F.);
#2564 = EDGE_LOOP('',(#2565));
#2565 = ORIENTED_EDGE('',*,*,#2508,.F.);
#2566 = PLANE('',#2567);
#2567 = AXIS2_PLACEMENT_3D('',#2568,#2569,#2570);
#2568 = CARTESIAN_POINT('',(0.,0.,14.34));
#2569 = DIRECTION('',(0.,0.,1.));
#2570 = DIRECTION('',(1.,0.,0.));
#2571 = ADVANCED_FACE('',(#2572),#2575,.F.);
#2572 = FACE_BOUND('',#2573,.F.);
#2573 = EDGE_LOOP('',(#2574));
#2574 = ORIENTED_EDGE('',*,*,#2533,.F.);
#2575 = PLANE('',#2576);
#2576 = AXIS2_PLACEMENT_3D('',#2577,#2578,#2579);
#2577 = CARTESIAN_POINT('',(0.,0.,14.34));
#2578 = DIRECTION('',(0.,0.,1.));
#2579 = DIRECTION('',(1.,0.,0.));
#2580 = ( GEOMETRIC_REPRESENTATION_CONTEXT(3) 
GLOBAL_UNCERTAINTY_ASSIGNED_CONTEXT((#2584)) 
GLOBAL_UNIT_ASSIGNED_CONTEXT((#2581,#2582,#2583)) REPRESENTATION_CONTEXT
('Context #1','3D Context with UNIT and UNCERTAINTY') );
#2581 = ( LENGTH_UNIT() NAMED_UNIT(*) SI_UNIT(.MILLI.,.METRE.) );
#2582 = ( NAMED_UNIT(*) PLANE_ANGLE_UNIT() SI_UNIT($,.RADIAN.) );
#2583 = ( NAMED_UNIT(*) SI_UNIT($,.STERADIAN.) SOLID_ANGLE_UNIT() );
#2584 = UNCERTAINTY_MEASURE_WITH_UNIT(LENGTH_MEASURE(5.E-05),#2581,
  'distance_accuracy_value','confusion accuracy');
#2585 = PRODUCT_RELATED_PRODUCT_CATEGORY('part',$,(#7));
#2586 = MECHANICAL_DESIGN_GEOMETRIC_PRESENTATION_REPRESENTATION('',(
    #2587),#2580);
#2587 = STYLED_ITEM('color',(#2588),#15);
#2588 = PRESENTATION_STYLE_ASSIGNMENT((#2589,#2597));
#2589 = SURFACE_STYLE_USAGE(.BOTH.,#2590);
#2590 = SURFACE_SIDE_STYLE('',(#2591,#2595));
#2591 = SURFACE_STYLE_FILL_AREA(#2592);
#2592 = FILL_AREA_STYLE('',(#2593));
#2593 = FILL_AREA_STYLE_COLOUR('',#2594);
#2594 = COLOUR_RGB('',0.678431390124,0.709803936702,0.741176476869);
#2595 = SURFACE_STYLE_RENDERING_WITH_PROPERTIES(.NORMAL_SHADING.,#2594,(
    #2596));
#2596 = SURFACE_STYLE_TRANSPARENT(0.699999988079);
#2597 = CURVE_STYLE('',#2598,POSITIVE_LENGTH_MEASURE(0.1),#2599);
#2598 = DRAUGHTING_PRE_DEFINED_CURVE_FONT('continuous');
#2599 = COLOUR_RGB('',9.803921802644E-02,9.803921802644E-02,
  9.803921802644E-02);
ENDSEC;
END-ISO-10303-21;
