ISO-10303-21;
HEADER;
FILE_DESCRIPTION (( 'STEP AP214' ),
    '1' );
FILE_NAME ('SWT0115-020025SSA_rev0.4.STEP',
    '2025-07-15T04:03:32',
    ( '' ),
    ( '' ),
    'SwSTEP 2.0',
    'SolidWorks 2024',
    '' );
FILE_SCHEMA (( 'AUTOMOTIVE_DESIGN' ));
ENDSEC;

DATA;
#1 = LINE ( 'NONE', #642, #1750 ) ;
#2 = SURFACE_STYLE_USAGE ( .BOTH. , #684 ) ;
#3 =( NAMED_UNIT ( * ) PLANE_ANGLE_UNIT ( ) SI_UNIT ( $, .RADIAN. ) );
#4 = DIRECTION ( 'NONE',  ( 1.000000000000000000, 0.000000000000000000, 0.000000000000000000 ) ) ;
#5 =( NAMED_UNIT ( * ) SI_UNIT ( $, .STERADIAN. ) SOLID_ANGLE_UNIT ( ) );
#6 = FACE_OUTER_BOUND ( 'NONE', #2327, .T. ) ;
#7 = SURFACE_STYLE_FILL_AREA ( #137 ) ;
#8 = EDGE_LOOP ( 'NONE', ( #7279, #4172, #8786, #664 ) ) ;
#9 = PRESENTATION_LAYER_ASSIGNMENT (  '', '', ( #1352 ) ) ;
#10 = FILL_AREA_STYLE_COLOUR ( '', #1972 ) ;
#11 = SHAPE_REPRESENTATION ( 'Cover^SWT0115-020025SSA_rev0.4', ( #1253 ), #3337 ) ;
#12 = CARTESIAN_POINT ( 'NONE',  ( -1.750999999999999668, 1.000000000000000000, -1.399000000000000021 ) ) ;
#13 = DIRECTION ( 'NONE',  ( 0.000000000000000000, 0.000000000000000000, -1.000000000000000000 ) ) ;
#14 = PRODUCT_RELATED_PRODUCT_CATEGORY ( 'part', '', ( #3631 ) ) ;
#15 = FILL_AREA_STYLE ('',( #2867 ) ) ;
#16 = STYLED_ITEM ( 'NONE', ( #5618 ), #3522 ) ;
#18 = VERTEX_POINT ( 'NONE', #7555 ) ;
#17 = MECHANICAL_DESIGN_GEOMETRIC_PRESENTATION_REPRESENTATION (  '', ( #4035 ), #3889 ) ;
#19 = FILL_AREA_STYLE ('',( #2872 ) ) ;
#20 = ORIENTED_EDGE ( 'NONE', *, *, #2829, .F. ) ;
#21 = PRESENTATION_STYLE_ASSIGNMENT (( #1573 ) ) ;
#22 = FILL_AREA_STYLE ('',( #1381 ) ) ;
#23 = FILL_AREA_STYLE_COLOUR ( '', #2912 ) ;
#24 = PRESENTATION_LAYER_ASSIGNMENT (  '', '', ( #7420 ) ) ;
#25 = FILL_AREA_STYLE ('',( #2784 ) ) ;
#26 = LINE ( 'NONE', #5609, #9141 ) ;
#27 = VERTEX_POINT ( 'NONE', #2064 ) ;
#28 = DIRECTION ( 'NONE',  ( -0.7071067811865431318, -0.000000000000000000, -0.7071067811865519026 ) ) ;
#29 = CARTESIAN_POINT ( 'NONE',  ( -2.299999999999999822, -1.000000000000000000, -1.399999999999999911 ) ) ;
#30 = CARTESIAN_POINT ( 'NONE',  ( 1.750000000000000000, -1.000000000000000000, -1.399000000000000021 ) ) ;
#31 = ORIENTED_EDGE ( 'NONE', *, *, #8470, .F. ) ;
#32 = AXIS2_PLACEMENT_3D ( 'NONE', #3405, #9040, #4143 ) ;
#33 =( GEOMETRIC_REPRESENTATION_CONTEXT ( 3 ) GLOBAL_UNCERTAINTY_ASSIGNED_CONTEXT ( ( #8711 ) ) GLOBAL_UNIT_ASSIGNED_CONTEXT ( ( #6891, #8897, #5410 ) ) REPRESENTATION_CONTEXT ( 'NONE', 'WORKASPACE' ) );
#34 = FACE_BOUND ( 'NONE', #8704, .T. ) ;
#35 = DIRECTION ( 'NONE',  ( 0.000000000000000000, 0.000000000000000000, 1.000000000000000000 ) ) ;
#36 = ORIENTED_EDGE ( 'NONE', *, *, #4817, .T. ) ;
#37 =( LENGTH_UNIT ( ) NAMED_UNIT ( * ) SI_UNIT ( .MILLI., .METRE. ) );
#38 = EDGE_LOOP ( 'NONE', ( #4053, #8440, #7925, #7291 ) ) ;
#39 = SURFACE_SIDE_STYLE ('',( #2993 ) ) ;
#40 =( LENGTH_UNIT ( ) NAMED_UNIT ( * ) SI_UNIT ( .MILLI., .METRE. ) );
#41 = EDGE_LOOP ( 'NONE', ( #7344, #2016, #1028, #7803 ) ) ;
#42 =( LENGTH_UNIT ( ) NAMED_UNIT ( * ) SI_UNIT ( .MILLI., .METRE. ) );
#43 = STYLED_ITEM ( 'NONE', ( #8732 ), #8943 ) ;
#44 = CARTESIAN_POINT ( 'NONE',  ( 1.350000000000000089, 1.974264068711928388, -1.051378079396599885 ) ) ;
#45 = VECTOR ( 'NONE', #4761, 1000.000000000000000 ) ;
#46 = EDGE_CURVE ( 'NONE', #4522, #114, #2021, .T. ) ;
#47 = DIRECTION ( 'NONE',  ( 0.000000000000000000, -1.000000000000000000, 0.000000000000000000 ) ) ;
#48 =( NAMED_UNIT ( * ) PLANE_ANGLE_UNIT ( ) SI_UNIT ( $, .RADIAN. ) );
#49 = CARTESIAN_POINT ( 'NONE',  ( -1.750000000000000000, 1.550000000000000044, -1.302973369332799836 ) ) ;
#50 = FACE_OUTER_BOUND ( 'NONE', #4945, .T. ) ;
#51 = CIRCLE ( 'NONE', #4206, 0.1499999999999999667 ) ;
#52 = FILL_AREA_STYLE_COLOUR ( '', #2580 ) ;
#53 = LINE ( 'NONE', #6236, #5786 ) ;
#54 = MECHANICAL_DESIGN_GEOMETRIC_PRESENTATION_REPRESENTATION (  '', ( #3332 ), #3621 ) ;
#55 = EDGE_CURVE ( 'NONE', #3806, #7614, #2731, .T. ) ;
#56 = VERTEX_POINT ( 'NONE', #4192 ) ;
#57 = EDGE_CURVE ( 'NONE', #8729, #8921, #4842, .T. ) ;
#58 = CARTESIAN_POINT ( 'NONE',  ( 1.750000000000000000, 0.4000000000000000222, -0.1000000000000000472 ) ) ;
#59 = ADVANCED_FACE ( 'NONE', ( #2530 ), #8097, .T. ) ;
#60 = SURFACE_STYLE_USAGE ( .BOTH. , #6383 ) ;
#61 = ADVANCED_FACE ( 'NONE', ( #4021 ), #4147, .F. ) ;
#62 = LINE ( 'NONE', #7694, #6237 ) ;
#63 = VECTOR ( 'NONE', #6111, 1000.000000000000000 ) ;
#64 = ORIENTED_EDGE ( 'NONE', *, *, #8617, .F. ) ;
#65 = CARTESIAN_POINT ( 'NONE',  ( 1.104999999999999760, -1.550000000000000044, -1.302973369332799836 ) ) ;
#66 = PRESENTATION_LAYER_ASSIGNMENT (  '', '', ( #972 ) ) ;
#67 = SURFACE_STYLE_FILL_AREA ( #3066 ) ;
#68 = STYLED_ITEM ( 'NONE', ( #1045 ), #7584 ) ;
#69 = DIRECTION ( 'NONE',  ( 0.000000000000000000, 1.000000000000000000, -0.000000000000000000 ) ) ;
#70 = ORIENTED_EDGE ( 'NONE', *, *, #7313, .T. ) ;
#71 = UNCERTAINTY_MEASURE_WITH_UNIT (LENGTH_MEASURE( 1.000000000000000082E-05 ), #3890, 'distance_accuracy_value', 'NONE');
#72 =( NAMED_UNIT ( * ) SI_UNIT ( $, .STERADIAN. ) SOLID_ANGLE_UNIT ( ) );
#73 = VECTOR ( 'NONE', #7376, 1000.000000000000114 ) ;
#74 = ORIENTED_EDGE ( 'NONE', *, *, #6315, .T. ) ;
#75 = ADVANCED_FACE ( 'NONE', ( #5594 ), #8436, .F. ) ;
#76 = DIRECTION ( 'NONE',  ( 0.000000000000000000, 1.000000000000000000, 0.000000000000000000 ) ) ;
#77 = FACE_OUTER_BOUND ( 'NONE', #6785, .T. ) ;
#78 = DIRECTION ( 'NONE',  ( 0.000000000000000000, 0.000000000000000000, 1.000000000000000000 ) ) ;
#79 = ORIENTED_EDGE ( 'NONE', *, *, #3304, .F. ) ;
#80 = DIRECTION ( 'NONE',  ( -1.000000000000000000, 0.000000000000000000, 0.000000000000000000 ) ) ;
#81 = COLOUR_RGB ( '',0.4117647058823529216, 0.4117647058823529216, 0.4117647058823529216 ) ;
#82 = ORIENTED_EDGE ( 'NONE', *, *, #1744, .F. ) ;
#83 = COLOUR_RGB ( '',0.4117647058823529216, 0.4117647058823529216, 0.4117647058823529216 ) ;
#84 = CARTESIAN_POINT ( 'NONE',  ( 0.9049999999999999156, 1.449999999999999956, -0.9513780793966000182 ) ) ;
#85 = VERTEX_POINT ( 'NONE', #9044 ) ;
#86 = DIRECTION ( 'NONE',  ( -0.000000000000000000, -0.000000000000000000, -1.000000000000000000 ) ) ;
#87 =( NAMED_UNIT ( * ) SI_UNIT ( $, .STERADIAN. ) SOLID_ANGLE_UNIT ( ) );
#88 = DIRECTION ( 'NONE',  ( 0.000000000000000000, 0.000000000000000000, -1.000000000000000000 ) ) ;
#89 =( LENGTH_UNIT ( ) NAMED_UNIT ( * ) SI_UNIT ( .MILLI., .METRE. ) );
#90 = CARTESIAN_POINT ( 'NONE',  ( -1.750000000000000000, 0.5000000000000000000, -1.399999999999999911 ) ) ;
#91 = LINE ( 'NONE', #5102, #2084 ) ;
#92 =( NAMED_UNIT ( * ) SI_UNIT ( $, .STERADIAN. ) SOLID_ANGLE_UNIT ( ) );
#93 = DIRECTION ( 'NONE',  ( 1.000000000000000000, 0.000000000000000000, 0.000000000000000000 ) ) ;
#94 = FACE_OUTER_BOUND ( 'NONE', #5403, .T. ) ;
#95 =( LENGTH_UNIT ( ) NAMED_UNIT ( * ) SI_UNIT ( .MILLI., .METRE. ) );
#96 = VECTOR ( 'NONE', #7724, 1000.000000000000000 ) ;
#97 = DIRECTION ( 'NONE',  ( -1.000000000000000000, 0.000000000000000000, 0.000000000000000000 ) ) ;
#98 = DIRECTION ( 'NONE',  ( 0.000000000000000000, 1.000000000000000000, 0.000000000000000000 ) ) ;
#99 = FACE_OUTER_BOUND ( 'NONE', #435, .T. ) ;
#100 = EDGE_CURVE ( 'NONE', #3577, #4160, #2766, .T. ) ;
#101 = MECHANICAL_DESIGN_GEOMETRIC_PRESENTATION_REPRESENTATION (  '', ( #3833 ), #6452 ) ;
#102 = FACE_OUTER_BOUND ( 'NONE', #4547, .T. ) ;
#103 = EDGE_LOOP ( 'NONE', ( #2045, #5603, #2055, #2568 ) ) ;
#104 = EDGE_CURVE ( 'NONE', #4451, #7614, #1452, .T. ) ;
#105 = MECHANICAL_DESIGN_GEOMETRIC_PRESENTATION_REPRESENTATION (  '', ( #3389 ), #5146 ) ;
#106 = DIRECTION ( 'NONE',  ( 0.000000000000000000, 0.000000000000000000, 1.000000000000000000 ) ) ;
#107 = DIRECTION ( 'NONE',  ( 1.000000000000000000, 0.000000000000000000, 0.000000000000000000 ) ) ;
#108 = DIRECTION ( 'NONE',  ( 1.000000000000000000, 0.000000000000000000, 0.000000000000000000 ) ) ;
#109 = CARTESIAN_POINT ( 'NONE',  ( 2.299999999999999822, 1.000000000000000000, -1.399999999999999911 ) ) ;
#110 = ORIENTED_EDGE ( 'NONE', *, *, #3143, .F. ) ;
#111 = CARTESIAN_POINT ( 'NONE',  ( 0.9849999999999967670, -0.4459324456745000220, -1.684999999999998943 ) ) ;
#112 = COLOUR_RGB ( '',0.7921568627450980005, 0.8196078431372548767, 0.9333333333333333481 ) ;
#113 =( NAMED_UNIT ( * ) PLANE_ANGLE_UNIT ( ) SI_UNIT ( $, .RADIAN. ) );
#114 = VERTEX_POINT ( 'NONE', #7817 ) ;
#115 = VECTOR ( 'NONE', #6166, 1000.000000000000000 ) ;
#116 =( LENGTH_UNIT ( ) NAMED_UNIT ( * ) SI_UNIT ( .MILLI., .METRE. ) );
#117 = ORIENTED_EDGE ( 'NONE', *, *, #6905, .T. ) ;
#118 = DIRECTION ( 'NONE',  ( -0.000000000000000000, -1.000000000000000000, -0.000000000000000000 ) ) ;
#119 = LINE ( 'NONE', #3033, #1458 ) ;
#120 = EDGE_LOOP ( 'NONE', ( #2989, #1201, #3521, #3489 ) ) ;
#121 = AXIS2_PLACEMENT_3D ( 'NONE', #626, #9159, #8419 ) ;
#122 = EDGE_CURVE ( 'NONE', #8144, #4692, #135, .T. ) ;
#123 = VECTOR ( 'NONE', #6116, 1000.000000000000000 ) ;
#124 = DIRECTION ( 'NONE',  ( 0.000000000000000000, -1.000000000000000000, 0.000000000000000000 ) ) ;
#125 = ORIENTED_EDGE ( 'NONE', *, *, #2507, .T. ) ;
#126 = FILL_AREA_STYLE_COLOUR ( '', #4448 ) ;
#127 = STYLED_ITEM ( 'NONE', ( #4414 ), #3329 ) ;
#128 = CARTESIAN_POINT ( 'NONE',  ( -1.399999999999999911, -1.300000000000000044, -0.1000000000000000472 ) ) ;
#129 = PRESENTATION_LAYER_ASSIGNMENT (  '', '', ( #8720 ) ) ;
#130 = FILL_AREA_STYLE ('',( #5047 ) ) ;
#131 = CIRCLE ( 'NONE', #8277, 0.1199999999999999956 ) ;
#132 = CARTESIAN_POINT ( 'NONE',  ( 1.299999999999998712, 0.4540675543254999447, -1.369999999999999885 ) ) ;
#133 = PLANE ( 'NONE',  #6003 ) ;
#134 =( NAMED_UNIT ( * ) PLANE_ANGLE_UNIT ( ) SI_UNIT ( $, .RADIAN. ) );
#135 = LINE ( 'NONE', #1507, #3770 ) ;
#136 = FILL_AREA_STYLE_COLOUR ( '', #5059 ) ;
#137 = FILL_AREA_STYLE ('',( #1510 ) ) ;
#138 = VERTEX_POINT ( 'NONE', #3050 ) ;
#139 = SURFACE_SIDE_STYLE ('',( #1414 ) ) ;
#140 = CARTESIAN_POINT ( 'NONE',  ( 1.729999999999999982, -0.4225320565518999594, -0.1000000000000000472 ) ) ;
#141 = CARTESIAN_POINT ( 'NONE',  ( -1.350000000000000089, 1.449999999999999956, -0.1000000000000000472 ) ) ;
#142 = SURFACE_STYLE_USAGE ( .BOTH. , #7972 ) ;
#143 = B_SPLINE_CURVE_WITH_KNOTS ( 'NONE', 3,
 ( #6608, #5237, #2348, #3045, #887, #835 ),
 .UNSPECIFIED., .F., .F.,
 ( 4, 1, 1, 4 ),
 ( 0.000000000000000000, 0.3333333333333000081, 0.6666666666667000474, 1.000000000000000000 ),
 .UNSPECIFIED. ) ;
#144 = UNCERTAINTY_MEASURE_WITH_UNIT (LENGTH_MEASURE( 1.000000000000000082E-05 ), #537, 'distance_accuracy_value', 'NONE');
#145 =( LENGTH_UNIT ( ) NAMED_UNIT ( * ) SI_UNIT ( .MILLI., .METRE. ) );
#146 = EDGE_CURVE ( 'NONE', #1605, #7077, #3002, .T. ) ;
#147 = ORIENTED_EDGE ( 'NONE', *, *, #4260, .T. ) ;
#148 = ADVANCED_FACE ( 'NONE', ( #50 ), #1407, .T. ) ;
#149 =( LENGTH_UNIT ( ) NAMED_UNIT ( * ) SI_UNIT ( .MILLI., .METRE. ) );
#150 = LINE ( 'NONE', #8645, #8192 ) ;
#151 = LINE ( 'NONE', #3609, #4433 ) ;
#152 = VERTEX_POINT ( 'NONE', #6425 ) ;
#153 = AXIS2_PLACEMENT_3D ( 'NONE', #6403, #76, #5708 ) ;
#154 = SURFACE_STYLE_USAGE ( .BOTH. , #4494 ) ;
#155 = CARTESIAN_POINT ( 'NONE',  ( -0.9050000000000001377, 1.335834036457999918, -1.399999999999999911 ) ) ;
#156 = UNCERTAINTY_MEASURE_WITH_UNIT (LENGTH_MEASURE( 1.000000000000000082E-05 ), #7451, 'distance_accuracy_value', 'NONE');
#157 = EDGE_CURVE ( 'NONE', #9134, #3842, #2144, .T. ) ;
#158 =( LENGTH_UNIT ( ) NAMED_UNIT ( * ) SI_UNIT ( .MILLI., .METRE. ) );
#159 = CARTESIAN_POINT ( 'NONE',  ( -1.629999999999999893, -1.300000000000000044, -0.1000000000000000472 ) ) ;
#160 = ORIENTED_EDGE ( 'NONE', *, *, #4899, .T. ) ;
#161 = FACE_OUTER_BOUND ( 'NONE', #7187, .T. ) ;
#162 = AXIS2_PLACEMENT_3D ( 'NONE', #2471, #8787, #433 ) ;
#163 = SURFACE_STYLE_USAGE ( .BOTH. , #7901 ) ;
#164 =( GEOMETRIC_REPRESENTATION_CONTEXT ( 3 ) GLOBAL_UNCERTAINTY_ASSIGNED_CONTEXT ( ( #6163 ) ) GLOBAL_UNIT_ASSIGNED_CONTEXT ( ( #7005, #2916, #7878 ) ) REPRESENTATION_CONTEXT ( 'NONE', 'WORKASPACE' ) );
#165 = VERTEX_POINT ( 'NONE', #5638 ) ;
#166 = MECHANICAL_DESIGN_GEOMETRIC_PRESENTATION_REPRESENTATION (  '', ( #7420 ), #7288 ) ;
#167 =( NAMED_UNIT ( * ) SI_UNIT ( $, .STERADIAN. ) SOLID_ANGLE_UNIT ( ) );
#168 = CARTESIAN_POINT ( 'NONE',  ( -8.131516293641283255E-17, 0.000000000000000000, -1.300000000000000044 ) ) ;
#169 = VERTEX_POINT ( 'NONE', #2312 ) ;
#170 = EDGE_CURVE ( 'NONE', #2799, #8319, #8533, .T. ) ;
#171 = MECHANICAL_DESIGN_GEOMETRIC_PRESENTATION_REPRESENTATION (  '', ( #6360 ), #7856 ) ;
#172 = CARTESIAN_POINT ( 'NONE',  ( 1.750000000000000000, -0.4225320565518999594, 0.000000000000000000 ) ) ;
#173 = MECHANICAL_DESIGN_GEOMETRIC_PRESENTATION_REPRESENTATION (  '', ( #5335 ), #5626 ) ;
#174 = COLOUR_RGB ( '',1.000000000000000000, 1.000000000000000000, 1.000000000000000000 ) ;
#175 = SURFACE_STYLE_FILL_AREA ( #4961 ) ;
#176 = EDGE_LOOP ( 'NONE', ( #4897, #4956, #6263, #3022 ) ) ;
#177 = ORIENTED_EDGE ( 'NONE', *, *, #434, .F. ) ;
#178 =( GEOMETRIC_REPRESENTATION_CONTEXT ( 3 ) GLOBAL_UNCERTAINTY_ASSIGNED_CONTEXT ( ( #6740 ) ) GLOBAL_UNIT_ASSIGNED_CONTEXT ( ( #5498, #2014, #8426 ) ) REPRESENTATION_CONTEXT ( 'NONE', 'WORKASPACE' ) );
#179 = CARTESIAN_POINT ( 'NONE',  ( -1.350000000000000089, 1.449999999999999956, -1.051378079396599885 ) ) ;
#180 = ORIENTED_EDGE ( 'NONE', *, *, #4715, .F. ) ;
#181 = CARTESIAN_POINT ( 'NONE',  ( -1.300000000000000266, -1.449999999999999956, -0.6564291051182821191 ) ) ;
#182 = FILL_AREA_STYLE ('',( #1408 ) ) ;
#183 = SURFACE_STYLE_USAGE ( .BOTH. , #3135 ) ;
#184 = EDGE_CURVE ( 'NONE', #8043, #5568, #1387, .T. ) ;
#185 = VECTOR ( 'NONE', #4377, 1000.000000000000000 ) ;
#186 = VECTOR ( 'NONE', #6339, 1000.000000000000000 ) ;
#187 = ORIENTED_EDGE ( 'NONE', *, *, #8665, .T. ) ;
#188 = EDGE_CURVE ( 'NONE', #3914, #2557, #5103, .T. ) ;
#189 =( NAMED_UNIT ( * ) PLANE_ANGLE_UNIT ( ) SI_UNIT ( $, .RADIAN. ) );
#190 = MECHANICAL_DESIGN_GEOMETRIC_PRESENTATION_REPRESENTATION (  '', ( #1839 ), #7893 ) ;
#191 = STYLED_ITEM ( 'NONE', ( #6249 ), #8817 ) ;
#192 = CARTESIAN_POINT ( 'NONE',  ( -0.5299999999999984723, 1.276949225371812444E-16, -1.320000000000000062 ) ) ;
#193 = FILL_AREA_STYLE_COLOUR ( '', #4914 ) ;
#194 = DIRECTION ( 'NONE',  ( 0.000000000000000000, 0.000000000000000000, 1.000000000000000000 ) ) ;
#195 = SURFACE_SIDE_STYLE ('',( #1569 ) ) ;
#196 = AXIS2_PLACEMENT_3D ( 'NONE', #1900, #4632, #8879 ) ;
#197 = COLOUR_RGB ( '',1.000000000000000000, 1.000000000000000000, 1.000000000000000000 ) ;
#198 = ORIENTED_EDGE ( 'NONE', *, *, #6035, .F. ) ;
#199 = PLANE ( 'NONE',  #746 ) ;
#200 = CYLINDRICAL_SURFACE ( 'NONE', #8906, 0.1200000000000000927 ) ;
#201 = SURFACE_STYLE_FILL_AREA ( #8644 ) ;
#202 = SURFACE_STYLE_FILL_AREA ( #1753 ) ;
#203 = LINE ( 'NONE', #1669, #7373 ) ;
#204 = VERTEX_POINT ( 'NONE', #5012 ) ;
#205 = VECTOR ( 'NONE', #379, 1000.000000000000000 ) ;
#206 = CARTESIAN_POINT ( 'NONE',  ( -1.750999999999999668, 1.000000000000000000, -1.399999999999999911 ) ) ;
#207 = PRESENTATION_STYLE_ASSIGNMENT (( #5174 ) ) ;
#208 = CARTESIAN_POINT ( 'NONE',  ( 1.004999999999999893, 1.435834036458000007, -0.9513780793966000182 ) ) ;
#209 = ORIENTED_EDGE ( 'NONE', *, *, #6191, .T. ) ;
#210 = MECHANICAL_DESIGN_GEOMETRIC_PRESENTATION_REPRESENTATION (  '', ( #7898 ), #359 ) ;
#211 = DIRECTION ( 'NONE',  ( 0.000000000000000000, 0.000000000000000000, 1.000000000000000000 ) ) ;
#212 = ORIENTED_EDGE ( 'NONE', *, *, #3470, .T. ) ;
#213 = PRESENTATION_STYLE_ASSIGNMENT (( #262 ) ) ;
#214 = SURFACE_STYLE_FILL_AREA ( #8563 ) ;
#215 = ORIENTED_EDGE ( 'NONE', *, *, #8632, .F. ) ;
#216 = EDGE_CURVE ( 'NONE', #5231, #2955, #2266, .T. ) ;
#217 = COLOUR_RGB ( '',1.000000000000000000, 1.000000000000000000, 1.000000000000000000 ) ;
#218 = SURFACE_STYLE_FILL_AREA ( #8792 ) ;
#219 = EDGE_CURVE ( 'NONE', #7175, #4926, #7872, .T. ) ;
#220 = ORIENTED_EDGE ( 'NONE', *, *, #157, .T. ) ;
#221 = DIRECTION ( 'NONE',  ( 0.000000000000000000, 0.000000000000000000, 1.000000000000000000 ) ) ;
#222 = ORIENTED_EDGE ( 'NONE', *, *, #5396, .T. ) ;
#223 = EDGE_CURVE ( 'NONE', #169, #2799, #1554, .T. ) ;
#224 =( GEOMETRIC_REPRESENTATION_CONTEXT ( 3 ) GLOBAL_UNCERTAINTY_ASSIGNED_CONTEXT ( ( #3722 ) ) GLOBAL_UNIT_ASSIGNED_CONTEXT ( ( #337, #1003, #3112 ) ) REPRESENTATION_CONTEXT ( 'NONE', 'WORKASPACE' ) );
#225 = DIRECTION ( 'NONE',  ( 0.000000000000000000, 0.000000000000000000, 1.000000000000000000 ) ) ;
#226 = SURFACE_SIDE_STYLE ('',( #6657 ) ) ;
#227 =( NAMED_UNIT ( * ) SI_UNIT ( $, .STERADIAN. ) SOLID_ANGLE_UNIT ( ) );
#228 = VERTEX_POINT ( 'NONE', #181 ) ;
#229 =( NAMED_UNIT ( * ) SI_UNIT ( $, .STERADIAN. ) SOLID_ANGLE_UNIT ( ) );
#230 = CARTESIAN_POINT ( 'NONE',  ( -0.8975699268677563847, -1.495423471781160085, -0.8359516702184904835 ) ) ;
#231 = PRESENTATION_STYLE_ASSIGNMENT (( #4471 ) ) ;
#232 = SURFACE_STYLE_FILL_AREA ( #8669 ) ;
#233 = MECHANICAL_DESIGN_GEOMETRIC_PRESENTATION_REPRESENTATION (  '', ( #5407 ), #8220 ) ;
#234 = VERTEX_POINT ( 'NONE', #744 ) ;
#235 = SURFACE_SIDE_STYLE ('',( #8674 ) ) ;
#236 = CARTESIAN_POINT ( 'NONE',  ( -1.179999999999999272, 0.4540675543254998892, -1.320000000000000062 ) ) ;
#237 = SURFACE_STYLE_USAGE ( .BOTH. , #5915 ) ;
#238 = SURFACE_STYLE_FILL_AREA ( #7249 ) ;
#239 = CARTESIAN_POINT ( 'NONE',  ( 1.800000000000000044, 1.550000000000000044, -1.399999999999999911 ) ) ;
#240 = LINE ( 'NONE', #6581, #312 ) ;
#241 = ADVANCED_FACE ( 'NONE', ( #4235 ), #7727, .F. ) ;
#242 = ORIENTED_EDGE ( 'NONE', *, *, #1845, .T. ) ;
#243 = VECTOR ( 'NONE', #849, 1000.000000000000000 ) ;
#244 = SURFACE_SIDE_STYLE ('',( #5215 ) ) ;
#245 =( NAMED_UNIT ( * ) PLANE_ANGLE_UNIT ( ) SI_UNIT ( $, .RADIAN. ) );
#246 = FILL_AREA_STYLE_COLOUR ( '', #5101 ) ;
#247 = LINE ( 'NONE', #2927, #5577 ) ;
#248 = ORIENTED_EDGE ( 'NONE', *, *, #4568, .F. ) ;
#249 = SURFACE_STYLE_FILL_AREA ( #6588 ) ;
#250 = PRESENTATION_STYLE_ASSIGNMENT (( #1755 ) ) ;
#251 = UNCERTAINTY_MEASURE_WITH_UNIT (LENGTH_MEASURE( 1.000000000000000082E-05 ), #5943, 'distance_accuracy_value', 'NONE');
#252 = VECTOR ( 'NONE', #5062, 1000.000000000000000 ) ;
#253 = EDGE_CURVE ( 'NONE', #483, #4938, #313, .T. ) ;
#254 = CARTESIAN_POINT ( 'NONE',  ( -2.299999999999999822, 0.5000000000000000000, -1.300000000000000044 ) ) ;
#255 = EDGE_CURVE ( 'NONE', #7011, #3592, #8922, .T. ) ;
#256 = ORIENTED_EDGE ( 'NONE', *, *, #4848, .T. ) ;
#257 = PRESENTATION_STYLE_ASSIGNMENT (( #1585 ) ) ;
#258 = COLOUR_RGB ( '',1.000000000000000000, 1.000000000000000000, 1.000000000000000000 ) ;
#259 = DIRECTION ( 'NONE',  ( -1.000000000000000000, 4.336808689942041895E-16, 0.000000000000000000 ) ) ;
#260 = ORIENTED_EDGE ( 'NONE', *, *, #7429, .T. ) ;
#261 = STYLED_ITEM ( 'NONE', ( #7487 ), #2421 ) ;
#262 = SURFACE_STYLE_USAGE ( .BOTH. , #4545 ) ;
#263 = SURFACE_SIDE_STYLE ('',( #214 ) ) ;
#264 = ORIENTED_EDGE ( 'NONE', *, *, #4601, .F. ) ;
#265 = VECTOR ( 'NONE', #1471, 1000.000000000000000 ) ;
#266 = CARTESIAN_POINT ( 'NONE',  ( 1.750000000000000000, -0.4225320565518999594, -0.1000000000000000472 ) ) ;
#267 = CARTESIAN_POINT ( 'NONE',  ( 1.751000000000000112, 0.5000000000000000000, -1.399000000000000021 ) ) ;
#268 = UNCERTAINTY_MEASURE_WITH_UNIT (LENGTH_MEASURE( 1.000000000000000082E-05 ), #7959, 'distance_accuracy_value', 'NONE');
#269 = ORIENTED_EDGE ( 'NONE', *, *, #5261, .F. ) ;
#270 = VECTOR ( 'NONE', #1259, 1000.000000000000000 ) ;
#271 = EDGE_CURVE ( 'NONE', #8888, #6075, #1694, .T. ) ;
#272 = SURFACE_STYLE_USAGE ( .BOTH. , #2309 ) ;
#273 = ORIENTED_EDGE ( 'NONE', *, *, #2761, .T. ) ;
#274 = EDGE_CURVE ( 'NONE', #169, #6358, #6145, .T. ) ;
#275 = ORIENTED_EDGE ( 'NONE', *, *, #9003, .F. ) ;
#276 = VECTOR ( 'NONE', #8605, 1000.000000000000000 ) ;
#277 = SURFACE_STYLE_FILL_AREA ( #1081 ) ;
#278 = CARTESIAN_POINT ( 'NONE',  ( -0.9049999999999996936, -1.472752942267324450, -0.8678219441146438617 ) ) ;
#279 = FACE_OUTER_BOUND ( 'NONE', #8651, .T. ) ;
#280 = EDGE_CURVE ( 'NONE', #7488, #9083, #774, .T. ) ;
#281 = EDGE_LOOP ( 'NONE', ( #5309, #3723, #8672, #7667 ) ) ;
#282 = COLOUR_RGB ( '',1.000000000000000000, 1.000000000000000000, 1.000000000000000000 ) ;
#283 = DIRECTION ( 'NONE',  ( 0.000000000000000000, -1.000000000000000000, 0.000000000000000000 ) ) ;
#284 = VECTOR ( 'NONE', #86, 1000.000000000000000 ) ;
#285 = DIRECTION ( 'NONE',  ( 0.000000000000000000, -1.000000000000000000, 0.000000000000000000 ) ) ;
#286 = CARTESIAN_POINT ( 'NONE',  ( 0.9049999999999999156, 1.449999999999999956, -1.102973369332799658 ) ) ;
#287 = VERTEX_POINT ( 'NONE', #1586 ) ;
#288 = DIRECTION ( 'NONE',  ( 1.000000000000000000, 0.000000000000000000, 0.000000000000000000 ) ) ;
#289 = CARTESIAN_POINT ( 'NONE',  ( 1.750000000000000000, 1.550000000000000044, -1.302973369332799836 ) ) ;
#290 = EDGE_CURVE ( 'NONE', #8660, #5450, #2198, .T. ) ;
#291 = LINE ( 'NONE', #2468, #1781 ) ;
#292 = VERTEX_POINT ( 'NONE', #6353 ) ;
#293 =( NAMED_UNIT ( * ) PLANE_ANGLE_UNIT ( ) SI_UNIT ( $, .RADIAN. ) );
#294 = ORIENTED_EDGE ( 'NONE', *, *, #3870, .F. ) ;
#295 = ADVANCED_FACE ( 'NONE', ( #77 ), #5709, .T. ) ;
#296 = COLOUR_RGB ( '',1.000000000000000000, 1.000000000000000000, 1.000000000000000000 ) ;
#297 = CARTESIAN_POINT ( 'NONE',  ( 1.300000000000000266, 1.399999999999999911, -0.006350832689599908258 ) ) ;
#298 = ORIENTED_EDGE ( 'NONE', *, *, #8398, .F. ) ;
#299 =( LENGTH_UNIT ( ) NAMED_UNIT ( * ) SI_UNIT ( .MILLI., .METRE. ) );
#300 = CARTESIAN_POINT ( 'NONE',  ( -1.350000000000000089, 1.974264068711928388, -0.9013780793965999738 ) ) ;
#301 = CARTESIAN_POINT ( 'NONE',  ( 1.350000000000000089, -1.550000000000000044, -0.9513780793966000182 ) ) ;
#302 = MECHANICAL_DESIGN_GEOMETRIC_PRESENTATION_REPRESENTATION (  '', ( #4768 ), #8904 ) ;
#303 = VERTEX_POINT ( 'NONE', #5082 ) ;
#304 = MECHANICAL_DESIGN_GEOMETRIC_PRESENTATION_REPRESENTATION (  '', ( #4181 ), #752 ) ;
#305 = PLANE ( 'NONE',  #453 ) ;
#306 = FILL_AREA_STYLE ('',( #834 ) ) ;
#307 = VERTEX_POINT ( 'NONE', #4358 ) ;
#308 = CARTESIAN_POINT ( 'NONE',  ( -2.299999999999999822, -1.000000000000000000, -1.300000000000000044 ) ) ;
#309 = CARTESIAN_POINT ( 'NONE',  ( 1.600000000000000089, 1.550000000000000044, -0.9513780793966000182 ) ) ;
#310 = EDGE_LOOP ( 'NONE', ( #5500, #5712, #1301, #722, #2985, #2591 ) ) ;
#311 = COLOUR_RGB ( '',1.000000000000000000, 1.000000000000000000, 1.000000000000000000 ) ;
#312 = VECTOR ( 'NONE', #2323, 1000.000000000000000 ) ;
#313 = LINE ( 'NONE', #4470, #6227 ) ;
#314 = COLOUR_RGB ( '',0.7686274509803920907, 0.7686274509803920907, 0.7686274509803920907 ) ;
#315 = DIRECTION ( 'NONE',  ( 0.000000000000000000, 0.000000000000000000, 1.000000000000000000 ) ) ;
#316 = EDGE_LOOP ( 'NONE', ( #7832, #6262, #2995, #9069 ) ) ;
#317 = ADVANCED_FACE ( 'NONE', ( #5760 ), #3075, .T. ) ;
#318 = MECHANICAL_DESIGN_GEOMETRIC_PRESENTATION_REPRESENTATION (  '', ( #1534 ), #5341 ) ;
#319 = COLOUR_RGB ( '',1.000000000000000000, 1.000000000000000000, 1.000000000000000000 ) ;
#320 = LINE ( 'NONE', #7375, #1684 ) ;
#321 = CARTESIAN_POINT ( 'NONE',  ( 1.350000000000000089, 1.550000000000000044, -0.9513780793966000182 ) ) ;
#322 = CARTESIAN_POINT ( 'NONE',  ( 1.305533246606999986, -1.365650049964999946, -0.0003815987230999969004 ) ) ;
#323 = CARTESIAN_POINT ( 'NONE',  ( 0.8395382766172904132, -1.550000000000000044, -0.7467356025454505719 ) ) ;
#324 = PRESENTATION_LAYER_ASSIGNMENT (  '', '', ( #6837 ) ) ;
#325 = DIRECTION ( 'NONE',  ( 0.000000000000000000, 0.000000000000000000, -1.000000000000000000 ) ) ;
#326 = CARTESIAN_POINT ( 'NONE',  ( -2.737238820496000091, -3.500000000000000000, -1.302973369332799836 ) ) ;
#327 = EDGE_CURVE ( 'NONE', #4037, #2130, #6109, .T. ) ;
#328 = ORIENTED_EDGE ( 'NONE', *, *, #4745, .F. ) ;
#329 = DIRECTION ( 'NONE',  ( 0.000000000000000000, 0.000000000000000000, 1.000000000000000000 ) ) ;
#330 = STYLED_ITEM ( 'NONE', ( #436 ), #8805 ) ;
#331 = VECTOR ( 'NONE', #477, 1000.000000000000000 ) ;
#332 = CARTESIAN_POINT ( 'NONE',  ( -1.800000000000000044, 1.550000000000000044, -0.9513780793966000182 ) ) ;
#333 = SURFACE_STYLE_FILL_AREA ( #6678 ) ;
#334 = EDGE_CURVE ( 'NONE', #228, #2345, #1631, .T. ) ;
#335 = CARTESIAN_POINT ( 'NONE',  ( 0.8049999999999997158, -1.550000000000000044, -1.399999999999999911 ) ) ;
#336 = FILL_AREA_STYLE ('',( #4672 ) ) ;
#337 =( LENGTH_UNIT ( ) NAMED_UNIT ( * ) SI_UNIT ( .MILLI., .METRE. ) );
#338 = AXIS2_PLACEMENT_3D ( 'NONE', #2935, #118, #7713 ) ;
#339 = CARTESIAN_POINT ( 'NONE',  ( 1.750000000000000000, 1.550000000000000044, -0.9513780793966000182 ) ) ;
#340 = VERTEX_POINT ( 'NONE', #4265 ) ;
#341 = SURFACE_STYLE_USAGE ( .BOTH. , #5393 ) ;
#342 =( NAMED_UNIT ( * ) PLANE_ANGLE_UNIT ( ) SI_UNIT ( $, .RADIAN. ) );
#343 = ORIENTED_EDGE ( 'NONE', *, *, #7916, .T. ) ;
#344 = DIRECTION ( 'NONE',  ( 0.000000000000000000, 0.9931725334838162889, -0.1166546987195020285 ) ) ;
#345 =( GEOMETRIC_REPRESENTATION_CONTEXT ( 3 ) GLOBAL_UNCERTAINTY_ASSIGNED_CONTEXT ( ( #2257 ) ) GLOBAL_UNIT_ASSIGNED_CONTEXT ( ( #874, #7227, #167 ) ) REPRESENTATION_CONTEXT ( 'NONE', 'WORKASPACE' ) );
#346 = DIRECTION ( 'NONE',  ( -0.000000000000000000, 1.000000000000000000, 0.000000000000000000 ) ) ;
#347 = VERTEX_POINT ( 'NONE', #725 ) ;
#348 = DIRECTION ( 'NONE',  ( -2.409338161078898194E-16, -1.000000000000000000, 0.000000000000000000 ) ) ;
#349 = ADVANCED_FACE ( 'NONE', ( #773 ), #5670, .T. ) ;
#350 = VECTOR ( 'NONE', #8799, 1000.000000000000000 ) ;
#351 = CARTESIAN_POINT ( 'NONE',  ( -8.131516293641283255E-17, 0.000000000000000000, 0.000000000000000000 ) ) ;
#352 = UNCERTAINTY_MEASURE_WITH_UNIT (LENGTH_MEASURE( 1.000000000000000082E-05 ), #4005, 'distance_accuracy_value', 'NONE');
#353 = VECTOR ( 'NONE', #4349, 1000.000000000000000 ) ;
#354 = ORIENTED_EDGE ( 'NONE', *, *, #3720, .T. ) ;
#355 = CARTESIAN_POINT ( 'NONE',  ( -1.629999999999999893, -0.9799999999999999822, -0.1000000000000000472 ) ) ;
#356 = LINE ( 'NONE', #3219, #4739 ) ;
#357 = VERTEX_POINT ( 'NONE', #4543 ) ;
#358 = PRESENTATION_STYLE_ASSIGNMENT (( #6700 ) ) ;
#359 =( GEOMETRIC_REPRESENTATION_CONTEXT ( 3 ) GLOBAL_UNCERTAINTY_ASSIGNED_CONTEXT ( ( #6445 ) ) GLOBAL_UNIT_ASSIGNED_CONTEXT ( ( #5452, #448, #8141 ) ) REPRESENTATION_CONTEXT ( 'NONE', 'WORKASPACE' ) );
#360 = ORIENTED_EDGE ( 'NONE', *, *, #7737, .F. ) ;
#361 = UNCERTAINTY_MEASURE_WITH_UNIT (LENGTH_MEASURE( 1.000000000000000082E-05 ), #4960, 'distance_accuracy_value', 'NONE');
#362 = LINE ( 'NONE', #5497, #3754 ) ;
#363 =( NAMED_UNIT ( * ) PLANE_ANGLE_UNIT ( ) SI_UNIT ( $, .RADIAN. ) );
#364 = FILL_AREA_STYLE ('',( #3093 ) ) ;
#365 = ORIENTED_EDGE ( 'NONE', *, *, #6620, .T. ) ;
#366 = PRESENTATION_LAYER_ASSIGNMENT (  '', '', ( #4098 ) ) ;
#367 = DIRECTION ( 'NONE',  ( 0.000000000000000000, 0.000000000000000000, 1.000000000000000000 ) ) ;
#368 = MECHANICAL_DESIGN_GEOMETRIC_PRESENTATION_REPRESENTATION (  '', ( #7913 ), #2178 ) ;
#369 = SURFACE_STYLE_USAGE ( .BOTH. , #235 ) ;
#370 = SURFACE_STYLE_FILL_AREA ( #1126 ) ;
#371 = CARTESIAN_POINT ( 'NONE',  ( -1.350000000000000089, 1.449999999999999956, -0.1000000000000000472 ) ) ;
#372 =( NAMED_UNIT ( * ) PLANE_ANGLE_UNIT ( ) SI_UNIT ( $, .RADIAN. ) );
#373 = PRESENTATION_LAYER_ASSIGNMENT (  '', '', ( #3654 ) ) ;
#374 = DIRECTION ( 'NONE',  ( 1.000000000000000000, 0.000000000000000000, 0.000000000000000000 ) ) ;
#375 = ORIENTED_EDGE ( 'NONE', *, *, #4426, .F. ) ;
#376 = EDGE_CURVE ( 'NONE', #5176, #3872, #7483, .T. ) ;
#377 = SURFACE_STYLE_FILL_AREA ( #7636 ) ;
#378 = CYLINDRICAL_SURFACE ( 'NONE', #979, 0.2000000000000000944 ) ;
#379 = DIRECTION ( 'NONE',  ( 1.000000000000000000, 0.000000000000000000, 0.000000000000000000 ) ) ;
#380 = EDGE_CURVE ( 'NONE', #1882, #5295, #3117, .T. ) ;
#381 = FILL_AREA_STYLE_COLOUR ( '', #8179 ) ;
#382 = FILL_AREA_STYLE ('',( #6062 ) ) ;
#383 = ORIENTED_EDGE ( 'NONE', *, *, #5155, .F. ) ;
#384 = AXIS2_PLACEMENT_3D ( 'NONE', #2775, #5555, #8393 ) ;
#385 = CARTESIAN_POINT ( 'NONE',  ( -1.729999999999999982, -0.7618257577072999887, -3.001529453595000341 ) ) ;
#386 = EDGE_CURVE ( 'NONE', #7484, #7453, #8042, .T. ) ;
#387 = ORIENTED_EDGE ( 'NONE', *, *, #6556, .F. ) ;
#388 = PLANE ( 'NONE',  #6977 ) ;
#389 = EDGE_LOOP ( 'NONE', ( #1057, #212 ) ) ;
#390 = FACE_OUTER_BOUND ( 'NONE', #3671, .T. ) ;
#391 = PRESENTATION_LAYER_ASSIGNMENT (  '', '', ( #2649 ) ) ;
#392 = CARTESIAN_POINT ( 'NONE',  ( -0.7050000000000000711, -1.450000000000000400, -0.9000000000000000222 ) ) ;
#393 = ORIENTED_EDGE ( 'NONE', *, *, #8200, .T. ) ;
#394 = DIRECTION ( 'NONE',  ( 0.000000000000000000, 0.000000000000000000, -1.000000000000000000 ) ) ;
#395 = SURFACE_SIDE_STYLE ('',( #1296 ) ) ;
#396 = SHAPE_DEFINITION_REPRESENTATION ( #4602, #4093 ) ;
#397 = CARTESIAN_POINT ( 'NONE',  ( -0.2299999999999988720, -0.4459324456745000220, -1.369999999999999885 ) ) ;
#398 = ORIENTED_EDGE ( 'NONE', *, *, #1014, .F. ) ;
#399 = VECTOR ( 'NONE', #969, 1000.000000000000000 ) ;
#400 = SURFACE_SIDE_STYLE ('',( #1775 ) ) ;
#401 =( NAMED_UNIT ( * ) SI_UNIT ( $, .STERADIAN. ) SOLID_ANGLE_UNIT ( ) );
#402 = ORIENTED_EDGE ( 'NONE', *, *, #3937, .F. ) ;
#403 = CARTESIAN_POINT ( 'NONE',  ( -1.454978131833564836, -1.449999999999999956, -1.008520936539456958 ) ) ;
#404 = PRESENTATION_LAYER_ASSIGNMENT (  '', '', ( #4122 ) ) ;
#405 = VERTEX_POINT ( 'NONE', #7355 ) ;
#406 = CARTESIAN_POINT ( 'NONE',  ( 1.299999999999998712, 0.4540675543254999447, -1.369999999999999885 ) ) ;
#407 = AXIS2_PLACEMENT_3D ( 'NONE', #2880, #6972, #5565 ) ;
#408 = AXIS2_PLACEMENT_3D ( 'NONE', #351, #1068, #3168 ) ;
#409 = LINE ( 'NONE', #3967, #7295 ) ;
#410 = ORIENTED_EDGE ( 'NONE', *, *, #100, .T. ) ;
#411 = DIRECTION ( 'NONE',  ( 0.000000000000000000, 0.000000000000000000, 1.000000000000000000 ) ) ;
#412 = AXIS2_PLACEMENT_3D ( 'NONE', #2653, #5446, #8284 ) ;
#413 = CYLINDRICAL_SURFACE ( 'NONE', #6708, 0.2000000000000000944 ) ;
#414 =( GEOMETRIC_REPRESENTATION_CONTEXT ( 3 ) GLOBAL_UNCERTAINTY_ASSIGNED_CONTEXT ( ( #4367 ) ) GLOBAL_UNIT_ASSIGNED_CONTEXT ( ( #158, #420, #8912 ) ) REPRESENTATION_CONTEXT ( 'NONE', 'WORKASPACE' ) );
#415 = FACE_OUTER_BOUND ( 'NONE', #910, .T. ) ;
#416 = CARTESIAN_POINT ( 'NONE',  ( 0.8650746601579966111, -1.533807079419752917, -0.7752534889106104110 ) ) ;
#417 = ORIENTED_EDGE ( 'NONE', *, *, #8345, .F. ) ;
#418 = DIRECTION ( 'NONE',  ( -0.000000000000000000, 1.000000000000000000, 0.000000000000000000 ) ) ;
#419 = UNCERTAINTY_MEASURE_WITH_UNIT (LENGTH_MEASURE( 1.000000000000000082E-05 ), #6490, 'distance_accuracy_value', 'NONE');
#420 =( NAMED_UNIT ( * ) PLANE_ANGLE_UNIT ( ) SI_UNIT ( $, .RADIAN. ) );
#421 = ORIENTED_EDGE ( 'NONE', *, *, #5235, .F. ) ;
#422 = DIRECTION ( 'NONE',  ( -0.000000000000000000, 0.000000000000000000, 1.000000000000000000 ) ) ;
#423 = CARTESIAN_POINT ( 'NONE',  ( -1.300000000000000266, -0.2459324456744999832, -1.320000000000000062 ) ) ;
#424 = FACE_OUTER_BOUND ( 'NONE', #5985, .T. ) ;
#425 = PRESENTATION_LAYER_ASSIGNMENT (  '', '', ( #2541 ) ) ;
#426 = MECHANICAL_DESIGN_GEOMETRIC_PRESENTATION_REPRESENTATION (  '', ( #3563 ), #2226 ) ;
#427 = FILL_AREA_STYLE ('',( #475 ) ) ;
#428 = SURFACE_STYLE_USAGE ( .BOTH. , #8822 ) ;
#429 = SURFACE_STYLE_USAGE ( .BOTH. , #6911 ) ;
#430 = EDGE_CURVE ( 'NONE', #1119, #8456, #7230, .T. ) ;
#431 = EDGE_LOOP ( 'NONE', ( #8360, #31, #398, #7643 ) ) ;
#432 = ORIENTED_EDGE ( 'NONE', *, *, #7096, .T. ) ;
#433 = DIRECTION ( 'NONE',  ( -2.891205793294676177E-14, 1.000000000000000000, 0.000000000000000000 ) ) ;
#434 = EDGE_CURVE ( 'NONE', #6087, #8178, #6732, .T. ) ;
#435 = EDGE_LOOP ( 'NONE', ( #8656, #4309, #6870, #1163 ) ) ;
#436 = PRESENTATION_STYLE_ASSIGNMENT (( #1804 ) ) ;
#437 = PLANE ( 'NONE',  #7741 ) ;
#438 = FILL_AREA_STYLE_COLOUR ( '', #2803 ) ;
#439 = ORIENTED_EDGE ( 'NONE', *, *, #5744, .F. ) ;
#440 = EDGE_CURVE ( 'NONE', #3592, #8925, #1008, .T. ) ;
#441 = LINE ( 'NONE', #532, #5843 ) ;
#442 = PLANE ( 'NONE',  #1514 ) ;
#443 = CONTEXT_DEPENDENT_SHAPE_REPRESENTATION ( #3882, #802 ) ;
#444 =( NAMED_UNIT ( * ) SI_UNIT ( $, .STERADIAN. ) SOLID_ANGLE_UNIT ( ) );
#445 = ORIENTED_EDGE ( 'NONE', *, *, #3819, .T. ) ;
#446 = DIRECTION ( 'NONE',  ( 0.000000000000000000, 0.000000000000000000, 1.000000000000000000 ) ) ;
#447 = EDGE_LOOP ( 'NONE', ( #4711, #74, #1123, #3085, #4648, #6106, #577 ) ) ;
#448 =( NAMED_UNIT ( * ) PLANE_ANGLE_UNIT ( ) SI_UNIT ( $, .RADIAN. ) );
#449 = ORIENTED_EDGE ( 'NONE', *, *, #5380, .F. ) ;
#450 = ADVANCED_FACE ( 'NONE', ( #5263 ), #7435, .F. ) ;
#451 = UNCERTAINTY_MEASURE_WITH_UNIT (LENGTH_MEASURE( 1.000000000000000082E-05 ), #8524, 'distance_accuracy_value', 'NONE');
#452 = PRESENTATION_STYLE_ASSIGNMENT (( #714 ) ) ;
#453 = AXIS2_PLACEMENT_3D ( 'NONE', #3915, #3393, #1345 ) ;
#454 = CARTESIAN_POINT ( 'NONE',  ( -1.750000000000000000, -1.550000000000000044, -0.9513780793966000182 ) ) ;
#455 = CARTESIAN_POINT ( 'NONE',  ( -0.9050000000000001377, -1.449999999999999956, -1.302973369332799836 ) ) ;
#456 = STYLED_ITEM ( 'NONE', ( #5270 ), #4724 ) ;
#457 = ORIENTED_EDGE ( 'NONE', *, *, #5642, .T. ) ;
#458 = PLANE ( 'NONE',  #5323 ) ;
#459 = SURFACE_SIDE_STYLE ('',( #8346 ) ) ;
#460 = SURFACE_STYLE_USAGE ( .BOTH. , #1271 ) ;
#461 = FACE_OUTER_BOUND ( 'NONE', #6964, .T. ) ;
#462 = EDGE_CURVE ( 'NONE', #8936, #6087, #3295, .T. ) ;
#463 = SURFACE_STYLE_USAGE ( .BOTH. , #4703 ) ;
#464 = CARTESIAN_POINT ( 'NONE',  ( -1.399999999999999911, 1.399999999999999911, -0.1000000000000000472 ) ) ;
#465 = CARTESIAN_POINT ( 'NONE',  ( 1.729999999999999982, 0.7618257577072999887, -0.1000000000000000472 ) ) ;
#466 = LINE ( 'NONE', #8861, #1096 ) ;
#467 = LINE ( 'NONE', #3709, #8568 ) ;
#468 = MECHANICAL_DESIGN_GEOMETRIC_PRESENTATION_REPRESENTATION (  '', ( #9065 ), #7427 ) ;
#469 = VECTOR ( 'NONE', #2764, 1000.000000000000000 ) ;
#470 = EDGE_CURVE ( 'NONE', #7586, #1243, #2782, .T. ) ;
#471 = AXIS2_PLACEMENT_3D ( 'NONE', #3372, #5513, #8351 ) ;
#472 = EDGE_LOOP ( 'NONE', ( #5354, #6957, #4953, #2375 ) ) ;
#473 = FACE_OUTER_BOUND ( 'NONE', #5032, .T. ) ;
#474 = VECTOR ( 'NONE', #1824, 1000.000000000000000 ) ;
#475 = FILL_AREA_STYLE_COLOUR ( '', #7324 ) ;
#476 = CARTESIAN_POINT ( 'NONE',  ( 0.8650685075296676851, 1.533810843881407759, -0.7752464903143857500 ) ) ;
#477 = DIRECTION ( 'NONE',  ( 0.000000000000000000, 0.000000000000000000, 1.000000000000000000 ) ) ;
#478 = VERTEX_POINT ( 'NONE', #5561 ) ;
#479 = VECTOR ( 'NONE', #5512, 1000.000000000000000 ) ;
#480 =( NAMED_UNIT ( * ) PLANE_ANGLE_UNIT ( ) SI_UNIT ( $, .RADIAN. ) );
#481 = ORIENTED_EDGE ( 'NONE', *, *, #5586, .F. ) ;
#482 =( NAMED_UNIT ( * ) PLANE_ANGLE_UNIT ( ) SI_UNIT ( $, .RADIAN. ) );
#483 = VERTEX_POINT ( 'NONE', #5394 ) ;
#484 = FILL_AREA_STYLE_COLOUR ( '', #3917 ) ;
#485 = DIRECTION ( 'NONE',  ( 1.000000000000000000, 0.000000000000000000, 0.000000000000000000 ) ) ;
#486 = ORIENTED_EDGE ( 'NONE', *, *, #971, .T. ) ;
#487 = AXIS2_PLACEMENT_3D ( 'NONE', #5753, #2287, #5074 ) ;
#488 = FACE_OUTER_BOUND ( 'NONE', #5710, .T. ) ;
#489 = APPLICATION_PROTOCOL_DEFINITION ( 'draft international standard', 'automotive_design', 1998, #7511 ) ;
#490 = EDGE_LOOP ( 'NONE', ( #4356, #754, #3296, #79 ) ) ;
#491 = PRESENTATION_STYLE_ASSIGNMENT (( #2656 ) ) ;
#492 = AXIS2_PLACEMENT_3D ( 'NONE', #7357, #3160, #1010 ) ;
#493 =( GEOMETRIC_REPRESENTATION_CONTEXT ( 3 ) GLOBAL_UNCERTAINTY_ASSIGNED_CONTEXT ( ( #1114 ) ) GLOBAL_UNIT_ASSIGNED_CONTEXT ( ( #2660, #7452, #7545 ) ) REPRESENTATION_CONTEXT ( 'NONE', 'WORKASPACE' ) );
#494 = CARTESIAN_POINT ( 'NONE',  ( 2.299999999999999822, 0.5000000000000000000, -1.300000000000000044 ) ) ;
#495 = VERTEX_POINT ( 'NONE', #2085 ) ;
#496 = FACE_OUTER_BOUND ( 'NONE', #3247, .T. ) ;
#497 = DIRECTION ( 'NONE',  ( 1.000000000000000000, 0.000000000000000000, 0.000000000000000000 ) ) ;
#498 = ORIENTED_EDGE ( 'NONE', *, *, #917, .F. ) ;
#499 = LINE ( 'NONE', #1914, #7799 ) ;
#500 = ADVANCED_FACE ( 'NONE', ( #4725 ), #2647, .F. ) ;
#501 = VECTOR ( 'NONE', #3804, 1000.000000000000000 ) ;
#502 = FILL_AREA_STYLE_COLOUR ( '', #8017 ) ;
#503 = DIRECTION ( 'NONE',  ( 0.000000000000000000, 1.000000000000000000, 0.000000000000000000 ) ) ;
#504 = VERTEX_POINT ( 'NONE', #7532 ) ;
#505 = LINE ( 'NONE', #1789, #5733 ) ;
#506 = EDGE_CURVE ( 'NONE', #8144, #5279, #527, .T. ) ;
#507 = PRESENTATION_STYLE_ASSIGNMENT (( #8903 ) ) ;
#508 = FILL_AREA_STYLE ('',( #1879 ) ) ;
#509 = DIRECTION ( 'NONE',  ( 0.000000000000000000, -1.000000000000000000, 0.000000000000000000 ) ) ;
#510 = CARTESIAN_POINT ( 'NONE',  ( 0.9050000000000000266, -1.472530973224351669, -0.8681358609779322721 ) ) ;
#511 = DIRECTION ( 'NONE',  ( -1.000000000000000000, 0.000000000000000000, 0.000000000000000000 ) ) ;
#512 = SURFACE_SIDE_STYLE ('',( #5326 ) ) ;
#513 = DIRECTION ( 'NONE',  ( 0.000000000000000000, 0.000000000000000000, 1.000000000000000000 ) ) ;
#514 = AXIS2_PLACEMENT_3D ( 'NONE', #1929, #6758, #8810 ) ;
#515 = ORIENTED_EDGE ( 'NONE', *, *, #6503, .F. ) ;
#516 = CARTESIAN_POINT ( 'NONE',  ( -1.729999999999999982, -0.5425320565518999549, -3.001529453595000341 ) ) ;
#517 = PRESENTATION_STYLE_ASSIGNMENT (( #8966 ) ) ;
#518 = PRESENTATION_LAYER_ASSIGNMENT (  '', '', ( #5545 ) ) ;
#519 = EDGE_CURVE ( 'NONE', #8815, #9134, #615, .T. ) ;
#520 = LINE ( 'NONE', #4669, #2607 ) ;
#521 = DIRECTION ( 'NONE',  ( 0.000000000000000000, -1.000000000000000000, 0.000000000000000000 ) ) ;
#522 = UNCERTAINTY_MEASURE_WITH_UNIT (LENGTH_MEASURE( 1.000000000000000082E-05 ), #1157, 'distance_accuracy_value', 'NONE');
#523 = VERTEX_POINT ( 'NONE', #9148 ) ;
#524 = LINE ( 'NONE', #8313, #6633 ) ;
#525 = COLOUR_RGB ( '',0.4117647058823529216, 0.4117647058823529216, 0.4117647058823529216 ) ;
#526 = ORIENTED_EDGE ( 'NONE', *, *, #5396, .F. ) ;
#527 = LINE ( 'NONE', #1192, #549 ) ;
#528 = ORIENTED_EDGE ( 'NONE', *, *, #5651, .T. ) ;
#529 = PRESENTATION_STYLE_ASSIGNMENT (( #8929 ) ) ;
#530 =( NAMED_UNIT ( * ) PLANE_ANGLE_UNIT ( ) SI_UNIT ( $, .RADIAN. ) );
#531 = ORIENTED_EDGE ( 'NONE', *, *, #4319, .T. ) ;
#532 = CARTESIAN_POINT ( 'NONE',  ( -1.242857142857142883, 1.974264068711928388, -0.7963999475630351155 ) ) ;
#533 = UNCERTAINTY_MEASURE_WITH_UNIT (LENGTH_MEASURE( 1.000000000000000082E-05 ), #1358, 'distance_accuracy_value', 'NONE');
#534 = DIRECTION ( 'NONE',  ( -0.000000000000000000, -0.000000000000000000, -1.000000000000000000 ) ) ;
#535 = LINE ( 'NONE', #3390, #115 ) ;
#536 = ORIENTED_EDGE ( 'NONE', *, *, #8274, .F. ) ;
#537 =( LENGTH_UNIT ( ) NAMED_UNIT ( * ) SI_UNIT ( .MILLI., .METRE. ) );
#538 = SURFACE_STYLE_USAGE ( .BOTH. , #4687 ) ;
#539 = ORIENTED_EDGE ( 'NONE', *, *, #5697, .T. ) ;
#540 = CARTESIAN_POINT ( 'NONE',  ( -1.350000000000000089, 1.974264068711928388, -0.9013780793965999738 ) ) ;
#541 = ORIENTED_EDGE ( 'NONE', *, *, #2186, .T. ) ;
#542 = CARTESIAN_POINT ( 'NONE',  ( 1.750000000000000000, 0.9799999999999999822, 0.000000000000000000 ) ) ;
#543 = SURFACE_SIDE_STYLE ('',( #2705 ) ) ;
#544 =( GEOMETRIC_REPRESENTATION_CONTEXT ( 3 ) GLOBAL_UNCERTAINTY_ASSIGNED_CONTEXT ( ( #9071 ) ) GLOBAL_UNIT_ASSIGNED_CONTEXT ( ( #6044, #4019, #4103 ) ) REPRESENTATION_CONTEXT ( 'NONE', 'WORKASPACE' ) );
#545 = UNCERTAINTY_MEASURE_WITH_UNIT (LENGTH_MEASURE( 1.000000000000000082E-05 ), #1064, 'distance_accuracy_value', 'NONE');
#546 = ADVANCED_FACE ( 'NONE', ( #6919 ), #6288, .T. ) ;
#547 = ORIENTED_EDGE ( 'NONE', *, *, #6015, .F. ) ;
#548 = DIRECTION ( 'NONE',  ( 0.000000000000000000, 0.000000000000000000, 1.000000000000000000 ) ) ;
#549 = VECTOR ( 'NONE', #5434, 1000.000000000000000 ) ;
#550 = EDGE_CURVE ( 'NONE', #3919, #2752, #1998, .T. ) ;
#551 = DIRECTION ( 'NONE',  ( -1.000000000000000000, 0.000000000000000000, 0.000000000000000000 ) ) ;
#552 = STYLED_ITEM ( 'NONE', ( #7904 ), #2324 ) ;
#553 = CARTESIAN_POINT ( 'NONE',  ( -0.2999999999999997113, 0.4540675543254998892, -1.299999999999998712 ) ) ;
#554 = CARTESIAN_POINT ( 'NONE',  ( 1.300000000000000266, -1.350000000000000089, -0.1999999999999999833 ) ) ;
#555 = DIRECTION ( 'NONE',  ( 1.000000000000000000, -3.469446951953612296E-14, 0.000000000000000000 ) ) ;
#556 = EDGE_CURVE ( 'NONE', #9119, #8055, #4249, .T. ) ;
#557 = CARTESIAN_POINT ( 'NONE',  ( -1.449999999999999956, 1.300000000000000044, -0.1000000000000000472 ) ) ;
#558 = CARTESIAN_POINT ( 'NONE',  ( 1.300000000000000266, 1.399999999999999911, -0.1000000000000000472 ) ) ;
#559 = VECTOR ( 'NONE', #1094, 1000.000000000000000 ) ;
#560 = SURFACE_STYLE_USAGE ( .BOTH. , #2636 ) ;
#561 = MECHANICAL_DESIGN_GEOMETRIC_PRESENTATION_REPRESENTATION (  '', ( #5879 ), #1923 ) ;
#562 = VECTOR ( 'NONE', #1483, 1000.000000000000000 ) ;
#563 = VERTEX_POINT ( 'NONE', #4940 ) ;
#564 = COLOUR_RGB ( '',0.7686274509803920907, 0.7686274509803920907, 0.7686274509803920907 ) ;
#565 = LINE ( 'NONE', #3419, #6217 ) ;
#566 = LINE ( 'NONE', #3421, #5554 ) ;
#567 = COLOUR_RGB ( '',1.000000000000000000, 1.000000000000000000, 1.000000000000000000 ) ;
#568 = LINE ( 'NONE', #8968, #45 ) ;
#569 = VECTOR ( 'NONE', #8459, 1000.000000000000000 ) ;
#570 = ORIENTED_EDGE ( 'NONE', *, *, #6097, .T. ) ;
#571 = SURFACE_STYLE_FILL_AREA ( #4721 ) ;
#572 = STYLED_ITEM ( 'NONE', ( #8053 ), #3375 ) ;
#573 = ORIENTED_EDGE ( 'NONE', *, *, #9054, .F. ) ;
#574 = MECHANICAL_DESIGN_GEOMETRIC_PRESENTATION_REPRESENTATION (  '', ( #3864 ), #5734 ) ;
#575 = DIRECTION ( 'NONE',  ( -1.000000000000000000, 0.000000000000000000, 0.000000000000000000 ) ) ;
#576 = COLOUR_RGB ( '',1.000000000000000000, 1.000000000000000000, 1.000000000000000000 ) ;
#577 = ORIENTED_EDGE ( 'NONE', *, *, #7223, .F. ) ;
#578 = FILL_AREA_STYLE ('',( #6924 ) ) ;
#579 = PLANE ( 'NONE',  #2224 ) ;
#580 = ORIENTED_EDGE ( 'NONE', *, *, #4421, .T. ) ;
#581 = VECTOR ( 'NONE', #6834, 1000.000000000000000 ) ;
#582 = DIRECTION ( 'NONE',  ( -0.000000000000000000, 1.000000000000000000, -0.000000000000000000 ) ) ;
#583 = EDGE_CURVE ( 'NONE', #1307, #1457, #3607, .T. ) ;
#584 = FACE_OUTER_BOUND ( 'NONE', #983, .T. ) ;
#585 = ORIENTED_EDGE ( 'NONE', *, *, #8366, .F. ) ;
#586 = EDGE_CURVE ( 'NONE', #7416, #6730, #706, .T. ) ;
#587 = CYLINDRICAL_SURFACE ( 'NONE', #121, 0.2000000000000000111 ) ;
#588 = ORIENTED_EDGE ( 'NONE', *, *, #911, .T. ) ;
#589 = DIRECTION ( 'NONE',  ( 0.000000000000000000, 0.000000000000000000, 1.000000000000000000 ) ) ;
#590 = ORIENTED_EDGE ( 'NONE', *, *, #7631, .T. ) ;
#591 = CARTESIAN_POINT ( 'NONE',  ( 0.9049999999999999156, -1.550000000000000044, -0.9000000000000000222 ) ) ;
#592 = SURFACE_STYLE_USAGE ( .BOTH. , #8991 ) ;
#593 = EDGE_LOOP ( 'NONE', ( #5576, #2230, #3203, #8305, #1944, #5910 ) ) ;
#594 = LINE ( 'NONE', #3539, #3732 ) ;
#595 = PRESENTATION_STYLE_ASSIGNMENT (( #9041 ) ) ;
#596 = AXIS2_PLACEMENT_3D ( 'NONE', #1283, #6910, #521 ) ;
#597 = AXIS2_PLACEMENT_3D ( 'NONE', #5530, #534, #4121 ) ;
#598 =( LENGTH_UNIT ( ) NAMED_UNIT ( * ) SI_UNIT ( .MILLI., .METRE. ) );
#599 = CARTESIAN_POINT ( 'NONE',  ( -1.750000000000000000, -0.9799999999999999822, 0.000000000000000000 ) ) ;
#600 = UNCERTAINTY_MEASURE_WITH_UNIT (LENGTH_MEASURE( 1.000000000000000082E-05 ), #4016, 'distance_accuracy_value', 'NONE');
#601 = PRESENTATION_STYLE_ASSIGNMENT (( #1320 ) ) ;
#602 = MECHANICAL_DESIGN_GEOMETRIC_PRESENTATION_REPRESENTATION (  '', ( #2704 ), #9048 ) ;
#603 = ORIENTED_EDGE ( 'NONE', *, *, #5034, .T. ) ;
#604 =( GEOMETRIC_REPRESENTATION_CONTEXT ( 3 ) GLOBAL_UNCERTAINTY_ASSIGNED_CONTEXT ( ( #4468 ) ) GLOBAL_UNIT_ASSIGNED_CONTEXT ( ( #5958, #7464, #6580 ) ) REPRESENTATION_CONTEXT ( 'NONE', 'WORKASPACE' ) );
#605 = SURFACE_SIDE_STYLE ('',( #6958 ) ) ;
#606 = EDGE_CURVE ( 'NONE', #357, #3668, #5607, .T. ) ;
#607 = DIRECTION ( 'NONE',  ( 0.000000000000000000, 1.000000000000000000, -0.000000000000000000 ) ) ;
#608 = DIRECTION ( 'NONE',  ( 1.000000000000000000, 0.000000000000000000, 0.000000000000000000 ) ) ;
#609 = AXIS2_PLACEMENT_3D ( 'NONE', #3942, #6726, #8872 ) ;
#610 = ADVANCED_FACE ( 'NONE', ( #1427 ), #3749, .T. ) ;
#611 = STYLED_ITEM ( 'NONE', ( #8193 ), #4537 ) ;
#612 = VERTEX_POINT ( 'NONE', #65 ) ;
#613 = ORIENTED_EDGE ( 'NONE', *, *, #4497, .T. ) ;
#614 = ADVANCED_FACE ( 'NONE', ( #4440 ), #7887, .F. ) ;
#615 = LINE ( 'NONE', #4031, #4723 ) ;
#616 = DIRECTION ( 'NONE',  ( 0.000000000000000000, -1.000000000000000000, 0.000000000000000000 ) ) ;
#617 = CARTESIAN_POINT ( 'NONE',  ( -1.750000000000000000, -0.9799999999999999822, 0.000000000000000000 ) ) ;
#618 = ORIENTED_EDGE ( 'NONE', *, *, #6027, .T. ) ;
#619 = SURFACE_STYLE_FILL_AREA ( #9112 ) ;
#620 = UNCERTAINTY_MEASURE_WITH_UNIT (LENGTH_MEASURE( 1.000000000000000082E-05 ), #89, 'distance_accuracy_value', 'NONE');
#621 = DIRECTION ( 'NONE',  ( -1.000000000000000000, 0.000000000000000000, 0.000000000000000000 ) ) ;
#622 = AXIS2_PLACEMENT_3D ( 'NONE', #9085, #2099, #7594 ) ;
#623 =( LENGTH_UNIT ( ) NAMED_UNIT ( * ) SI_UNIT ( .MILLI., .METRE. ) );
#624 = ORIENTED_EDGE ( 'NONE', *, *, #1710, .F. ) ;
#625 = DIRECTION ( 'NONE',  ( 0.000000000000000000, 0.000000000000000000, 1.000000000000000000 ) ) ;
#626 = CARTESIAN_POINT ( 'NONE',  ( -1.357615481504000021, -1.350000000000000089, -0.1999999999999999833 ) ) ;
#627 = VERTEX_POINT ( 'NONE', #856 ) ;
#628 = CIRCLE ( 'NONE', #487, 0.1200000000000000927 ) ;
#629 = COLOUR_RGB ( '',0.4117647058823529216, 0.4117647058823529216, 0.4117647058823529216 ) ;
#630 = FACE_OUTER_BOUND ( 'NONE', #472, .T. ) ;
#631 = ORIENTED_EDGE ( 'NONE', *, *, #7415, .T. ) ;
#632 = EDGE_CURVE ( 'NONE', #4508, #1255, #1463, .T. ) ;
#633 = MANIFOLD_SOLID_BREP ( '\X2\570689d2\X0\4', #5365 ) ;
#634 = UNCERTAINTY_MEASURE_WITH_UNIT (LENGTH_MEASURE( 1.000000000000000082E-05 ), #2020, 'distance_accuracy_value', 'NONE');
#635 = STYLED_ITEM ( 'NONE', ( #7075 ), #6749 ) ;
#636 = COLOUR_RGB ( '',1.000000000000000000, 1.000000000000000000, 1.000000000000000000 ) ;
#637 = ORIENTED_EDGE ( 'NONE', *, *, #5522, .T. ) ;
#638 = CARTESIAN_POINT ( 'NONE',  ( -8.131516293641283255E-17, 0.000000000000000000, -0.1000000000000000472 ) ) ;
#639 = DIRECTION ( 'NONE',  ( 0.000000000000000000, 0.000000000000000000, 1.000000000000000000 ) ) ;
#640 = FILL_AREA_STYLE_COLOUR ( '', #8199 ) ;
#641 = SURFACE_STYLE_USAGE ( .BOTH. , #2464 ) ;
#642 = CARTESIAN_POINT ( 'NONE',  ( -1.680000000000000160, 0.8709128788536000254, 0.000000000000000000 ) ) ;
#643 = AXIS2_PLACEMENT_3D ( 'NONE', #4943, #616, #7786 ) ;
#644 =( LENGTH_UNIT ( ) NAMED_UNIT ( * ) SI_UNIT ( .MILLI., .METRE. ) );
#645 = LINE ( 'NONE', #6189, #5913 ) ;
#646 = CARTESIAN_POINT ( 'NONE',  ( 1.242857142857142883, 1.550000000000000044, -0.7963999475630351155 ) ) ;
#647 = PRESENTATION_STYLE_ASSIGNMENT (( #560 ) ) ;
#648 = AXIS2_PLACEMENT_3D ( 'NONE', #2160, #4965, #2209 ) ;
#649 = AXIS2_PLACEMENT_3D ( 'NONE', #7007, #2122, #9138 ) ;
#650 = ORIENTED_EDGE ( 'NONE', *, *, #6095, .T. ) ;
#651 = LINE ( 'NONE', #58, #758 ) ;
#652 = DIRECTION ( 'NONE',  ( 0.000000000000000000, 0.000000000000000000, 1.000000000000000000 ) ) ;
#653 = CARTESIAN_POINT ( 'NONE',  ( -1.594948974278317833, 1.449999999999999956, -1.151378079396599974 ) ) ;
#654 = STYLED_ITEM ( 'NONE', ( #3197 ), #1371 ) ;
#655 = AXIS2_PLACEMENT_3D ( 'NONE', #554, #685, #1406 ) ;
#656 = ORIENTED_EDGE ( 'NONE', *, *, #5575, .F. ) ;
#657 = EDGE_CURVE ( 'NONE', #8377, #3223, #5844, .T. ) ;
#658 = ORIENTED_EDGE ( 'NONE', *, *, #1256, .T. ) ;
#659 =( LENGTH_UNIT ( ) NAMED_UNIT ( * ) SI_UNIT ( .MILLI., .METRE. ) );
#660 = AXIS2_PLACEMENT_3D ( 'NONE', #3677, #2213, #1067 ) ;
#661 =( NAMED_UNIT ( * ) PLANE_ANGLE_UNIT ( ) SI_UNIT ( $, .RADIAN. ) );
#662 = EDGE_CURVE ( 'NONE', #872, #3641, #7979, .T. ) ;
#663 = CARTESIAN_POINT ( 'NONE',  ( -1.350000000000000089, -1.300000000000000044, 0.000000000000000000 ) ) ;
#664 = ORIENTED_EDGE ( 'NONE', *, *, #7248, .T. ) ;
#665 = SURFACE_STYLE_USAGE ( .BOTH. , #7022 ) ;
#666 = EDGE_CURVE ( 'NONE', #5494, #8915, #8552, .T. ) ;
#667 =( GEOMETRIC_REPRESENTATION_CONTEXT ( 3 ) GLOBAL_UNCERTAINTY_ASSIGNED_CONTEXT ( ( #3169 ) ) GLOBAL_UNIT_ASSIGNED_CONTEXT ( ( #4949, #9153, #7790 ) ) REPRESENTATION_CONTEXT ( 'NONE', 'WORKASPACE' ) );
#668 =( LENGTH_UNIT ( ) NAMED_UNIT ( * ) SI_UNIT ( .MILLI., .METRE. ) );
#669 =( NAMED_UNIT ( * ) SI_UNIT ( $, .STERADIAN. ) SOLID_ANGLE_UNIT ( ) );
#670 = VERTEX_POINT ( 'NONE', #2463 ) ;
#671 = CARTESIAN_POINT ( 'NONE',  ( -1.350000000000000089, 1.449999999999999956, -0.1000000000000000472 ) ) ;
#672 = SURFACE_SIDE_STYLE ('',( #4312 ) ) ;
#673 = EDGE_LOOP ( 'NONE', ( #8423, #6162, #3338, #5479 ) ) ;
#674 = CARTESIAN_POINT ( 'NONE',  ( -1.299999999999998712, 0.4540675543254998892, -1.369999999999999885 ) ) ;
#675 = VERTEX_POINT ( 'NONE', #3844 ) ;
#676 = CARTESIAN_POINT ( 'NONE',  ( -1.750000000000000000, -0.5000000000000000000, -1.399999999999999911 ) ) ;
#677 = CARTESIAN_POINT ( 'NONE',  ( 0.000000000000000000, 0.000000000000000000, -1.399000000000000021 ) ) ;
#678 = SURFACE_SIDE_STYLE ('',( #8659 ) ) ;
#679 = VERTEX_POINT ( 'NONE', #8731 ) ;
#680 = STYLED_ITEM ( 'NONE', ( #4512 ), #1816 ) ;
#681 = SURFACE_SIDE_STYLE ('',( #5003 ) ) ;
#682 = LINE ( 'NONE', #44, #2555 ) ;
#683 = ADVANCED_FACE ( 'NONE', ( #8684 ), #3980, .T. ) ;
#684 = SURFACE_SIDE_STYLE ('',( #2264 ) ) ;
#685 = DIRECTION ( 'NONE',  ( -1.000000000000000000, 0.000000000000000000, 0.000000000000000000 ) ) ;
#686 = FILL_AREA_STYLE_COLOUR ( '', #3174 ) ;
#687 = FILL_AREA_STYLE ('',( #52 ) ) ;
#688 = CARTESIAN_POINT ( 'NONE',  ( -1.363397459622000207, -1.350000000000000089, 0.000000000000000000 ) ) ;
#689 = DIRECTION ( 'NONE',  ( 0.000000000000000000, 1.000000000000000000, 0.000000000000000000 ) ) ;
#690 = ORIENTED_EDGE ( 'NONE', *, *, #2800, .T. ) ;
#691 = AXIS2_PLACEMENT_3D ( 'NONE', #4166, #8324, #4901 ) ;
#692 = LINE ( 'NONE', #2863, #4482 ) ;
#693 = CARTESIAN_POINT ( 'NONE',  ( -0.7049999999999999600, 2.500000000000000000, -0.9000000000000000222 ) ) ;
#694 = DIRECTION ( 'NONE',  ( 0.000000000000000000, 1.000000000000000000, -0.000000000000000000 ) ) ;
#695 = APPLICATION_CONTEXT ( 'automotive_design' ) ;
#696 = DIRECTION ( 'NONE',  ( 0.000000000000000000, 0.000000000000000000, 1.000000000000000000 ) ) ;
#697 = VECTOR ( 'NONE', #2604, 1000.000000000000000 ) ;
#698 = CARTESIAN_POINT ( 'NONE',  ( 1.629999999999999893, 1.300000000000000044, -0.1000000000000000472 ) ) ;
#699 = CARTESIAN_POINT ( 'NONE',  ( -1.300000000000000266, 1.550000000000000044, -0.9513780793966000182 ) ) ;
#700 = STYLED_ITEM ( 'NONE', ( #2100 ), #5367 ) ;
#701 = VECTOR ( 'NONE', #4469, 1000.000000000000000 ) ;
#702 = ORIENTED_EDGE ( 'NONE', *, *, #4702, .T. ) ;
#703 = CARTESIAN_POINT ( 'NONE',  ( -1.242857142857142883, 1.550000000000000044, -0.7963999475630351155 ) ) ;
#704 = VERTEX_POINT ( 'NONE', #5965 ) ;
#705 = CIRCLE ( 'NONE', #3852, 0.1999999999999999833 ) ;
#706 = LINE ( 'NONE', #2134, #5433 ) ;
#707 = LINE ( 'NONE', #5562, #186 ) ;
#708 = SURFACE_STYLE_USAGE ( .BOTH. , #7109 ) ;
#709 =( GEOMETRIC_REPRESENTATION_CONTEXT ( 3 ) GLOBAL_UNCERTAINTY_ASSIGNED_CONTEXT ( ( #1497 ) ) GLOBAL_UNIT_ASSIGNED_CONTEXT ( ( #623, #6130, #444 ) ) REPRESENTATION_CONTEXT ( 'NONE', 'WORKASPACE' ) );
#710 = STYLED_ITEM ( 'NONE', ( #207 ), #5055 ) ;
#711 =( LENGTH_UNIT ( ) NAMED_UNIT ( * ) SI_UNIT ( .MILLI., .METRE. ) );
#712 = EDGE_LOOP ( 'NONE', ( #827, #7391, #2182, #5824 ) ) ;
#713 = EDGE_CURVE ( 'NONE', #307, #8235, #5721, .T. ) ;
#714 = SURFACE_STYLE_USAGE ( .BOTH. , #6796 ) ;
#715 = DIRECTION ( 'NONE',  ( -1.000000000000000000, 0.000000000000000000, 0.000000000000000000 ) ) ;
#716 = UNCERTAINTY_MEASURE_WITH_UNIT (LENGTH_MEASURE( 1.000000000000000082E-05 ), #5749, 'distance_accuracy_value', 'NONE');
#717 = PRESENTATION_LAYER_ASSIGNMENT (  '', '', ( #1322 ) ) ;
#718 = CARTESIAN_POINT ( 'NONE',  ( 0.9049999999999999156, 1.449999999999999956, -1.302973369332799836 ) ) ;
#719 = EDGE_CURVE ( 'NONE', #7401, #18, #7301, .T. ) ;
#720 = LINE ( 'NONE', #5757, #562 ) ;
#721 = CIRCLE ( 'NONE', #4742, 0.1000000000000000472 ) ;
#722 = ORIENTED_EDGE ( 'NONE', *, *, #5269, .T. ) ;
#723 = VECTOR ( 'NONE', #4607, 1000.000000000000000 ) ;
#724 = DIRECTION ( 'NONE',  ( 0.000000000000000000, 0.000000000000000000, 1.000000000000000000 ) ) ;
#725 = CARTESIAN_POINT ( 'NONE',  ( 0.2299999999999997324, 0.4540675543254999447, -1.369999999999999885 ) ) ;
#726 = VERTEX_POINT ( 'NONE', #8118 ) ;
#727 =( GEOMETRIC_REPRESENTATION_CONTEXT ( 3 ) GLOBAL_UNCERTAINTY_ASSIGNED_CONTEXT ( ( #1673 ) ) GLOBAL_UNIT_ASSIGNED_CONTEXT ( ( #7235, #2996, #1594 ) ) REPRESENTATION_CONTEXT ( 'NONE', 'WORKASPACE' ) );
#728 = CARTESIAN_POINT ( 'NONE',  ( 1.300000000000000266, -1.550000000000000044, -0.9513780793966000182 ) ) ;
#729 = ORIENTED_EDGE ( 'NONE', *, *, #1159, .F. ) ;
#730 = ADVANCED_FACE ( 'NONE', ( #8073 ), #200, .F. ) ;
#731 = MECHANICAL_DESIGN_GEOMETRIC_PRESENTATION_REPRESENTATION (  '', ( #6327 ), #7797 ) ;
#732 = CARTESIAN_POINT ( 'NONE',  ( 1.299999999999998934, -0.4459324456745000775, -1.320000000000000062 ) ) ;
#733 = ADVANCED_FACE ( 'NONE', ( #7610 ), #8391, .T. ) ;
#734 = UNCERTAINTY_MEASURE_WITH_UNIT (LENGTH_MEASURE( 1.000000000000000082E-05 ), #711, 'distance_accuracy_value', 'NONE');
#735 = VERTEX_POINT ( 'NONE', #6766 ) ;
#736 =( NAMED_UNIT ( * ) PLANE_ANGLE_UNIT ( ) SI_UNIT ( $, .RADIAN. ) );
#737 = DIRECTION ( 'NONE',  ( -0.000000000000000000, -1.000000000000000000, -0.000000000000000000 ) ) ;
#738 = ADVANCED_FACE ( 'NONE', ( #4847 ), #8211, .F. ) ;
#739 = FACE_OUTER_BOUND ( 'NONE', #8285, .T. ) ;
#740 = DIRECTION ( 'NONE',  ( 1.000000000000000000, 0.000000000000000000, 0.000000000000000000 ) ) ;
#741 =( LENGTH_UNIT ( ) NAMED_UNIT ( * ) SI_UNIT ( .MILLI., .METRE. ) );
#742 = CARTESIAN_POINT ( 'NONE',  ( -1.600000000000000089, 1.449999999999999956, -0.9513780793966000182 ) ) ;
#743 = DIRECTION ( 'NONE',  ( -0.000000000000000000, -0.000000000000000000, -1.000000000000000000 ) ) ;
#744 = CARTESIAN_POINT ( 'NONE',  ( 1.300000000000000266, -1.449999999999999956, -0.1000000000000000472 ) ) ;
#745 = ORIENTED_EDGE ( 'NONE', *, *, #4324, .F. ) ;
#746 = AXIS2_PLACEMENT_3D ( 'NONE', #4698, #5213, #2712 ) ;
#747 = VECTOR ( 'NONE', #9073, 1000.000000000000000 ) ;
#748 = SURFACE_STYLE_FILL_AREA ( #1460 ) ;
#749 = DIRECTION ( 'NONE',  ( 0.000000000000000000, 0.000000000000000000, 1.000000000000000000 ) ) ;
#750 = FACE_OUTER_BOUND ( 'NONE', #7742, .T. ) ;
#751 = EDGE_CURVE ( 'NONE', #1442, #8508, #8306, .T. ) ;
#752 =( GEOMETRIC_REPRESENTATION_CONTEXT ( 3 ) GLOBAL_UNCERTAINTY_ASSIGNED_CONTEXT ( ( #8531 ) ) GLOBAL_UNIT_ASSIGNED_CONTEXT ( ( #598, #1272, #1179 ) ) REPRESENTATION_CONTEXT ( 'NONE', 'WORKASPACE' ) );
#753 = CARTESIAN_POINT ( 'NONE',  ( -2.299999999999999822, -0.5000000000000000000, -1.300000000000000044 ) ) ;
#754 = ORIENTED_EDGE ( 'NONE', *, *, #1945, .F. ) ;
#755 = SURFACE_STYLE_USAGE ( .BOTH. , #4301 ) ;
#756 =( NAMED_UNIT ( * ) PLANE_ANGLE_UNIT ( ) SI_UNIT ( $, .RADIAN. ) );
#757 = PRESENTATION_LAYER_ASSIGNMENT (  '', '', ( #6360 ) ) ;
#758 = VECTOR ( 'NONE', #4384, 1000.000000000000000 ) ;
#759 = MECHANICAL_DESIGN_GEOMETRIC_PRESENTATION_REPRESENTATION (  '', ( #6371 ), #7710 ) ;
#760 = CARTESIAN_POINT ( 'NONE',  ( -1.750000000000000000, -1.449999999999999956, -0.9513780793966000182 ) ) ;
#761 = CARTESIAN_POINT ( 'NONE',  ( -1.594948974278317833, 1.550000000000000044, -1.151378079396599974 ) ) ;
#762 = ORIENTED_EDGE ( 'NONE', *, *, #4675, .T. ) ;
#763 =( NAMED_UNIT ( * ) PLANE_ANGLE_UNIT ( ) SI_UNIT ( $, .RADIAN. ) );
#764 = SURFACE_SIDE_STYLE ('',( #4306 ) ) ;
#765 = B_SPLINE_CURVE_WITH_KNOTS ( 'NONE', 3,
 ( #8801, #4466, #7282, #8845, #1646, #2488 ),
 .UNSPECIFIED., .F., .F.,
 ( 4, 1, 1, 4 ),
 ( 0.000000000000000000, 0.3333333333333000081, 0.6666666666667000474, 1.000000000000000000 ),
 .UNSPECIFIED. ) ;
#766 = DIRECTION ( 'NONE',  ( 1.000000000000000000, 0.000000000000000000, 0.000000000000000000 ) ) ;
#767 = LINE ( 'NONE', #4355, #8709 ) ;
#768 = VECTOR ( 'NONE', #8485, 1000.000000000000000 ) ;
#769 = ORIENTED_EDGE ( 'NONE', *, *, #4370, .F. ) ;
#770 = CIRCLE ( 'NONE', #8464, 0.1200000000000000372 ) ;
#771 = AXIS2_PLACEMENT_3D ( 'NONE', #4365, #5580, #1591 ) ;
#772 = DIRECTION ( 'NONE',  ( -1.000000000000000000, 0.000000000000000000, 0.000000000000000000 ) ) ;
#773 = FACE_OUTER_BOUND ( 'NONE', #8325, .T. ) ;
#774 = B_SPLINE_CURVE_WITH_KNOTS ( 'NONE', 3,
 ( #6613, #278, #230, #8063, #1739, #4559 ),
 .UNSPECIFIED., .F., .F.,
 ( 4, 2, 4 ),
 ( -2.828458554420768599E-06, 0.0001153992975605821423, 0.0002336270536755850587 ),
 .UNSPECIFIED. ) ;
#775 = ORIENTED_EDGE ( 'NONE', *, *, #7646, .T. ) ;
#776 = LINE ( 'NONE', #9118, #3778 ) ;
#777 = DIRECTION ( 'NONE',  ( 0.000000000000000000, 0.000000000000000000, 1.000000000000000000 ) ) ;
#778 = VECTOR ( 'NONE', #894, 1000.000000000000000 ) ;
#779 = ORIENTED_EDGE ( 'NONE', *, *, #2628, .F. ) ;
#780 = COLOUR_RGB ( '',0.7686274509803920907, 0.7686274509803920907, 0.7686274509803920907 ) ;
#781 = CARTESIAN_POINT ( 'NONE',  ( -1.750000000000000000, 1.449999999999999956, -1.302973369332799836 ) ) ;
#782 = CARTESIAN_POINT ( 'NONE',  ( -0.8050000000000000488, 1.449999999999999956, -0.6999999999999999556 ) ) ;
#783 = ORIENTED_EDGE ( 'NONE', *, *, #2301, .T. ) ;
#784 = FILL_AREA_STYLE ('',( #7136 ) ) ;
#785 = EDGE_CURVE ( 'NONE', #6297, #4563, #565, .T. ) ;
#786 =( GEOMETRIC_REPRESENTATION_CONTEXT ( 3 ) GLOBAL_UNCERTAINTY_ASSIGNED_CONTEXT ( ( #927 ) ) GLOBAL_UNIT_ASSIGNED_CONTEXT ( ( #4571, #3886, #8022 ) ) REPRESENTATION_CONTEXT ( 'NONE', 'WORKASPACE' ) );
#787 = CARTESIAN_POINT ( 'NONE',  ( 1.751000000000000334, 1.000000000000000000, -1.399000000000000021 ) ) ;
#788 =( LENGTH_UNIT ( ) NAMED_UNIT ( * ) SI_UNIT ( .MILLI., .METRE. ) );
#789 = ADVANCED_FACE ( 'NONE', ( #4154 ), #9052, .F. ) ;
#790 = DIRECTION ( 'NONE',  ( -1.000000000000000000, 0.000000000000000000, 0.000000000000000000 ) ) ;
#791 = CYLINDRICAL_SURFACE ( 'NONE', #6575, 0.8750000000000000000 ) ;
#792 = FILL_AREA_STYLE ('',( #2908 ) ) ;
#793 = STYLED_ITEM ( 'NONE', ( #7477 ), #6669 ) ;
#794 = DIRECTION ( 'NONE',  ( 0.000000000000000000, 0.000000000000000000, 1.000000000000000000 ) ) ;
#795 = FACE_OUTER_BOUND ( 'NONE', #8403, .T. ) ;
#796 = EDGE_CURVE ( 'NONE', #1605, #8144, #651, .T. ) ;
#797 =( GEOMETRIC_REPRESENTATION_CONTEXT ( 3 ) GLOBAL_UNCERTAINTY_ASSIGNED_CONTEXT ( ( #3626 ) ) GLOBAL_UNIT_ASSIGNED_CONTEXT ( ( #2608, #6019, #2563 ) ) REPRESENTATION_CONTEXT ( 'NONE', 'WORKASPACE' ) );
#798 = CARTESIAN_POINT ( 'NONE',  ( 1.750000000000000000, 1.449999999999999956, -1.302973369332799836 ) ) ;
#799 = LINE ( 'NONE', #2320, #6604 ) ;
#800 = DIRECTION ( 'NONE',  ( 0.000000000000000000, -1.000000000000000000, 0.000000000000000000 ) ) ;
#801 =( LENGTH_UNIT ( ) NAMED_UNIT ( * ) SI_UNIT ( .MILLI., .METRE. ) );
#802 = PRODUCT_DEFINITION_SHAPE ( 'NONE', 'NONE',  #9174 ) ;
#803 = PRESENTATION_LAYER_ASSIGNMENT (  '', '', ( #1859 ) ) ;
#804 = VECTOR ( 'NONE', #4212, 1000.000000000000000 ) ;
#805 = DIRECTION ( 'NONE',  ( 0.000000000000000000, 0.000000000000000000, -1.000000000000000000 ) ) ;
#806 = ORIENTED_EDGE ( 'NONE', *, *, #6549, .T. ) ;
#807 = CARTESIAN_POINT ( 'NONE',  ( -1.750000000000000000, 0.4000000000000000222, 0.000000000000000000 ) ) ;
#808 = EDGE_CURVE ( 'NONE', #7484, #7104, #4196, .T. ) ;
#809 =( GEOMETRIC_REPRESENTATION_CONTEXT ( 3 ) GLOBAL_UNCERTAINTY_ASSIGNED_CONTEXT ( ( #3435 ) ) GLOBAL_UNIT_ASSIGNED_CONTEXT ( ( #3288, #245, #7305 ) ) REPRESENTATION_CONTEXT ( 'NONE', 'WORKASPACE' ) );
#810 = PRESENTATION_STYLE_ASSIGNMENT (( #5794 ) ) ;
#811 = DIRECTION ( 'NONE',  ( 0.000000000000000000, 0.000000000000000000, -1.000000000000000000 ) ) ;
#812 = DIRECTION ( 'NONE',  ( -1.000000000000000000, 0.000000000000000000, 0.000000000000000000 ) ) ;
#813 = VERTEX_POINT ( 'NONE', #798 ) ;
#814 = FILL_AREA_STYLE_COLOUR ( '', #7728 ) ;
#815 = FILL_AREA_STYLE_COLOUR ( '', #2923 ) ;
#816 = UNCERTAINTY_MEASURE_WITH_UNIT (LENGTH_MEASURE( 1.000000000000000082E-05 ), #889, 'distance_accuracy_value', 'NONE');
#817 = SURFACE_STYLE_FILL_AREA ( #7665 ) ;
#818 = CARTESIAN_POINT ( 'NONE',  ( -1.005000000000000115, 1.435834036458000007, -0.9513780793966000182 ) ) ;
#819 = COLOUR_RGB ( '',1.000000000000000000, 1.000000000000000000, 1.000000000000000000 ) ;
#820 = ORIENTED_EDGE ( 'NONE', *, *, #4826, .T. ) ;
#821 = DIRECTION ( 'NONE',  ( 0.000000000000000000, -1.000000000000000000, 0.000000000000000000 ) ) ;
#822 = SURFACE_STYLE_USAGE ( .BOTH. , #2044 ) ;
#823 = VERTEX_POINT ( 'NONE', #7825 ) ;
#824 = FILL_AREA_STYLE_COLOUR ( '', #8636 ) ;
#825 =( GEOMETRIC_REPRESENTATION_CONTEXT ( 3 ) GLOBAL_UNCERTAINTY_ASSIGNED_CONTEXT ( ( #6347 ) ) GLOBAL_UNIT_ASSIGNED_CONTEXT ( ( #941, #8675, #6950 ) ) REPRESENTATION_CONTEXT ( 'NONE', 'WORKASPACE' ) );
#826 = DIRECTION ( 'NONE',  ( 0.000000000000000000, 0.000000000000000000, 1.000000000000000000 ) ) ;
#827 = ORIENTED_EDGE ( 'NONE', *, *, #1090, .F. ) ;
#828 = AXIS2_PLACEMENT_3D ( 'NONE', #863, #7986, #1672 ) ;
#829 = UNCERTAINTY_MEASURE_WITH_UNIT (LENGTH_MEASURE( 1.000000000000000082E-05 ), #3506, 'distance_accuracy_value', 'NONE');
#830 = CARTESIAN_POINT ( 'NONE',  ( -1.300000000000000266, 1.449999999999999956, -0.1000000000000000472 ) ) ;
#831 = CARTESIAN_POINT ( 'NONE',  ( 1.600000000000000089, 1.449999999999999956, -0.9513780793966000182 ) ) ;
#832 = UNCERTAINTY_MEASURE_WITH_UNIT (LENGTH_MEASURE( 1.000000000000000082E-05 ), #8649, 'distance_accuracy_value', 'NONE');
#833 = VERTEX_POINT ( 'NONE', #3551 ) ;
#834 = FILL_AREA_STYLE_COLOUR ( '', #3997 ) ;
#835 = CARTESIAN_POINT ( 'NONE',  ( -1.300000000000000266, -1.399999999999999911, -0.006350832689599908258 ) ) ;
#836 = SURFACE_STYLE_USAGE ( .BOTH. , #7142 ) ;
#837 = CARTESIAN_POINT ( 'NONE',  ( 1.800000000000000044, -1.550000000000000044, -0.9513780793966000182 ) ) ;
#838 = SURFACE_STYLE_FILL_AREA ( #2478 ) ;
#839 =( NAMED_UNIT ( * ) PLANE_ANGLE_UNIT ( ) SI_UNIT ( $, .RADIAN. ) );
#840 = FACE_OUTER_BOUND ( 'NONE', #7388, .T. ) ;
#841 = EDGE_CURVE ( 'NONE', #27, #307, #3513, .T. ) ;
#842 = CARTESIAN_POINT ( 'NONE',  ( -1.600000000000000089, 1.550000000000000044, -1.101378079396600151 ) ) ;
#843 = DIRECTION ( 'NONE',  ( 0.000000000000000000, 0.000000000000000000, 1.000000000000000000 ) ) ;
#844 = EDGE_CURVE ( 'NONE', #6775, #5516, #4187, .T. ) ;
#845 = VERTEX_POINT ( 'NONE', #5645 ) ;
#846 = MECHANICAL_DESIGN_GEOMETRIC_PRESENTATION_REPRESENTATION (  '', ( #680 ), #2040 ) ;
#847 = DIRECTION ( 'NONE',  ( 0.000000000000000000, -1.000000000000000000, 0.000000000000000000 ) ) ;
#848 = ADVANCED_FACE ( 'NONE', ( #8633 ), #7204, .T. ) ;
#849 = DIRECTION ( 'NONE',  ( 0.000000000000000000, 0.000000000000000000, 1.000000000000000000 ) ) ;
#850 = CARTESIAN_POINT ( 'NONE',  ( 1.179999999999999050, -0.4459324456745000220, -1.320000000000000062 ) ) ;
#851 = CARTESIAN_POINT ( 'NONE',  ( 1.004999999999999893, 1.335834036457999918, -1.399999999999999911 ) ) ;
#852 = CIRCLE ( 'NONE', #6907, 0.2000000000000000944 ) ;
#853 = DIRECTION ( 'NONE',  ( 0.000000000000000000, -1.000000000000000000, 0.000000000000000000 ) ) ;
#854 = ORIENTED_EDGE ( 'NONE', *, *, #7256, .T. ) ;
#855 = DIRECTION ( 'NONE',  ( 1.000000000000000000, 0.000000000000000000, -0.000000000000000000 ) ) ;
#856 = CARTESIAN_POINT ( 'NONE',  ( -1.299999999999998934, -0.4459324456745000220, -1.399999999999999911 ) ) ;
#857 = VECTOR ( 'NONE', #3428, 1000.000000000000000 ) ;
#858 = SURFACE_SIDE_STYLE ('',( #3751 ) ) ;
#859 = EDGE_CURVE ( 'NONE', #3872, #8616, #6518, .T. ) ;
#860 = CARTESIAN_POINT ( 'NONE',  ( -1.300977503081000020, 1.382760738114999999, -0.002441819307700079413 ) ) ;
#861 = CIRCLE ( 'NONE', #3248, 0.1999999999999999833 ) ;
#862 = ORIENTED_EDGE ( 'NONE', *, *, #290, .T. ) ;
#863 = CARTESIAN_POINT ( 'NONE',  ( -1.750000000000000000, -1.550000000000000044, -0.9513780793966000182 ) ) ;
#864 = PRESENTATION_LAYER_ASSIGNMENT (  '', '', ( #8851 ) ) ;
#865 = CARTESIAN_POINT ( 'NONE',  ( 0.8749999999999998890, 0.000000000000000000, 0.000000000000000000 ) ) ;
#866 = AXIS2_PLACEMENT_3D ( 'NONE', #8865, #6721, #288 ) ;
#867 = DIRECTION ( 'NONE',  ( 1.000000000000000000, 0.000000000000000000, 0.000000000000000000 ) ) ;
#868 = AXIS2_PLACEMENT_3D ( 'NONE', #2997, #5234, #8626 ) ;
#869 = EDGE_LOOP ( 'NONE', ( #7544, #7688, #5901, #5301 ) ) ;
#870 = FILL_AREA_STYLE ('',( #2932 ) ) ;
#871 = DIRECTION ( 'NONE',  ( 0.000000000000000000, 0.000000000000000000, 1.000000000000000000 ) ) ;
#872 = VERTEX_POINT ( 'NONE', #7051 ) ;
#873 = EDGE_CURVE ( 'NONE', #8055, #4047, #692, .T. ) ;
#874 =( LENGTH_UNIT ( ) NAMED_UNIT ( * ) SI_UNIT ( .MILLI., .METRE. ) );
#875 = DIRECTION ( 'NONE',  ( 0.000000000000000000, -1.000000000000000000, 0.000000000000000000 ) ) ;
#876 = EDGE_LOOP ( 'NONE', ( #269, #6335, #769, #242 ) ) ;
#877 = VECTOR ( 'NONE', #7987, 1000.000000000000114 ) ;
#878 = LINE ( 'NONE', #7997, #8603 ) ;
#879 = AXIS2_PLACEMENT_3D ( 'NONE', #7792, #5615, #5756 ) ;
#880 = EDGE_CURVE ( 'NONE', #8380, #405, #4973, .T. ) ;
#881 = LINE ( 'NONE', #1544, #5436 ) ;
#882 = ORIENTED_EDGE ( 'NONE', *, *, #6614, .F. ) ;
#883 =( LENGTH_UNIT ( ) NAMED_UNIT ( * ) SI_UNIT ( .MILLI., .METRE. ) );
#884 = PRESENTATION_LAYER_ASSIGNMENT (  '', '', ( #127 ) ) ;
#885 = FILL_AREA_STYLE_COLOUR ( '', #6304 ) ;
#886 = VERTEX_POINT ( 'NONE', #3186 ) ;
#887 = CARTESIAN_POINT ( 'NONE',  ( -1.300000000000000266, -1.394275155549000056, -0.004872684208400064089 ) ) ;
#888 = MECHANICAL_DESIGN_GEOMETRIC_PRESENTATION_REPRESENTATION (  '', ( #8720 ), #5597 ) ;
#889 =( LENGTH_UNIT ( ) NAMED_UNIT ( * ) SI_UNIT ( .MILLI., .METRE. ) );
#890 = AXIS2_PLACEMENT_3D ( 'NONE', #5551, #9101, #6192 ) ;
#891 = SURFACE_STYLE_USAGE ( .BOTH. , #8058 ) ;
#892 = ORIENTED_EDGE ( 'NONE', *, *, #2532, .F. ) ;
#893 = CARTESIAN_POINT ( 'NONE',  ( -2.299999999999999822, -1.000000000000000000, -1.399999999999999911 ) ) ;
#894 = DIRECTION ( 'NONE',  ( -0.000000000000000000, -1.000000000000000000, -0.000000000000000000 ) ) ;
#895 = PLANE ( 'NONE',  #7861 ) ;
#896 = DIRECTION ( 'NONE',  ( 0.000000000000000000, 0.000000000000000000, 1.000000000000000000 ) ) ;
#897 = SURFACE_SIDE_STYLE ('',( #7960 ) ) ;
#898 = ORIENTED_EDGE ( 'NONE', *, *, #4396, .F. ) ;
#899 = FACE_OUTER_BOUND ( 'NONE', #4167, .T. ) ;
#900 = LINE ( 'NONE', #4974, #3529 ) ;
#901 = LINE ( 'NONE', #6434, #1575 ) ;
#902 = CARTESIAN_POINT ( 'NONE',  ( -1.350000000000000089, 1.449999999999999956, -0.1000000000000000472 ) ) ;
#903 = CARTESIAN_POINT ( 'NONE',  ( 1.750000000000000000, -1.449999999999999956, -0.1000000000000000472 ) ) ;
#904 =( LENGTH_UNIT ( ) NAMED_UNIT ( * ) SI_UNIT ( .MILLI., .METRE. ) );
#905 = ORIENTED_EDGE ( 'NONE', *, *, #1845, .F. ) ;
#906 = LINE ( 'NONE', #4397, #7302 ) ;
#907 = LINE ( 'NONE', #6396, #7467 ) ;
#908 = LINE ( 'NONE', #1711, #3055 ) ;
#909 = CARTESIAN_POINT ( 'NONE',  ( -0.7050000000000000711, -1.450000000000000400, -0.6999999999999999556 ) ) ;
#910 = EDGE_LOOP ( 'NONE', ( #8359, #5458, #8189, #1060 ) ) ;
#911 = EDGE_CURVE ( 'NONE', #7453, #5176, #4610, .T. ) ;
#912 = DIRECTION ( 'NONE',  ( 1.000000000000000000, 0.000000000000000000, 0.000000000000000000 ) ) ;
#913 = UNCERTAINTY_MEASURE_WITH_UNIT (LENGTH_MEASURE( 1.000000000000000082E-05 ), #3527, 'distance_accuracy_value', 'NONE');
#914 = VECTOR ( 'NONE', #2343, 1000.000000000000000 ) ;
#915 = FILL_AREA_STYLE_COLOUR ( '', #1632 ) ;
#916 = PLANE ( 'NONE',  #9011 ) ;
#917 = EDGE_CURVE ( 'NONE', #4160, #4816, #7423, .T. ) ;
#918 = ORIENTED_EDGE ( 'NONE', *, *, #5964, .F. ) ;
#919 =( NAMED_UNIT ( * ) SI_UNIT ( $, .STERADIAN. ) SOLID_ANGLE_UNIT ( ) );
#920 = EDGE_LOOP ( 'NONE', ( #3115, #6563, #4608, #7750 ) ) ;
#921 = AXIS2_PLACEMENT_3D ( 'NONE', #2767, #3462, #2675 ) ;
#922 = ORIENTED_EDGE ( 'NONE', *, *, #1905, .F. ) ;
#923 =( GEOMETRIC_REPRESENTATION_CONTEXT ( 3 ) GLOBAL_UNCERTAINTY_ASSIGNED_CONTEXT ( ( #6051 ) ) GLOBAL_UNIT_ASSIGNED_CONTEXT ( ( #6896, #9039, #5413 ) ) REPRESENTATION_CONTEXT ( 'NONE', 'WORKASPACE' ) );
#924 = FACE_OUTER_BOUND ( 'NONE', #5299, .T. ) ;
#925 = CIRCLE ( 'NONE', #5218, 0.1499999999999999667 ) ;
#926 = VECTOR ( 'NONE', #7819, 1000.000000000000000 ) ;
#927 = UNCERTAINTY_MEASURE_WITH_UNIT (LENGTH_MEASURE( 1.000000000000000082E-05 ), #4571, 'distance_accuracy_value', 'NONE');
#928 = ORIENTED_EDGE ( 'NONE', *, *, #9095, .F. ) ;
#929 = CARTESIAN_POINT ( 'NONE',  ( -1.300000000000000266, -1.550000000000000044, -0.9513780793966000182 ) ) ;
#930 = ORIENTED_EDGE ( 'NONE', *, *, #4609, .T. ) ;
#931 = CARTESIAN_POINT ( 'NONE',  ( 1.350000000000000089, 1.449999999999999956, -0.1000000000000000472 ) ) ;
#932 = DIRECTION ( 'NONE',  ( 0.000000000000000000, 0.000000000000000000, 1.000000000000000000 ) ) ;
#933 = ADVANCED_FACE ( 'NONE', ( #899 ), #8768, .T. ) ;
#934 = DIRECTION ( 'NONE',  ( -0.000000000000000000, 1.000000000000000000, -0.000000000000000000 ) ) ;
#935 = ORIENTED_EDGE ( 'NONE', *, *, #8168, .F. ) ;
#936 = CARTESIAN_POINT ( 'NONE',  ( -0.9050000000000001377, 2.500000000000000000, -0.6999999999999999556 ) ) ;
#937 = DIRECTION ( 'NONE',  ( 0.000000000000000000, 0.000000000000000000, -1.000000000000000000 ) ) ;
#938 = VECTOR ( 'NONE', #6520, 1000.000000000000000 ) ;
#939 = ORIENTED_EDGE ( 'NONE', *, *, #1821, .F. ) ;
#940 = DIRECTION ( 'NONE',  ( 0.000000000000000000, 0.000000000000000000, -1.000000000000000000 ) ) ;
#941 =( LENGTH_UNIT ( ) NAMED_UNIT ( * ) SI_UNIT ( .MILLI., .METRE. ) );
#942 = SURFACE_STYLE_USAGE ( .BOTH. , #3929 ) ;
#943 = AXIS2_PLACEMENT_3D ( 'NONE', #1187, #5971, #4717 ) ;
#944 = COLOUR_RGB ( '',0.4117647058823529216, 0.4117647058823529216, 0.4117647058823529216 ) ;
#945 = PLANE ( 'NONE',  #1411 ) ;
#946 = ADVANCED_FACE ( 'NONE', ( #5832 ), #1041, .F. ) ;
#947 = FACE_OUTER_BOUND ( 'NONE', #6848, .T. ) ;
#948 = CARTESIAN_POINT ( 'NONE',  ( -2.299999999999999822, -0.5000000000000000000, -1.300000000000000044 ) ) ;
#949 = VECTOR ( 'NONE', #3211, 1000.000000000000000 ) ;
#950 =( GEOMETRIC_REPRESENTATION_CONTEXT ( 3 ) GLOBAL_UNCERTAINTY_ASSIGNED_CONTEXT ( ( #7400 ) ) GLOBAL_UNIT_ASSIGNED_CONTEXT ( ( #6841, #4691, #1162 ) ) REPRESENTATION_CONTEXT ( 'NONE', 'WORKASPACE' ) );
#951 = ORIENTED_EDGE ( 'NONE', *, *, #7963, .T. ) ;
#952 = PRESENTATION_STYLE_ASSIGNMENT (( #755 ) ) ;
#953 = CARTESIAN_POINT ( 'NONE',  ( -0.9050000000000001377, -1.327698927806999940, -1.399999999999999911 ) ) ;
#954 = SURFACE_SIDE_STYLE ('',( #333 ) ) ;
#955 = LINE ( 'NONE', #5887, #4220 ) ;
#956 = CARTESIAN_POINT ( 'NONE',  ( -1.729999999999999982, -0.7618257577072999887, 0.000000000000000000 ) ) ;
#957 = EDGE_LOOP ( 'NONE', ( #1145, #6985, #4453, #6030, #7772, #5543 ) ) ;
#958 =( GEOMETRIC_REPRESENTATION_CONTEXT ( 3 ) GLOBAL_UNCERTAINTY_ASSIGNED_CONTEXT ( ( #734 ) ) GLOBAL_UNIT_ASSIGNED_CONTEXT ( ( #711, #5526, #2739 ) ) REPRESENTATION_CONTEXT ( 'NONE', 'WORKASPACE' ) );
#959 = SURFACE_SIDE_STYLE ('',( #3023 ) ) ;
#960 = SURFACE_STYLE_FILL_AREA ( #7264 ) ;
#961 = EDGE_CURVE ( 'NONE', #3668, #204, #5997, .T. ) ;
#962 =( NAMED_UNIT ( * ) PLANE_ANGLE_UNIT ( ) SI_UNIT ( $, .RADIAN. ) );
#963 = ORIENTED_EDGE ( 'NONE', *, *, #4925, .F. ) ;
#964 = EDGE_CURVE ( 'NONE', #2686, #6115, #320, .T. ) ;
#965 =( GEOMETRIC_REPRESENTATION_CONTEXT ( 3 ) GLOBAL_UNCERTAINTY_ASSIGNED_CONTEXT ( ( #1306 ) ) GLOBAL_UNIT_ASSIGNED_CONTEXT ( ( #5109, #7206, #2411 ) ) REPRESENTATION_CONTEXT ( 'NONE', 'WORKASPACE' ) );
#966 = DIRECTION ( 'NONE',  ( -3.469446951953612296E-14, -1.000000000000000000, 0.000000000000000000 ) ) ;
#967 = ORIENTED_EDGE ( 'NONE', *, *, #3488, .T. ) ;
#968 =( LENGTH_UNIT ( ) NAMED_UNIT ( * ) SI_UNIT ( .MILLI., .METRE. ) );
#969 = DIRECTION ( 'NONE',  ( 0.000000000000000000, 0.000000000000000000, -1.000000000000000000 ) ) ;
#970 = EDGE_LOOP ( 'NONE', ( #5766, #4501, #7002, #8365 ) ) ;
#971 = EDGE_CURVE ( 'NONE', #7261, #7757, #5322, .T. ) ;
#972 = STYLED_ITEM ( 'NONE', ( #1473 ), #1309 ) ;
#973 = COLOUR_RGB ( '',1.000000000000000000, 1.000000000000000000, 1.000000000000000000 ) ;
#974 = CARTESIAN_POINT ( 'NONE',  ( 1.100000000000000089, -1.550000000000000266, -0.6564291051182821191 ) ) ;
#975 = DIRECTION ( 'NONE',  ( 0.000000000000000000, 0.000000000000000000, -1.000000000000000000 ) ) ;
#976 = ORIENTED_EDGE ( 'NONE', *, *, #7692, .F. ) ;
#977 = CARTESIAN_POINT ( 'NONE',  ( 1.242857142857142883, 1.974264068711928388, -0.7963999475630351155 ) ) ;
#978 = ORIENTED_EDGE ( 'NONE', *, *, #4793, .F. ) ;
#979 = AXIS2_PLACEMENT_3D ( 'NONE', #9008, #4025, #4068 ) ;
#980 = PRESENTATION_LAYER_ASSIGNMENT (  '', '', ( #6729 ) ) ;
#981 = DIRECTION ( 'NONE',  ( 0.000000000000000000, 0.000000000000000000, 1.000000000000000000 ) ) ;
#982 = CARTESIAN_POINT ( 'NONE',  ( 1.454978131833564836, 1.449999999999999956, -1.008520936539456958 ) ) ;
#983 = EDGE_LOOP ( 'NONE', ( #4321, #1339, #8066, #1776, #5131, #8592, #1633 ) ) ;
#984 = SURFACE_STYLE_USAGE ( .BOTH. , #4517 ) ;
#985 = FILL_AREA_STYLE ('',( #686 ) ) ;
#986 = FILL_AREA_STYLE ('',( #136 ) ) ;
#987 = DIRECTION ( 'NONE',  ( 0.000000000000000000, 1.000000000000000000, 0.000000000000000000 ) ) ;
#988 = CARTESIAN_POINT ( 'NONE',  ( 1.750000000000000000, -1.550000000000000044, -0.9513780793966000182 ) ) ;
#989 = STYLED_ITEM ( 'NONE', ( #1943 ), #7998 ) ;
#990 = EDGE_LOOP ( 'NONE', ( #7463, #4910, #7368, #3776 ) ) ;
#991 = EDGE_CURVE ( 'NONE', #8932, #8599, #925, .T. ) ;
#992 = DIRECTION ( 'NONE',  ( 0.000000000000000000, -1.000000000000000000, 0.000000000000000000 ) ) ;
#993 = ADVANCED_BREP_SHAPE_REPRESENTATION ( '', ( #3714, #1253 ), #950 ) ;
#994 = CYLINDRICAL_SURFACE ( 'NONE', #7199, 0.1499999999999999667 ) ;
#995 = CARTESIAN_POINT ( 'NONE',  ( -1.750000000000000000, 1.335834036457999918, -1.300754277287799798 ) ) ;
#996 = DIRECTION ( 'NONE',  ( 0.000000000000000000, 1.000000000000000000, 0.000000000000000000 ) ) ;
#997 = DIRECTION ( 'NONE',  ( 0.000000000000000000, 0.000000000000000000, 1.000000000000000000 ) ) ;
#998 = ORIENTED_EDGE ( 'NONE', *, *, #1970, .T. ) ;
#999 = CARTESIAN_POINT ( 'NONE',  ( -1.242857142857142883, 1.449999999999999956, -0.7963999475630351155 ) ) ;
#1000 = CARTESIAN_POINT ( 'NONE',  ( -0.9050000000000001377, 1.449999999999999956, -1.399999999999999911 ) ) ;
#1001 = CARTESIAN_POINT ( 'NONE',  ( -1.305533246606999986, 1.365650049964999946, -0.0003815987230999969004 ) ) ;
#1002 = DIRECTION ( 'NONE',  ( 0.9999885501087124595, 0.004785358029998941672, 0.000000000000000000 ) ) ;
#1003 =( NAMED_UNIT ( * ) PLANE_ANGLE_UNIT ( ) SI_UNIT ( $, .RADIAN. ) );
#1004 = MECHANICAL_DESIGN_GEOMETRIC_PRESENTATION_REPRESENTATION (  '', ( #7935 ), #544 ) ;
#1005 = CARTESIAN_POINT ( 'NONE',  ( 1.680000000000000160, 0.8709128788536000254, -0.1000000000000000472 ) ) ;
#1006 = ORIENTED_EDGE ( 'NONE', *, *, #3958, .T. ) ;
#1007 = DIRECTION ( 'NONE',  ( 0.000000000000000000, -0.9931725334838162889, -0.1166546987195020285 ) ) ;
#1008 = CIRCLE ( 'NONE', #6610, 0.1200000000000000372 ) ;
#1009 = ORIENTED_EDGE ( 'NONE', *, *, #3501, .T. ) ;
#1010 = DIRECTION ( 'NONE',  ( 1.000000000000000000, 0.000000000000000000, 0.000000000000000000 ) ) ;
#1011 = VERTEX_POINT ( 'NONE', #8298 ) ;
#1012 = DIRECTION ( 'NONE',  ( 0.000000000000000000, 0.000000000000000000, 1.000000000000000000 ) ) ;
#1013 = PRESENTATION_LAYER_ASSIGNMENT (  '', '', ( #3689 ) ) ;
#1014 = EDGE_CURVE ( 'NONE', #7905, #6018, #770, .T. ) ;
#1015 = UNCERTAINTY_MEASURE_WITH_UNIT (LENGTH_MEASURE( 1.000000000000000082E-05 ), #3648, 'distance_accuracy_value', 'NONE');
#1016 = AXIS2_PLACEMENT_3D ( 'NONE', #2483, #1689, #3172 ) ;
#1017 = DIRECTION ( 'NONE',  ( 0.000000000000000000, 0.000000000000000000, 1.000000000000000000 ) ) ;
#1018 = UNCERTAINTY_MEASURE_WITH_UNIT (LENGTH_MEASURE( 1.000000000000000082E-05 ), #6722, 'distance_accuracy_value', 'NONE');
#1019 = VECTOR ( 'NONE', #1640, 1000.000000000000000 ) ;
#1020 = EDGE_LOOP ( 'NONE', ( #8132, #7652, #5948, #4891 ) ) ;
#1021 = STYLED_ITEM ( 'NONE', ( #452 ), #6305 ) ;
#1022 = PLANE ( 'NONE',  #1016 ) ;
#1023 = ORIENTED_EDGE ( 'NONE', *, *, #4421, .F. ) ;
#1024 = MECHANICAL_DESIGN_GEOMETRIC_PRESENTATION_REPRESENTATION (  '', ( #8565 ), #4583 ) ;
#1025 =( NAMED_UNIT ( * ) PLANE_ANGLE_UNIT ( ) SI_UNIT ( $, .RADIAN. ) );
#1026 = EDGE_CURVE ( 'NONE', #8729, #3223, #6897, .T. ) ;
#1027 = DIRECTION ( 'NONE',  ( -1.000000000000000000, 0.000000000000000000, 0.000000000000000000 ) ) ;
#1028 = ORIENTED_EDGE ( 'NONE', *, *, #785, .T. ) ;
#1029 = COLOUR_RGB ( '',0.4117647058823529216, 0.4117647058823529216, 0.4117647058823529216 ) ;
#1030 = STYLED_ITEM ( 'NONE', ( #7468 ), #4982 ) ;
#1031 = FACE_OUTER_BOUND ( 'NONE', #869, .T. ) ;
#1032 =( NAMED_UNIT ( * ) PLANE_ANGLE_UNIT ( ) SI_UNIT ( $, .RADIAN. ) );
#1033 = EDGE_CURVE ( 'NONE', #3627, #3138, #4056, .T. ) ;
#1034 = SURFACE_STYLE_FILL_AREA ( #6090 ) ;
#1035 = DIRECTION ( 'NONE',  ( 1.000000000000000000, 0.000000000000000000, 0.000000000000000000 ) ) ;
#1036 = AXIS2_PLACEMENT_3D ( 'NONE', #6183, #367, #3970 ) ;
#1037 = ORIENTED_EDGE ( 'NONE', *, *, #7191, .F. ) ;
#1038 = EDGE_CURVE ( 'NONE', #8229, #1707, #4489, .T. ) ;
#1039 = STYLED_ITEM ( 'NONE', ( #3292 ), #6010 ) ;
#1040 = COLOUR_RGB ( '',1.000000000000000000, 1.000000000000000000, 1.000000000000000000 ) ;
#1041 = CYLINDRICAL_SURFACE ( 'NONE', #7140, 0.1000000000000000472 ) ;
#1042 = SURFACE_STYLE_USAGE ( .BOTH. , #2360 ) ;
#1043 = LINE ( 'NONE', #995, #1607 ) ;
#1044 = VECTOR ( 'NONE', #5817, 1000.000000000000000 ) ;
#1045 = PRESENTATION_STYLE_ASSIGNMENT (( #463 ) ) ;
#1046 = PLANE ( 'NONE',  #921 ) ;
#1047 = DIRECTION ( 'NONE',  ( 0.000000000000000000, -1.000000000000000000, 0.000000000000000000 ) ) ;
#1048 = PRODUCT ( 'SWT0115-020025SSA_rev0.4', 'SWT0115-020025SSA_rev0.4', '', ( #8089 ) ) ;
#1049 = ORIENTED_EDGE ( 'NONE', *, *, #4991, .F. ) ;
#1050 = CARTESIAN_POINT ( 'NONE',  ( -1.750000000000000000, -1.000000000000000000, -1.399000000000000021 ) ) ;
#1051 = CARTESIAN_POINT ( 'NONE',  ( 0.6700000000000007061, -0.2459324456745004828, -1.369999999999999885 ) ) ;
#1052 = EDGE_CURVE ( 'NONE', #7853, #7897, #6230, .T. ) ;
#1053 = PRESENTATION_STYLE_ASSIGNMENT (( #2639 ) ) ;
#1054 = SURFACE_STYLE_FILL_AREA ( #336 ) ;
#1055 = CARTESIAN_POINT ( 'NONE',  ( 1.299999999999998712, 0.4540675543254999447, -1.369999999999999885 ) ) ;
#1056 = DIRECTION ( 'NONE',  ( 0.000000000000000000, -1.000000000000000000, 0.000000000000000000 ) ) ;
#1057 = ORIENTED_EDGE ( 'NONE', *, *, #7680, .T. ) ;
#1058 = FACE_BOUND ( 'NONE', #7940, .T. ) ;
#1059 = PRESENTATION_STYLE_ASSIGNMENT (( #4585 ) ) ;
#1060 = ORIENTED_EDGE ( 'NONE', *, *, #1216, .T. ) ;
#1061 =( NAMED_UNIT ( * ) PLANE_ANGLE_UNIT ( ) SI_UNIT ( $, .RADIAN. ) );
#1062 = AXIS2_PLACEMENT_3D ( 'NONE', #4532, #8951, #3843 ) ;
#1063 = CIRCLE ( 'NONE', #4176, 0.1999999999999999833 ) ;
#1064 =( LENGTH_UNIT ( ) NAMED_UNIT ( * ) SI_UNIT ( .MILLI., .METRE. ) );
#1065 = DIRECTION ( 'NONE',  ( -1.000000000000000000, 0.000000000000000000, 0.000000000000000000 ) ) ;
#1066 = ORIENTED_EDGE ( 'NONE', *, *, #2007, .T. ) ;
#1067 = DIRECTION ( 'NONE',  ( 1.000000000000000000, 0.000000000000000000, 0.000000000000000000 ) ) ;
#1068 = DIRECTION ( 'NONE',  ( 0.000000000000000000, 0.000000000000000000, 1.000000000000000000 ) ) ;
#1069 = COLOUR_RGB ( '',0.4117647058823529216, 0.4117647058823529216, 0.4117647058823529216 ) ;
#1070 = ORIENTED_EDGE ( 'NONE', *, *, #7579, .F. ) ;
#1071 = VECTOR ( 'NONE', #4707, 1000.000000000000000 ) ;
#1072 = CARTESIAN_POINT ( 'NONE',  ( 1.610000000000000098, 0.5199999999999999067, -0.1000000000000000472 ) ) ;
#1073 = SURFACE_STYLE_FILL_AREA ( #9030 ) ;
#1074 = ORIENTED_EDGE ( 'NONE', *, *, #6200, .T. ) ;
#1075 = PRESENTATION_STYLE_ASSIGNMENT (( #7954 ) ) ;
#1076 = SURFACE_SIDE_STYLE ('',( #5315 ) ) ;
#1077 = VERTEX_POINT ( 'NONE', #6948 ) ;
#1078 = VECTOR ( 'NONE', #4810, 1000.000000000000000 ) ;
#1079 = VECTOR ( 'NONE', #5918, 1000.000000000000000 ) ;
#1080 = VECTOR ( 'NONE', #3685, 1000.000000000000000 ) ;
#1081 = FILL_AREA_STYLE ('',( #6612 ) ) ;
#1082 = CARTESIAN_POINT ( 'NONE',  ( 1.500000000000000000, 0.2540675543254985458, -1.320000000000000062 ) ) ;
#1083 = PLANE ( 'NONE',  #8417 ) ;
#1084 = ORIENTED_EDGE ( 'NONE', *, *, #7070, .F. ) ;
#1085 = ADVANCED_FACE ( 'NONE', ( #6042 ), #7635, .F. ) ;
#1086 = CIRCLE ( 'NONE', #7707, 0.1200000000000000927 ) ;
#1087 = EDGE_CURVE ( 'NONE', #6701, #1255, #3315, .T. ) ;
#1088 = SURFACE_STYLE_FILL_AREA ( #5202 ) ;
#1089 = SURFACE_STYLE_FILL_AREA ( #3369 ) ;
#1090 = EDGE_CURVE ( 'NONE', #5687, #6171, #5461, .T. ) ;
#1091 = PLANE ( 'NONE',  #2707 ) ;
#1092 = FILL_AREA_STYLE ('',( #7558 ) ) ;
#1093 = ORIENTED_EDGE ( 'NONE', *, *, #1710, .T. ) ;
#1094 = DIRECTION ( 'NONE',  ( 0.000000000000000000, 1.000000000000000000, 0.000000000000000000 ) ) ;
#1095 =( GEOMETRIC_REPRESENTATION_CONTEXT ( 3 ) GLOBAL_UNCERTAINTY_ASSIGNED_CONTEXT ( ( #4553 ) ) GLOBAL_UNIT_ASSIGNED_CONTEXT ( ( #4441, #5884, #8119 ) ) REPRESENTATION_CONTEXT ( 'NONE', 'WORKASPACE' ) );
#1096 = VECTOR ( 'NONE', #4799, 1000.000000000000000 ) ;
#1097 = LINE ( 'NONE', #7682, #1844 ) ;
#1098 = DIRECTION ( 'NONE',  ( -1.000000000000000000, 0.000000000000000000, 0.000000000000000000 ) ) ;
#1099 = DIRECTION ( 'NONE',  ( -0.000000000000000000, -0.000000000000000000, -1.000000000000000000 ) ) ;
#1100 = COLOUR_RGB ( '',0.4117647058823529216, 0.4117647058823529216, 0.4117647058823529216 ) ;
#1101 = AXIS2_PLACEMENT_3D ( 'NONE', #2210, #4919, #7194 ) ;
#1102 = ORIENTED_EDGE ( 'NONE', *, *, #6898, .T. ) ;
#1103 = CARTESIAN_POINT ( 'NONE',  ( 1.104999999999999760, 2.500000000000000000, -1.102973369332799658 ) ) ;
#1104 = ORIENTED_EDGE ( 'NONE', *, *, #7127, .T. ) ;
#1105 =( NAMED_UNIT ( * ) SI_UNIT ( $, .STERADIAN. ) SOLID_ANGLE_UNIT ( ) );
#1106 = CARTESIAN_POINT ( 'NONE',  ( -1.500000000000000000, 0.2540675543254986013, -1.369999999999999885 ) ) ;
#1107 = ORIENTED_EDGE ( 'NONE', *, *, #5539, .F. ) ;
#1108 = AXIS2_PLACEMENT_3D ( 'NONE', #1854, #4679, #6734 ) ;
#1109 = DIRECTION ( 'NONE',  ( 1.000000000000000000, 0.000000000000000000, 0.000000000000000000 ) ) ;
#1110 = ORIENTED_EDGE ( 'NONE', *, *, #3300, .T. ) ;
#1111 = LINE ( 'NONE', #8369, #6056 ) ;
#1112 = AXIS2_PLACEMENT_3D ( 'NONE', #3782, #981, #8056 ) ;
#1113 = LINE ( 'NONE', #7445, #6161 ) ;
#1114 = UNCERTAINTY_MEASURE_WITH_UNIT (LENGTH_MEASURE( 1.000000000000000082E-05 ), #2660, 'distance_accuracy_value', 'NONE');
#1115 = ORIENTED_EDGE ( 'NONE', *, *, #430, .F. ) ;
#1116 = LINE ( 'NONE', #8889, #3418 ) ;
#1117 = LINE ( 'NONE', #6032, #2961 ) ;
#1118 = ORIENTED_EDGE ( 'NONE', *, *, #6200, .F. ) ;
#1119 = VERTEX_POINT ( 'NONE', #6850 ) ;
#1120 = DIRECTION ( 'NONE',  ( 1.000000000000000000, 0.000000000000000000, 0.000000000000000000 ) ) ;
#1121 = LINE ( 'NONE', #5364, #474 ) ;
#1122 = CARTESIAN_POINT ( 'NONE',  ( 1.729999999999999982, 0.4000000000000000222, 0.000000000000000000 ) ) ;
#1123 = ORIENTED_EDGE ( 'NONE', *, *, #223, .T. ) ;
#1124 = CIRCLE ( 'NONE', #655, 0.2000000000000000944 ) ;
#1125 = DIRECTION ( 'NONE',  ( 0.7071067811865507924, 0.000000000000000000, 0.7071067811865442421 ) ) ;
#1126 = FILL_AREA_STYLE ('',( #1654 ) ) ;
#1127 =( NAMED_UNIT ( * ) PLANE_ANGLE_UNIT ( ) SI_UNIT ( $, .RADIAN. ) );
#1128 = EDGE_CURVE ( 'NONE', #4877, #5325, #1829, .T. ) ;
#1129 = CARTESIAN_POINT ( 'NONE',  ( -1.299999999999998712, 0.4540675543254998892, -1.320000000000000062 ) ) ;
#1130 = ORIENTED_EDGE ( 'NONE', *, *, #7253, .F. ) ;
#1131 = PRESENTATION_LAYER_ASSIGNMENT (  '', '', ( #5117 ) ) ;
#1132 = DIRECTION ( 'NONE',  ( 0.000000000000000000, 1.000000000000000000, 0.000000000000000000 ) ) ;
#1133 = EDGE_CURVE ( 'NONE', #3395, #7225, #6822, .T. ) ;
#1134 = PLANE ( 'NONE',  #5582 ) ;
#1135 = VERTEX_POINT ( 'NONE', #3971 ) ;
#1136 = ADVANCED_FACE ( 'NONE', ( #6755 ), #413, .T. ) ;
#1137 = SURFACE_SIDE_STYLE ('',( #6004 ) ) ;
#1138 = DIRECTION ( 'NONE',  ( 2.409338161078898687E-16, 1.000000000000000000, 0.000000000000000000 ) ) ;
#1139 = ADVANCED_FACE ( 'NONE', ( #7766 ), #1447, .T. ) ;
#1140 = FILL_AREA_STYLE ('',( #6680 ) ) ;
#1141 = PRESENTATION_STYLE_ASSIGNMENT (( #8267 ) ) ;
#1142 = ORIENTED_EDGE ( 'NONE', *, *, #2466, .F. ) ;
#1143 = VECTOR ( 'NONE', #8635, 1000.000000000000000 ) ;
#1144 = DIRECTION ( 'NONE',  ( 0.000000000000000000, 0.000000000000000000, 1.000000000000000000 ) ) ;
#1145 = ORIENTED_EDGE ( 'NONE', *, *, #2909, .F. ) ;
#1146 = FILL_AREA_STYLE_COLOUR ( '', #8304 ) ;
#1147 = ADVANCED_FACE ( 'NONE', ( #739 ), #6467, .F. ) ;
#1148 = CARTESIAN_POINT ( 'NONE',  ( 1.399999999999999911, 1.399999999999999911, -0.1000000000000000472 ) ) ;
#1149 = ORIENTED_EDGE ( 'NONE', *, *, #6600, .T. ) ;
#1150 = PLANE ( 'NONE',  #8475 ) ;
#1151 = DIRECTION ( 'NONE',  ( 0.000000000000000000, 0.000000000000000000, 1.000000000000000000 ) ) ;
#1152 = VECTOR ( 'NONE', #3279, 1000.000000000000000 ) ;
#1153 = ORIENTED_EDGE ( 'NONE', *, *, #4793, .T. ) ;
#1154 = DIRECTION ( 'NONE',  ( 0.000000000000000000, 0.000000000000000000, 1.000000000000000000 ) ) ;
#1155 = ORIENTED_EDGE ( 'NONE', *, *, #6698, .T. ) ;
#1156 = COLOUR_RGB ( '',1.000000000000000000, 1.000000000000000000, 1.000000000000000000 ) ;
#1157 =( LENGTH_UNIT ( ) NAMED_UNIT ( * ) SI_UNIT ( .MILLI., .METRE. ) );
#1158 = LINE ( 'NONE', #4001, #8716 ) ;
#1160 = ORIENTED_EDGE ( 'NONE', *, *, #6664, .F. ) ;
#1159 = EDGE_CURVE ( 'NONE', #8777, #5492, #1502, .T. ) ;
#1161 = FILL_AREA_STYLE_COLOUR ( '', #4372 ) ;
#1162 =( NAMED_UNIT ( * ) SI_UNIT ( $, .STERADIAN. ) SOLID_ANGLE_UNIT ( ) );
#1163 = ORIENTED_EDGE ( 'NONE', *, *, #7791, .T. ) ;
#1164 = EDGE_CURVE ( 'NONE', #7175, #5337, #5098, .T. ) ;
#1165 = VECTOR ( 'NONE', #9023, 1000.000000000000000 ) ;
#1166 =( GEOMETRIC_REPRESENTATION_CONTEXT ( 3 ) GLOBAL_UNCERTAINTY_ASSIGNED_CONTEXT ( ( #7502 ) ) GLOBAL_UNIT_ASSIGNED_CONTEXT ( ( #6893, #5583, #7501 ) ) REPRESENTATION_CONTEXT ( 'NONE', 'WORKASPACE' ) );
#1167 = FILL_AREA_STYLE ('',( #8245 ) ) ;
#1168 = CARTESIAN_POINT ( 'NONE',  ( -1.750000000000000000, -0.4225320565518999594, 0.000000000000000000 ) ) ;
#1169 = STYLED_ITEM ( 'NONE', ( #3588 ), #6222 ) ;
#1170 = DIRECTION ( 'NONE',  ( 0.000000000000000000, 0.000000000000000000, 1.000000000000000000 ) ) ;
#1171 = ORIENTED_EDGE ( 'NONE', *, *, #1769, .F. ) ;
#1172 = SURFACE_STYLE_USAGE ( .BOTH. , #6707 ) ;
#1173 = SURFACE_STYLE_FILL_AREA ( #7507 ) ;
#1174 =( GEOMETRIC_REPRESENTATION_CONTEXT ( 3 ) GLOBAL_UNCERTAINTY_ASSIGNED_CONTEXT ( ( #4182 ) ) GLOBAL_UNIT_ASSIGNED_CONTEXT ( ( #668, #2243, #7024 ) ) REPRESENTATION_CONTEXT ( 'NONE', 'WORKASPACE' ) );
#1175 = DIRECTION ( 'NONE',  ( 1.000000000000000000, 0.000000000000000000, 0.000000000000000000 ) ) ;
#1176 = DIRECTION ( 'NONE',  ( 1.000000000000000000, 0.000000000000000000, 0.000000000000000000 ) ) ;
#1177 = SURFACE_STYLE_FILL_AREA ( #1930 ) ;
#1178 = CIRCLE ( 'NONE', #4140, 0.7500000000000000000 ) ;
#1179 =( NAMED_UNIT ( * ) SI_UNIT ( $, .STERADIAN. ) SOLID_ANGLE_UNIT ( ) );
#1180 = UNCERTAINTY_MEASURE_WITH_UNIT (LENGTH_MEASURE( 1.000000000000000082E-05 ), #6314, 'distance_accuracy_value', 'NONE');
#1181 = CIRCLE ( 'NONE', #8114, 0.1499999999999999667 ) ;
#1182 = STYLED_ITEM ( 'NONE', ( #647 ), #5148 ) ;
#1183 = VERTEX_POINT ( 'NONE', #308 ) ;
#1184 = COLOUR_RGB ( '',1.000000000000000000, 1.000000000000000000, 1.000000000000000000 ) ;
#1185 = MECHANICAL_DESIGN_GEOMETRIC_PRESENTATION_REPRESENTATION (  '', ( #3275 ), #8400 ) ;
#1186 = CARTESIAN_POINT ( 'NONE',  ( 1.250000000000000000, -1.449999999999999956, -0.9513780793966000182 ) ) ;
#1187 = CARTESIAN_POINT ( 'NONE',  ( -1.104999999999999982, -1.449999999999999956, -1.102973369332799658 ) ) ;
#1188 = ORIENTED_EDGE ( 'NONE', *, *, #188, .T. ) ;
#1189 =( LENGTH_UNIT ( ) NAMED_UNIT ( * ) SI_UNIT ( .MILLI., .METRE. ) );
#1190 = ADVANCED_FACE ( 'NONE', ( #1645 ), #4416, .T. ) ;
#1191 = ORIENTED_EDGE ( 'NONE', *, *, #4307, .F. ) ;
#1192 = CARTESIAN_POINT ( 'NONE',  ( 1.750000000000000000, 0.4000000000000000222, 0.000000000000000000 ) ) ;
#1193 = ORIENTED_EDGE ( 'NONE', *, *, #844, .F. ) ;
#1194 = EDGE_CURVE ( 'NONE', #483, #1636, #3873, .T. ) ;
#1195 = CARTESIAN_POINT ( 'NONE',  ( 1.751000000000000334, 1.000000000000000000, -1.399000000000000021 ) ) ;
#1196 = CARTESIAN_POINT ( 'NONE',  ( 1.750000000000000000, -0.9799999999999999822, 0.000000000000000000 ) ) ;
#1197 = ORIENTED_EDGE ( 'NONE', *, *, #8484, .T. ) ;
#1198 = UNCERTAINTY_MEASURE_WITH_UNIT (LENGTH_MEASURE( 1.000000000000000082E-05 ), #2029, 'distance_accuracy_value', 'NONE');
#1199 = EDGE_CURVE ( 'NONE', #6358, #726, #8504, .T. ) ;
#1200 = CARTESIAN_POINT ( 'NONE',  ( -2.299999999999999822, -0.5000000000000000000, -1.399999999999999911 ) ) ;
#1201 = ORIENTED_EDGE ( 'NONE', *, *, #5265, .F. ) ;
#1202 = DIRECTION ( 'NONE',  ( 0.000000000000000000, -1.000000000000000000, 0.000000000000000000 ) ) ;
#1203 = PRESENTATION_LAYER_ASSIGNMENT (  '', '', ( #3290 ) ) ;
#1204 = CARTESIAN_POINT ( 'NONE',  ( 0.000000000000000000, 0.000000000000000000, -1.320000000000000062 ) ) ;
#1205 = ORIENTED_EDGE ( 'NONE', *, *, #6684, .T. ) ;
#1206 = DIRECTION ( 'NONE',  ( 0.000000000000000000, 0.000000000000000000, 1.000000000000000000 ) ) ;
#1207 = ORIENTED_EDGE ( 'NONE', *, *, #3082, .T. ) ;
#1208 = LINE ( 'NONE', #8291, #8108 ) ;
#1209 = FILL_AREA_STYLE ('',( #502 ) ) ;
#1210 = PRESENTATION_STYLE_ASSIGNMENT (( #6037 ) ) ;
#1211 = AXIS2_PLACEMENT_3D ( 'NONE', #7231, #2392, #3123 ) ;
#1212 = CARTESIAN_POINT ( 'NONE',  ( -0.5299999999999985834, -0.4459324456745001330, -1.320000000000000062 ) ) ;
#1213 = UNCERTAINTY_MEASURE_WITH_UNIT (LENGTH_MEASURE( 1.000000000000000082E-05 ), #9067, 'distance_accuracy_value', 'NONE');
#1214 = ORIENTED_EDGE ( 'NONE', *, *, #8200, .F. ) ;
#1215 = LINE ( 'NONE', #4055, #6806 ) ;
#1216 = EDGE_CURVE ( 'NONE', #8969, #3604, #2486, .T. ) ;
#1217 = SURFACE_STYLE_USAGE ( .BOTH. , #8954 ) ;
#1218 = AXIS2_PLACEMENT_3D ( 'NONE', #2820, #5600, #2120 ) ;
#1219 = PLANE ( 'NONE',  #5869 ) ;
#1220 = CARTESIAN_POINT ( 'NONE',  ( -1.610000000000000098, -0.5425320565518999549, -0.1000000000000000472 ) ) ;
#1221 = CARTESIAN_POINT ( 'NONE',  ( 1.750000000000000000, -1.180000000000000160, -0.1000000000000000472 ) ) ;
#1222 = DIRECTION ( 'NONE',  ( -0.4166666666666983820, 0.9090593428862949743, 0.000000000000000000 ) ) ;
#1223 = MECHANICAL_DESIGN_GEOMETRIC_PRESENTATION_REPRESENTATION (  '', ( #6978 ), #3911 ) ;
#1224 = CIRCLE ( 'NONE', #6679, 0.2000000000000000944 ) ;
#1225 = EDGE_LOOP ( 'NONE', ( #8102, #7272, #5435, #4846 ) ) ;
#1226 = SURFACE_STYLE_USAGE ( .BOTH. , #7562 ) ;
#1227 = ADVANCED_FACE ( 'NONE', ( #5273 ), #5822, .F. ) ;
#1228 = PRESENTATION_LAYER_ASSIGNMENT (  '', '', ( #5932 ) ) ;
#1229 = CARTESIAN_POINT ( 'NONE',  ( 1.729999999999999982, 0.7618257577072999887, 0.000000000000000000 ) ) ;
#1230 = DIRECTION ( 'NONE',  ( 0.000000000000000000, -1.000000000000000000, 0.000000000000000000 ) ) ;
#1231 = LINE ( 'NONE', #4071, #2735 ) ;
#1232 = ORIENTED_EDGE ( 'NONE', *, *, #57, .F. ) ;
#1233 = VECTOR ( 'NONE', #6376, 1000.000000000000000 ) ;
#1234 = FILL_AREA_STYLE_COLOUR ( '', #282 ) ;
#1235 = AXIS2_PLACEMENT_3D ( 'NONE', #8546, #8032, #7214 ) ;
#1236 = ORIENTED_EDGE ( 'NONE', *, *, #5115, .F. ) ;
#1237 = COLOUR_RGB ( '',1.000000000000000000, 1.000000000000000000, 1.000000000000000000 ) ;
#1238 =( LENGTH_UNIT ( ) NAMED_UNIT ( * ) SI_UNIT ( .MILLI., .METRE. ) );
#1239 =( NAMED_UNIT ( * ) SI_UNIT ( $, .STERADIAN. ) SOLID_ANGLE_UNIT ( ) );
#1240 = EDGE_LOOP ( 'NONE', ( #2573, #1962, #5316, #5707 ) ) ;
#1241 = SURFACE_STYLE_USAGE ( .BOTH. , #6826 ) ;
#1242 = FACE_OUTER_BOUND ( 'NONE', #593, .T. ) ;
#1243 = VERTEX_POINT ( 'NONE', #3130 ) ;
#1244 = VECTOR ( 'NONE', #2140, 999.9999999999998863 ) ;
#1245 = ADVANCED_FACE ( 'NONE', ( #5192 ), #5904, .T. ) ;
#1246 = AXIS2_PLACEMENT_3D ( 'NONE', #423, #7473, #1752 ) ;
#1247 =( NAMED_UNIT ( * ) SI_UNIT ( $, .STERADIAN. ) SOLID_ANGLE_UNIT ( ) );
#1248 = SURFACE_SIDE_STYLE ('',( #7578 ) ) ;
#1249 = EDGE_CURVE ( 'NONE', #4790, #6817, #7588, .T. ) ;
#1250 = CARTESIAN_POINT ( 'NONE',  ( 1.104999999999999538, -3.500000000000000000, -1.302973369332799836 ) ) ;
#1251 = ORIENTED_EDGE ( 'NONE', *, *, #5779, .T. ) ;
#1252 = SURFACE_STYLE_USAGE ( .BOTH. , #4993 ) ;
#1253 = AXIS2_PLACEMENT_3D ( 'NONE', #9082, #1257, #4128 ) ;
#1254 = LINE ( 'NONE', #3394, #2674 ) ;
#1255 = VERTEX_POINT ( 'NONE', #403 ) ;
#1256 = EDGE_CURVE ( 'NONE', #6659, #8411, #2824, .T. ) ;
#1257 = DIRECTION ( 'NONE',  ( 0.000000000000000000, 0.000000000000000000, 1.000000000000000000 ) ) ;
#1258 = ORIENTED_EDGE ( 'NONE', *, *, #2599, .T. ) ;
#1259 = DIRECTION ( 'NONE',  ( 0.7071067811865431318, -0.000000000000000000, -0.7071067811865519026 ) ) ;
#1260 = MECHANICAL_DESIGN_GEOMETRIC_PRESENTATION_REPRESENTATION (  '', ( #1859 ), #3349 ) ;
#1261 = PRESENTATION_LAYER_ASSIGNMENT (  '', '', ( #2755 ) ) ;
#1262 = LINE ( 'NONE', #8945, #8621 ) ;
#1263 = DIRECTION ( 'NONE',  ( -1.000000000000000000, 3.469446951953612296E-14, 0.000000000000000000 ) ) ;
#1264 = ORIENTED_EDGE ( 'NONE', *, *, #8195, .T. ) ;
#1265 = DIRECTION ( 'NONE',  ( 0.000000000000000000, 0.000000000000000000, 1.000000000000000000 ) ) ;
#1266 = AXIS2_PLACEMENT_3D ( 'NONE', #1439, #7178, #871 ) ;
#1267 = DIRECTION ( 'NONE',  ( -1.000000000000000000, 0.000000000000000000, 0.000000000000000000 ) ) ;
#1268 =( GEOMETRIC_REPRESENTATION_CONTEXT ( 3 ) GLOBAL_UNCERTAINTY_ASSIGNED_CONTEXT ( ( #5529 ) ) GLOBAL_UNIT_ASSIGNED_CONTEXT ( ( #7928, #2189, #7258 ) ) REPRESENTATION_CONTEXT ( 'NONE', 'WORKASPACE' ) );
#1269 = STYLED_ITEM ( 'NONE', ( #2321 ), #7407 ) ;
#1270 = DIRECTION ( 'NONE',  ( 0.000000000000000000, 0.000000000000000000, -1.000000000000000000 ) ) ;
#1271 = SURFACE_SIDE_STYLE ('',( #4795 ) ) ;
#1272 =( NAMED_UNIT ( * ) PLANE_ANGLE_UNIT ( ) SI_UNIT ( $, .RADIAN. ) );
#1273 = CARTESIAN_POINT ( 'NONE',  ( 1.750000000000000000, -1.550000000000000044, -0.9513780793966000182 ) ) ;
#1274 = EDGE_CURVE ( 'NONE', #7782, #6872, #3310, .T. ) ;
#1275 = AXIS2_PLACEMENT_3D ( 'NONE', #2773, #652, #6909 ) ;
#1276 = LINE ( 'NONE', #6238, #9014 ) ;
#1277 = AXIS2_PLACEMENT_3D ( 'NONE', #5637, #743, #6996 ) ;
#1278 = ORIENTED_EDGE ( 'NONE', *, *, #104, .F. ) ;
#1279 = EDGE_CURVE ( 'NONE', #7671, #3184, #8241, .T. ) ;
#1280 = AXIS2_PLACEMENT_3D ( 'NONE', #4881, #6804, #8203 ) ;
#1281 =( LENGTH_UNIT ( ) NAMED_UNIT ( * ) SI_UNIT ( .MILLI., .METRE. ) );
#1282 = SURFACE_STYLE_FILL_AREA ( #5556 ) ;
#1283 = CARTESIAN_POINT ( 'NONE',  ( -1.629999999999999893, 0.9799999999999999822, 1.698556084261999999 ) ) ;
#1284 = ADVANCED_FACE ( 'NONE', ( #496 ), #8190, .F. ) ;
#1285 = ORIENTED_EDGE ( 'NONE', *, *, #1744, .T. ) ;
#1286 = LINE ( 'NONE', #4112, #123 ) ;
#1287 = ORIENTED_EDGE ( 'NONE', *, *, #6053, .T. ) ;
#1288 = DIRECTION ( 'NONE',  ( 0.000000000000000000, -0.2499999999999887312, 0.9682458365518571419 ) ) ;
#1289 = CARTESIAN_POINT ( 'NONE',  ( -1.750000000000000000, 1.550000000000000044, -1.101378079396600151 ) ) ;
#1290 = VERTEX_POINT ( 'NONE', #5408 ) ;
#1291 = SURFACE_STYLE_USAGE ( .BOTH. , #4941 ) ;
#1292 = CARTESIAN_POINT ( 'NONE',  ( 1.594948974278317833, 1.449999999999999956, -0.9513780793966000182 ) ) ;
#1293 = CARTESIAN_POINT ( 'NONE',  ( 1.600000000000000089, -1.550000000000000044, -0.9513780793966000182 ) ) ;
#1294 = VERTEX_POINT ( 'NONE', #8452 ) ;
#1295 = UNCERTAINTY_MEASURE_WITH_UNIT (LENGTH_MEASURE( 1.000000000000000082E-05 ), #8442, 'distance_accuracy_value', 'NONE');
#1296 = SURFACE_STYLE_FILL_AREA ( #5485 ) ;
#1297 = SURFACE_STYLE_FILL_AREA ( #1957 ) ;
#1298 = ORIENTED_EDGE ( 'NONE', *, *, #3466, .T. ) ;
#1299 = SURFACE_STYLE_USAGE ( .BOTH. , #2887 ) ;
#1300 = FILL_AREA_STYLE_COLOUR ( '', #567 ) ;
#1301 = ORIENTED_EDGE ( 'NONE', *, *, #2791, .T. ) ;
#1302 = COLOUR_RGB ( '',0.4117647058823529216, 0.4117647058823529216, 0.4117647058823529216 ) ;
#1303 = EDGE_CURVE ( 'NONE', #8616, #3531, #1819, .T. ) ;
#1304 = ORIENTED_EDGE ( 'NONE', *, *, #3897, .F. ) ;
#1305 = DIRECTION ( 'NONE',  ( 0.000000000000000000, -1.000000000000000000, 0.000000000000000000 ) ) ;
#1306 = UNCERTAINTY_MEASURE_WITH_UNIT (LENGTH_MEASURE( 1.000000000000000082E-05 ), #5109, 'distance_accuracy_value', 'NONE');
#1307 = VERTEX_POINT ( 'NONE', #6539 ) ;
#1308 =( NAMED_UNIT ( * ) PLANE_ANGLE_UNIT ( ) SI_UNIT ( $, .RADIAN. ) );
#1309 = ADVANCED_FACE ( 'NONE', ( #5026 ), #6340, .T. ) ;
#1310 = MECHANICAL_DESIGN_GEOMETRIC_PRESENTATION_REPRESENTATION (  '', ( #8995 ), #2370 ) ;
#1311 = SURFACE_STYLE_USAGE ( .BOTH. , #459 ) ;
#1312 = ADVANCED_FACE ( 'NONE', ( #3016 ), #4348, .F. ) ;
#1313 = PRESENTATION_STYLE_ASSIGNMENT (( #641 ) ) ;
#1314 = FACE_OUTER_BOUND ( 'NONE', #7030, .T. ) ;
#1315 = DIRECTION ( 'NONE',  ( -0.7071067811865520136, 8.518296759352131547E-17, 0.7071067811865431318 ) ) ;
#1316 = PRESENTATION_STYLE_ASSIGNMENT (( #9128 ) ) ;
#1317 = SURFACE_SIDE_STYLE ('',( #3410 ) ) ;
#1318 = LINE ( 'NONE', #599, #8162 ) ;
#1319 = PRESENTATION_LAYER_ASSIGNMENT (  '', '', ( #4577 ) ) ;
#1320 = SURFACE_STYLE_USAGE ( .BOTH. , #7642 ) ;
#1321 = EDGE_CURVE ( 'NONE', #3747, #2433, #907, .T. ) ;
#1322 = STYLED_ITEM ( 'NONE', ( #6743 ), #2974 ) ;
#1323 = PRESENTATION_LAYER_ASSIGNMENT (  '', '', ( #4288 ) ) ;
#1324 = ORIENTED_EDGE ( 'NONE', *, *, #5468, .F. ) ;
#1325 = SURFACE_STYLE_FILL_AREA ( #9137 ) ;
#1326 = VECTOR ( 'NONE', #6219, 1000.000000000000000 ) ;
#1327 = AXIS2_PLACEMENT_3D ( 'NONE', #7059, #4345, #8591 ) ;
#1328 = CARTESIAN_POINT ( 'NONE',  ( -1.399999999999999911, 1.399999999999999911, 1.698556084261999999 ) ) ;
#1329 = PRESENTATION_LAYER_ASSIGNMENT (  '', '', ( #2973 ) ) ;
#1330 = ORIENTED_EDGE ( 'NONE', *, *, #4609, .F. ) ;
#1331 = AXIS2_PLACEMENT_3D ( 'NONE', #638, #1446, #5502 ) ;
#1332 = ORIENTED_EDGE ( 'NONE', *, *, #859, .T. ) ;
#1333 =( NAMED_UNIT ( * ) PLANE_ANGLE_UNIT ( ) SI_UNIT ( $, .RADIAN. ) );
#1334 = SURFACE_SIDE_STYLE ('',( #8224 ) ) ;
#1335 = STYLED_ITEM ( 'NONE', ( #3789 ), #5253 ) ;
#1336 = ADVANCED_FACE ( 'NONE', ( #6494 ), #2281, .F. ) ;
#1337 = CARTESIAN_POINT ( 'NONE',  ( -1.750000000000000000, 0.9799999999999999822, 0.000000000000000000 ) ) ;
#1338 = PLANE ( 'NONE',  #1626 ) ;
#1339 = ORIENTED_EDGE ( 'NONE', *, *, #666, .T. ) ;
#1340 = CARTESIAN_POINT ( 'NONE',  ( -0.5299999999999984723, 1.276949225371812444E-16, -1.320000000000000062 ) ) ;
#1341 = LINE ( 'NONE', #718, #2534 ) ;
#1342 = DIRECTION ( 'NONE',  ( 0.000000000000000000, 1.000000000000000000, 0.000000000000000000 ) ) ;
#1343 = ADVANCED_FACE ( 'NONE', ( #424 ), #2502, .T. ) ;
#1344 = ORIENTED_EDGE ( 'NONE', *, *, #8752, .F. ) ;
#1345 = DIRECTION ( 'NONE',  ( 1.000000000000000000, 0.000000000000000000, 0.000000000000000000 ) ) ;
#1346 = SURFACE_STYLE_USAGE ( .BOTH. , #7711 ) ;
#1347 = ORIENTED_EDGE ( 'NONE', *, *, #606, .T. ) ;
#1348 = CARTESIAN_POINT ( 'NONE',  ( 1.750000000000000000, 1.000000000000000000, -1.399000000000000021 ) ) ;
#1349 = ORIENTED_EDGE ( 'NONE', *, *, #2113, .F. ) ;
#1350 = DIRECTION ( 'NONE',  ( 0.000000000000000000, 0.000000000000000000, 1.000000000000000000 ) ) ;
#1351 = DIRECTION ( 'NONE',  ( 1.000000000000000000, 0.000000000000000000, 0.000000000000000000 ) ) ;
#1352 = STYLED_ITEM ( 'NONE', ( #7138 ), #3905 ) ;
#1353 = EDGE_LOOP ( 'NONE', ( #6879, #6303, #3494, #3799 ) ) ;
#1354 = DIRECTION ( 'NONE',  ( 0.000000000000000000, 0.000000000000000000, -1.000000000000000000 ) ) ;
#1355 = CARTESIAN_POINT ( 'NONE',  ( -0.8049999999999999378, 1.550000000000000044, -1.399999999999999911 ) ) ;
#1356 =( NAMED_UNIT ( * ) SI_UNIT ( $, .STERADIAN. ) SOLID_ANGLE_UNIT ( ) );
#1357 = DIRECTION ( 'NONE',  ( 0.000000000000000000, -0.1166546987195020424, -0.9931725334838162889 ) ) ;
#1358 =( LENGTH_UNIT ( ) NAMED_UNIT ( * ) SI_UNIT ( .MILLI., .METRE. ) );
#1359 =( GEOMETRIC_REPRESENTATION_CONTEXT ( 3 ) GLOBAL_UNCERTAINTY_ASSIGNED_CONTEXT ( ( #144 ) ) GLOBAL_UNIT_ASSIGNED_CONTEXT ( ( #537, #7626, #3440 ) ) REPRESENTATION_CONTEXT ( 'NONE', 'WORKASPACE' ) );
#1360 = DIRECTION ( 'NONE',  ( -1.000000000000000000, 0.000000000000000000, 0.000000000000000000 ) ) ;
#1361 = DIRECTION ( 'NONE',  ( 0.000000000000000000, 1.000000000000000000, 0.000000000000000000 ) ) ;
#1362 =( GEOMETRIC_REPRESENTATION_CONTEXT ( 3 ) GLOBAL_UNCERTAINTY_ASSIGNED_CONTEXT ( ( #4744 ) ) GLOBAL_UNIT_ASSIGNED_CONTEXT ( ( #4551, #7398, #3910 ) ) REPRESENTATION_CONTEXT ( 'NONE', 'WORKASPACE' ) );
#1363 = EDGE_CURVE ( 'NONE', #7104, #6131, #3148, .T. ) ;
#1364 = DIRECTION ( 'NONE',  ( 1.000000000000000000, 0.000000000000000000, 0.000000000000000000 ) ) ;
#1365 = SURFACE_STYLE_FILL_AREA ( #5466 ) ;
#1366 = EDGE_CURVE ( 'NONE', #3320, #9160, #3064, .T. ) ;
#1367 = ORIENTED_EDGE ( 'NONE', *, *, #9120, .F. ) ;
#1368 =( GEOMETRIC_REPRESENTATION_CONTEXT ( 3 ) GLOBAL_UNCERTAINTY_ASSIGNED_CONTEXT ( ( #1015 ) ) GLOBAL_UNIT_ASSIGNED_CONTEXT ( ( #3648, #5205, #8113 ) ) REPRESENTATION_CONTEXT ( 'NONE', 'WORKASPACE' ) );
#1369 = SURFACE_STYLE_USAGE ( .BOTH. , #9103 ) ;
#1370 = SURFACE_STYLE_USAGE ( .BOTH. , #1939 ) ;
#1371 = ADVANCED_FACE ( 'NONE', ( #2598 ), #3892, .T. ) ;
#1372 = COLOUR_RGB ( '',0.4117647058823529216, 0.4117647058823529216, 0.4117647058823529216 ) ;
#1373 = FACE_OUTER_BOUND ( 'NONE', #1743, .T. ) ;
#1374 = PRESENTATION_LAYER_ASSIGNMENT (  '', '', ( #7566 ) ) ;
#1375 = VECTOR ( 'NONE', #551, 1000.000000000000000 ) ;
#1376 = PRESENTATION_LAYER_ASSIGNMENT (  '', '', ( #6371 ) ) ;
#1377 = ORIENTED_EDGE ( 'NONE', *, *, #3983, .F. ) ;
#1378 =( NAMED_UNIT ( * ) PLANE_ANGLE_UNIT ( ) SI_UNIT ( $, .RADIAN. ) );
#1379 = ORIENTED_EDGE ( 'NONE', *, *, #6802, .T. ) ;
#1380 =( LENGTH_UNIT ( ) NAMED_UNIT ( * ) SI_UNIT ( .MILLI., .METRE. ) );
#1381 = FILL_AREA_STYLE_COLOUR ( '', #1548 ) ;
#1382 = DIRECTION ( 'NONE',  ( 0.000000000000000000, 1.000000000000000000, 0.000000000000000000 ) ) ;
#1383 = FILL_AREA_STYLE ('',( #6878 ) ) ;
#1384 = ORIENTED_EDGE ( 'NONE', *, *, #4745, .T. ) ;
#1385 = CYLINDRICAL_SURFACE ( 'NONE', #6429, 0.1000000000000000472 ) ;
#1386 = UNCERTAINTY_MEASURE_WITH_UNIT (LENGTH_MEASURE( 1.000000000000000082E-05 ), #2806, 'distance_accuracy_value', 'NONE');
#1387 = CIRCLE ( 'NONE', #5790, 0.1000000000000000472 ) ;
#1388 = LINE ( 'NONE', #4171, #6479 ) ;
#1389 = CARTESIAN_POINT ( 'NONE',  ( 1.750000000000000000, -1.550000000000000044, -1.101378079396600151 ) ) ;
#1390 = ORIENTED_EDGE ( 'NONE', *, *, #122, .F. ) ;
#1391 = DIRECTION ( 'NONE',  ( -1.000000000000000000, 0.000000000000000000, 0.000000000000000000 ) ) ;
#1392 = ORIENTED_EDGE ( 'NONE', *, *, #7781, .F. ) ;
#1393 = AXIS2_PLACEMENT_3D ( 'NONE', #464, #6856, #555 ) ;
#1394 = SURFACE_STYLE_USAGE ( .BOTH. , #1492 ) ;
#1395 = ORIENTED_EDGE ( 'NONE', *, *, #2983, .F. ) ;
#1396 = FILL_AREA_STYLE ('',( #5625 ) ) ;
#1397 = PLANE ( 'NONE',  #4200 ) ;
#1398 = FACE_OUTER_BOUND ( 'NONE', #2931, .T. ) ;
#1399 = UNCERTAINTY_MEASURE_WITH_UNIT (LENGTH_MEASURE( 1.000000000000000082E-05 ), #904, 'distance_accuracy_value', 'NONE');
#1400 = AXIS2_PLACEMENT_3D ( 'NONE', #4326, #740, #6272 ) ;
#1401 = EDGE_LOOP ( 'NONE', ( #8700, #2614, #1084, #1232, #3888 ) ) ;
#1402 = DIRECTION ( 'NONE',  ( 1.000000000000000000, 0.000000000000000000, 0.000000000000000000 ) ) ;
#1403 = SURFACE_STYLE_FILL_AREA ( #130 ) ;
#1404 = DIRECTION ( 'NONE',  ( 0.000000000000000000, 0.000000000000000000, 1.000000000000000000 ) ) ;
#1405 = VECTOR ( 'NONE', #2975, 1000.000000000000000 ) ;
#1406 = DIRECTION ( 'NONE',  ( 0.000000000000000000, -1.000000000000000000, 0.000000000000000000 ) ) ;
#1407 = PLANE ( 'NONE',  #5646 ) ;
#1408 = FILL_AREA_STYLE_COLOUR ( '', #314 ) ;
#1409 = CARTESIAN_POINT ( 'NONE',  ( -0.9050000000000001377, 2.500000000000000000, -0.6999999999999999556 ) ) ;
#1410 = PRESENTATION_LAYER_ASSIGNMENT (  '', '', ( #3199 ) ) ;
#1411 = AXIS2_PLACEMENT_3D ( 'NONE', #3836, #5878, #7881 ) ;
#1412 = EDGE_LOOP ( 'NONE', ( #3667, #2528, #7371, #7630 ) ) ;
#1413 = ADVANCED_FACE ( 'NONE', ( #6723 ), #378, .T. ) ;
#1414 = SURFACE_STYLE_FILL_AREA ( #2957 ) ;
#1415 = DIRECTION ( 'NONE',  ( -1.000000000000000000, 0.000000000000000000, 0.000000000000000000 ) ) ;
#1416 = CARTESIAN_POINT ( 'NONE',  ( 1.610000000000000098, -0.5425320565518999549, 0.000000000000000000 ) ) ;
#1417 = STYLED_ITEM ( 'NONE', ( #517 ), #1413 ) ;
#1418 = EDGE_CURVE ( 'NONE', #6730, #7488, #4714, .T. ) ;
#1419 = COLOUR_RGB ( '',0.4117647058823529216, 0.4117647058823529216, 0.4117647058823529216 ) ;
#1420 = PRESENTATION_STYLE_ASSIGNMENT (( #2683 ) ) ;
#1421 = VERTEX_POINT ( 'NONE', #1889 ) ;
#1422 = FACE_OUTER_BOUND ( 'NONE', #3825, .T. ) ;
#1423 = EDGE_LOOP ( 'NONE', ( #6863, #4041, #618, #6883, #9109, #5320 ) ) ;
#1424 = COLOUR_RGB ( '',0.4117647058823529216, 0.4117647058823529216, 0.4117647058823529216 ) ;
#1425 = CARTESIAN_POINT ( 'NONE',  ( -1.300000000000000266, -1.350000000000000089, -0.1999999999999999833 ) ) ;
#1426 = ADVANCED_FACE ( 'NONE', ( #473 ), #1736, .T. ) ;
#1427 = FACE_OUTER_BOUND ( 'NONE', #4915, .T. ) ;
#1428 = CYLINDRICAL_SURFACE ( 'NONE', #2733, 0.1499999999999999667 ) ;
#1429 =( NAMED_UNIT ( * ) PLANE_ANGLE_UNIT ( ) SI_UNIT ( $, .RADIAN. ) );
#1430 = CARTESIAN_POINT ( 'NONE',  ( -0.8050000000000000488, -1.550000000000000044, -1.399999999999999911 ) ) ;
#1431 = SURFACE_SIDE_STYLE ('',( #3432 ) ) ;
#1432 = ORIENTED_EDGE ( 'NONE', *, *, #2346, .T. ) ;
#1433 = CARTESIAN_POINT ( 'NONE',  ( -1.594948974278317833, -1.449999999999999956, -0.9513780793966000182 ) ) ;
#1434 = MECHANICAL_DESIGN_GEOMETRIC_PRESENTATION_REPRESENTATION (  '', ( #989 ), #3157 ) ;
#1435 = DIRECTION ( 'NONE',  ( 1.000000000000000000, 0.000000000000000000, 0.000000000000000000 ) ) ;
#1436 = ADVANCED_FACE ( 'NONE', ( #5423, #8262 ), #6280, .T. ) ;
#1437 = VERTEX_POINT ( 'NONE', #140 ) ;
#1438 = FILL_AREA_STYLE ('',( #9077 ) ) ;
#1439 = CARTESIAN_POINT ( 'NONE',  ( 0.7049999999999998490, 2.500000000000000000, -0.9000000000000000222 ) ) ;
#1440 = ORIENTED_EDGE ( 'NONE', *, *, #3584, .T. ) ;
#1441 = LINE ( 'NONE', #6454, #3051 ) ;
#1442 = VERTEX_POINT ( 'NONE', #4242 ) ;
#1443 = PRESENTATION_STYLE_ASSIGNMENT (( #6509 ) ) ;
#1444 = ORIENTED_EDGE ( 'NONE', *, *, #3466, .F. ) ;
#1445 = STYLED_ITEM ( 'NONE', ( #7088 ), #1723 ) ;
#1446 = DIRECTION ( 'NONE',  ( 0.000000000000000000, 0.000000000000000000, -1.000000000000000000 ) ) ;
#1447 = CYLINDRICAL_SURFACE ( 'NONE', #4077, 0.2000000000000000944 ) ;
#1448 = EDGE_CURVE ( 'NONE', #6358, #670, #5782, .T. ) ;
#1449 = FACE_OUTER_BOUND ( 'NONE', #3977, .T. ) ;
#1450 = LINE ( 'NONE', #4920, #7495 ) ;
#1451 = DIRECTION ( 'NONE',  ( 0.000000000000000000, 0.000000000000000000, 1.000000000000000000 ) ) ;
#1452 = LINE ( 'NONE', #4329, #1233 ) ;
#1453 =( GEOMETRIC_REPRESENTATION_CONTEXT ( 3 ) GLOBAL_UNCERTAINTY_ASSIGNED_CONTEXT ( ( #6927 ) ) GLOBAL_UNIT_ASSIGNED_CONTEXT ( ( #3741, #1461, #3688 ) ) REPRESENTATION_CONTEXT ( 'NONE', 'WORKASPACE' ) );
#1454 = SURFACE_STYLE_FILL_AREA ( #182 ) ;
#1455 =( NAMED_UNIT ( * ) PLANE_ANGLE_UNIT ( ) SI_UNIT ( $, .RADIAN. ) );
#1456 = VECTOR ( 'NONE', #4981, 1000.000000000000000 ) ;
#1457 = VERTEX_POINT ( 'NONE', #12 ) ;
#1458 = VECTOR ( 'NONE', #2389, 1000.000000000000000 ) ;
#1459 = DIRECTION ( 'NONE',  ( 0.4166666666666983820, -0.9090593428862949743, 0.000000000000000000 ) ) ;
#1460 = FILL_AREA_STYLE ('',( #6481 ) ) ;
#1461 =( NAMED_UNIT ( * ) PLANE_ANGLE_UNIT ( ) SI_UNIT ( $, .RADIAN. ) );
#1462 = SURFACE_STYLE_FILL_AREA ( #7611 ) ;
#1463 = CIRCLE ( 'NONE', #7654, 0.1500000000000000777 ) ;
#1464 = SURFACE_SIDE_STYLE ('',( #3059 ) ) ;
#1465 = PRESENTATION_STYLE_ASSIGNMENT (( #6242 ) ) ;
#1466 = AXIS2_PLACEMENT_3D ( 'NONE', #3580, #6364, #2256 ) ;
#1467 = SURFACE_STYLE_USAGE ( .BOTH. , #3650 ) ;
#1468 = EDGE_LOOP ( 'NONE', ( #1584, #5391, #8248, #6920 ) ) ;
#1469 = FILL_AREA_STYLE_COLOUR ( '', #8453 ) ;
#1470 = PRESENTATION_LAYER_ASSIGNMENT (  '', '', ( #6466 ) ) ;
#1471 = DIRECTION ( 'NONE',  ( -0.000000000000000000, 1.000000000000000000, -0.000000000000000000 ) ) ;
#1472 = DIRECTION ( 'NONE',  ( 0.000000000000000000, 0.000000000000000000, 1.000000000000000000 ) ) ;
#1473 = PRESENTATION_STYLE_ASSIGNMENT (( #708 ) ) ;
#1474 = AXIS2_PLACEMENT_3D ( 'NONE', #4775, #1342, #5486 ) ;
#1475 =( GEOMETRIC_REPRESENTATION_CONTEXT ( 3 ) GLOBAL_UNCERTAINTY_ASSIGNED_CONTEXT ( ( #832 ) ) GLOBAL_UNIT_ASSIGNED_CONTEXT ( ( #8649, #1886, #8737 ) ) REPRESENTATION_CONTEXT ( 'NONE', 'WORKASPACE' ) );
#1476 = CARTESIAN_POINT ( 'NONE',  ( 1.104999999999999760, -1.450000000000000400, -1.102973369332799658 ) ) ;
#1477 = DIRECTION ( 'NONE',  ( -1.000000000000000000, 0.000000000000000000, 0.000000000000000000 ) ) ;
#1478 = ORIENTED_EDGE ( 'NONE', *, *, #5235, .T. ) ;
#1479 = FILL_AREA_STYLE ('',( #2239 ) ) ;
#1480 = UNCERTAINTY_MEASURE_WITH_UNIT (LENGTH_MEASURE( 1.000000000000000082E-05 ), #4564, 'distance_accuracy_value', 'NONE');
#1481 = FILL_AREA_STYLE ('',( #6975 ) ) ;
#1482 = ADVANCED_FACE ( 'NONE', ( #8634 ), #4928, .F. ) ;
#1483 = DIRECTION ( 'NONE',  ( 1.000000000000000000, 0.000000000000000000, 0.000000000000000000 ) ) ;
#1484 = PRESENTATION_LAYER_ASSIGNMENT (  '', '', ( #2533 ) ) ;
#1485 = VERTEX_POINT ( 'NONE', #7098 ) ;
#1486 = MECHANICAL_DESIGN_GEOMETRIC_PRESENTATION_REPRESENTATION (  '', ( #1639 ), #8577 ) ;
#1487 = DIRECTION ( 'NONE',  ( 0.000000000000000000, -1.000000000000000000, 0.000000000000000000 ) ) ;
#1488 = ADVANCED_FACE ( 'NONE', ( #4291 ), #3740, .F. ) ;
#1489 = CARTESIAN_POINT ( 'NONE',  ( 1.350000000000000089, 1.449999999999999956, -0.9513780793966000182 ) ) ;
#1490 = ORIENTED_EDGE ( 'NONE', *, *, #6954, .T. ) ;
#1491 = AXIS2_PLACEMENT_3D ( 'NONE', #2306, #5718, #6417 ) ;
#1492 = SURFACE_SIDE_STYLE ('',( #8422 ) ) ;
#1493 = LINE ( 'NONE', #8204, #8548 ) ;
#1494 = ORIENTED_EDGE ( 'NONE', *, *, #4767, .T. ) ;
#1495 = ADVANCED_FACE ( 'NONE', ( #6528 ), #7205, .T. ) ;
#1496 = DIRECTION ( 'NONE',  ( 0.000000000000000000, 0.000000000000000000, -1.000000000000000000 ) ) ;
#1497 = UNCERTAINTY_MEASURE_WITH_UNIT (LENGTH_MEASURE( 1.000000000000000082E-05 ), #623, 'distance_accuracy_value', 'NONE');
#1498 = ORIENTED_EDGE ( 'NONE', *, *, #4250, .F. ) ;
#1499 = LINE ( 'NONE', #2760, #4149 ) ;
#1500 =( NAMED_UNIT ( * ) PLANE_ANGLE_UNIT ( ) SI_UNIT ( $, .RADIAN. ) );
#1501 = CARTESIAN_POINT ( 'NONE',  ( -1.299999999999998934, -0.4459324456745000220, -1.369999999999999885 ) ) ;
#1502 = LINE ( 'NONE', #787, #8049 ) ;
#1503 =( NAMED_UNIT ( * ) PLANE_ANGLE_UNIT ( ) SI_UNIT ( $, .RADIAN. ) );
#1504 = FILL_AREA_STYLE_COLOUR ( '', #9124 ) ;
#1505 = DIRECTION ( 'NONE',  ( 0.000000000000000000, 0.000000000000000000, -1.000000000000000000 ) ) ;
#1506 =( NAMED_UNIT ( * ) SI_UNIT ( $, .STERADIAN. ) SOLID_ANGLE_UNIT ( ) );
#1507 = CARTESIAN_POINT ( 'NONE',  ( 1.750000000000000000, 0.4000000000000000222, 0.000000000000000000 ) ) ;
#1508 = SURFACE_SIDE_STYLE ('',( #1454 ) ) ;
#1509 =( NAMED_UNIT ( * ) PLANE_ANGLE_UNIT ( ) SI_UNIT ( $, .RADIAN. ) );
#1510 = FILL_AREA_STYLE_COLOUR ( '', #3712 ) ;
#1511 = EDGE_CURVE ( 'NONE', #3904, #1442, #3140, .T. ) ;
#1512 = ORIENTED_EDGE ( 'NONE', *, *, #550, .F. ) ;
#1513 = SURFACE_STYLE_USAGE ( .BOTH. , #139 ) ;
#1514 = AXIS2_PLACEMENT_3D ( 'NONE', #5401, #8232, #4039 ) ;
#1515 = DIRECTION ( 'NONE',  ( 1.000000000000000000, 0.000000000000000000, 0.000000000000000000 ) ) ;
#1516 = DIRECTION ( 'NONE',  ( 1.000000000000000000, 0.000000000000000000, 0.000000000000000000 ) ) ;
#1517 = DIRECTION ( 'NONE',  ( 1.000000000000000000, 0.000000000000000000, 0.000000000000000000 ) ) ;
#1518 = CARTESIAN_POINT ( 'NONE',  ( 2.299999999999999822, 1.000000000000000000, -1.300000000000000044 ) ) ;
#1519 =( GEOMETRIC_REPRESENTATION_CONTEXT ( 3 ) GLOBAL_UNCERTAINTY_ASSIGNED_CONTEXT ( ( #8862 ) ) GLOBAL_UNIT_ASSIGNED_CONTEXT ( ( #2293, #1629, #8741 ) ) REPRESENTATION_CONTEXT ( 'NONE', 'WORKASPACE' ) );
#1520 = MECHANICAL_DESIGN_GEOMETRIC_PRESENTATION_REPRESENTATION (  '', ( #4622 ), #604 ) ;
#1521 = EDGE_CURVE ( 'NONE', #6533, #6697, #5914, .T. ) ;
#1522 = VERTEX_POINT ( 'NONE', #7967 ) ;
#1523 = DIRECTION ( 'NONE',  ( -0.000000000000000000, -1.000000000000000000, -0.000000000000000000 ) ) ;
#1524 = COLOUR_RGB ( '',0.4117647058823529216, 0.4117647058823529216, 0.4117647058823529216 ) ;
#1525 = CIRCLE ( 'NONE', #3593, 0.2000000000000000944 ) ;
#1526 =( GEOMETRIC_REPRESENTATION_CONTEXT ( 3 ) GLOBAL_UNCERTAINTY_ASSIGNED_CONTEXT ( ( #4730 ) ) GLOBAL_UNIT_ASSIGNED_CONTEXT ( ( #1653, #8018, #2453 ) ) REPRESENTATION_CONTEXT ( 'NONE', 'WORKASPACE' ) );
#1527 =( NAMED_UNIT ( * ) PLANE_ANGLE_UNIT ( ) SI_UNIT ( $, .RADIAN. ) );
#1528 = DIRECTION ( 'NONE',  ( -0.000000000000000000, 0.000000000000000000, 1.000000000000000000 ) ) ;
#1529 = ORIENTED_EDGE ( 'NONE', *, *, #5940, .F. ) ;
#1530 = PLANE ( 'NONE',  #5517 ) ;
#1531 = LINE ( 'NONE', #2089, #7201 ) ;
#1532 = DIRECTION ( 'NONE',  ( 0.000000000000000000, 0.000000000000000000, 1.000000000000000000 ) ) ;
#1533 = LINE ( 'NONE', #1389, #5015 ) ;
#1534 = STYLED_ITEM ( 'NONE', ( #3545 ), #8518 ) ;
#1535 = EDGE_LOOP ( 'NONE', ( #3285, #6983, #7497, #1818 ) ) ;
#1536 = VECTOR ( 'NONE', #2302, 1000.000000000000000 ) ;
#1537 = DIRECTION ( 'NONE',  ( 0.000000000000000000, 0.000000000000000000, -1.000000000000000000 ) ) ;
#1538 = EDGE_LOOP ( 'NONE', ( #2401, #573, #2759 ) ) ;
#1539 = ADVANCED_FACE ( 'NONE', ( #8156 ), #6668, .F. ) ;
#1540 = SURFACE_SIDE_STYLE ('',( #5087 ) ) ;
#1541 = VECTOR ( 'NONE', #937, 1000.000000000000000 ) ;
#1542 = VERTEX_POINT ( 'NONE', #7460 ) ;
#1543 = EDGE_CURVE ( 'NONE', #5656, #8377, #1701, .T. ) ;
#1544 = CARTESIAN_POINT ( 'NONE',  ( -0.4043210666065122361, -1.327698927806999940, -1.399999999999999911 ) ) ;
#1545 = EDGE_LOOP ( 'NONE', ( #1529, #1367, #8807, #918 ) ) ;
#1546 = CARTESIAN_POINT ( 'NONE',  ( 1.299999999999998934, -0.4459324456745000775, -1.369999999999999885 ) ) ;
#1547 = EDGE_CURVE ( 'NONE', #5450, #1848, #5152, .T. ) ;
#1548 = COLOUR_RGB ( '',1.000000000000000000, 1.000000000000000000, 1.000000000000000000 ) ;
#1549 =( LENGTH_UNIT ( ) NAMED_UNIT ( * ) SI_UNIT ( .MILLI., .METRE. ) );
#1550 = VECTOR ( 'NONE', #7009, 1000.000000000000000 ) ;
#1551 = CARTESIAN_POINT ( 'NONE',  ( -1.179999999999999272, -0.4459324456745000775, -1.320000000000000062 ) ) ;
#1552 = CARTESIAN_POINT ( 'NONE',  ( -1.629999999999999893, -0.9799999999999999822, 1.698556084261999999 ) ) ;
#1553 = FACE_OUTER_BOUND ( 'NONE', #7479, .T. ) ;
#1554 = LINE ( 'NONE', #8668, #185 ) ;
#1555 = PRESENTATION_LAYER_ASSIGNMENT (  '', '', ( #8933 ) ) ;
#1556 = FACE_OUTER_BOUND ( 'NONE', #3517, .T. ) ;
#1557 = FACE_OUTER_BOUND ( 'NONE', #7800, .T. ) ;
#1558 = CARTESIAN_POINT ( 'NONE',  ( -0.7049999999999999600, 1.550000000000000044, -0.9000000000000000222 ) ) ;
#1559 = ORIENTED_EDGE ( 'NONE', *, *, #1887, .F. ) ;
#1560 = AXIS2_PLACEMENT_3D ( 'NONE', #1807, #4036, #7620 ) ;
#1561 = CARTESIAN_POINT ( 'NONE',  ( -1.610000000000000098, 0.4000000000000000222, 0.000000000000000000 ) ) ;
#1562 = ADVANCED_BREP_SHAPE_REPRESENTATION ( '', ( #633, #1253 ), #3337 ) ;
#1563 = LINE ( 'NONE', #7736, #243 ) ;
#1564 = SURFACE_SIDE_STYLE ('',( #238 ) ) ;
#1565 = DIRECTION ( 'NONE',  ( 0.000000000000000000, 0.000000000000000000, 1.000000000000000000 ) ) ;
#1566 = DIRECTION ( 'NONE',  ( 0.000000000000000000, -1.000000000000000000, 0.000000000000000000 ) ) ;
#1567 =( GEOMETRIC_REPRESENTATION_CONTEXT ( 3 ) GLOBAL_UNCERTAINTY_ASSIGNED_CONTEXT ( ( #7219 ) ) GLOBAL_UNIT_ASSIGNED_CONTEXT ( ( #6368, #8529, #5588 ) ) REPRESENTATION_CONTEXT ( 'NONE', 'WORKASPACE' ) );
#1568 = VECTOR ( 'NONE', #7982, 1000.000000000000000 ) ;
#1569 = SURFACE_STYLE_FILL_AREA ( #5211 ) ;
#1570 = ORIENTED_EDGE ( 'NONE', *, *, #3746, .F. ) ;
#1571 = EDGE_CURVE ( 'NONE', #5288, #1867, #3187, .T. ) ;
#1572 = FACE_OUTER_BOUND ( 'NONE', #1423, .T. ) ;
#1573 = SURFACE_STYLE_USAGE ( .BOTH. , #6492 ) ;
#1574 =( GEOMETRIC_REPRESENTATION_CONTEXT ( 3 ) GLOBAL_UNCERTAINTY_ASSIGNED_CONTEXT ( ( #5614 ) ) GLOBAL_UNIT_ASSIGNED_CONTEXT ( ( #2328, #5845, #2878 ) ) REPRESENTATION_CONTEXT ( 'NONE', 'WORKASPACE' ) );
#1575 = VECTOR ( 'NONE', #3142, 1000.000000000000000 ) ;
#1576 = EDGE_CURVE ( 'NONE', #5371, #5862, #2493, .T. ) ;
#1577 = DIRECTION ( 'NONE',  ( -2.168404344971008868E-16, -1.000000000000000000, 0.000000000000000000 ) ) ;
#1578 = ORIENTED_EDGE ( 'NONE', *, *, #6046, .T. ) ;
#1579 = CARTESIAN_POINT ( 'NONE',  ( 1.750999999999999668, -1.000000000000000000, -1.399999999999999911 ) ) ;
#1580 =( LENGTH_UNIT ( ) NAMED_UNIT ( * ) SI_UNIT ( .MILLI., .METRE. ) );
#1581 = UNCERTAINTY_MEASURE_WITH_UNIT (LENGTH_MEASURE( 1.000000000000000082E-05 ), #5885, 'distance_accuracy_value', 'NONE');
#1582 =( GEOMETRIC_REPRESENTATION_CONTEXT ( 3 ) GLOBAL_UNCERTAINTY_ASSIGNED_CONTEXT ( ( #5800 ) ) GLOBAL_UNIT_ASSIGNED_CONTEXT ( ( #2727, #4849, #3333 ) ) REPRESENTATION_CONTEXT ( 'NONE', 'WORKASPACE' ) );
#1583 = FACE_OUTER_BOUND ( 'NONE', #5399, .T. ) ;
#1584 = ORIENTED_EDGE ( 'NONE', *, *, #6379, .T. ) ;
#1585 = SURFACE_STYLE_USAGE ( .BOTH. , #7989 ) ;
#1586 = CARTESIAN_POINT ( 'NONE',  ( -1.751000000000000112, -1.000000000000000000, -1.399999999999999911 ) ) ;
#1587 = ORIENTED_EDGE ( 'NONE', *, *, #7429, .F. ) ;
#1588 = FILL_AREA_STYLE ('',( #7903 ) ) ;
#1589 = ORIENTED_EDGE ( 'NONE', *, *, #2761, .F. ) ;
#1590 = MECHANICAL_DESIGN_GEOMETRIC_PRESENTATION_REPRESENTATION (  '', ( #5117 ), #8523 ) ;
#1591 = DIRECTION ( 'NONE',  ( 1.000000000000000000, 0.000000000000000000, 0.000000000000000000 ) ) ;
#1592 = SURFACE_SIDE_STYLE ('',( #175 ) ) ;
#1593 = ORIENTED_EDGE ( 'NONE', *, *, #4260, .F. ) ;
#1594 =( NAMED_UNIT ( * ) SI_UNIT ( $, .STERADIAN. ) SOLID_ANGLE_UNIT ( ) );
#1595 = PLANE ( 'NONE',  #7774 ) ;
#1596 = DIRECTION ( 'NONE',  ( 1.000000000000000000, 0.000000000000000000, 0.000000000000000000 ) ) ;
#1597 = FILL_AREA_STYLE ('',( #6318 ) ) ;
#1598 = SURFACE_STYLE_FILL_AREA ( #6422 ) ;
#1599 =( LENGTH_UNIT ( ) NAMED_UNIT ( * ) SI_UNIT ( .MILLI., .METRE. ) );
#1600 = DIRECTION ( 'NONE',  ( -1.000000000000000000, 0.000000000000000000, -0.000000000000000000 ) ) ;
#1601 = DIRECTION ( 'NONE',  ( 1.000000000000000000, 0.000000000000000000, 0.000000000000000000 ) ) ;
#1602 = DIRECTION ( 'NONE',  ( 0.000000000000000000, -1.000000000000000000, 0.000000000000000000 ) ) ;
#1603 = VECTOR ( 'NONE', #2262, 1000.000000000000000 ) ;
#1604 = EDGE_CURVE ( 'NONE', #8319, #2531, #4523, .T. ) ;
#1605 = VERTEX_POINT ( 'NONE', #5283 ) ;
#1606 = CARTESIAN_POINT ( 'NONE',  ( 2.299999999999999822, -1.000000000000000000, -1.399999999999999911 ) ) ;
#1607 = VECTOR ( 'NONE', #8770, 1000.000000000000000 ) ;
#1608 =( NAMED_UNIT ( * ) SI_UNIT ( $, .STERADIAN. ) SOLID_ANGLE_UNIT ( ) );
#1609 = FILL_AREA_STYLE ('',( #5690 ) ) ;
#1610 = ADVANCED_FACE ( 'NONE', ( #5998 ), #994, .T. ) ;
#1611 = CARTESIAN_POINT ( 'NONE',  ( -1.729999999999999982, -0.4225320565518999594, -0.1000000000000000472 ) ) ;
#1612 = AXIS2_PLACEMENT_3D ( 'NONE', #1763, #4680, #4727 ) ;
#1613 = SURFACE_STYLE_FILL_AREA ( #7976 ) ;
#1614 = ORIENTED_EDGE ( 'NONE', *, *, #2074, .T. ) ;
#1615 = LINE ( 'NONE', #7255, #3752 ) ;
#1616 = FILL_AREA_STYLE_COLOUR ( '', #6385 ) ;
#1617 = CARTESIAN_POINT ( 'NONE',  ( 0.6700000000000008171, -0.4459324456745000220, -1.369999999999999885 ) ) ;
#1618 = STYLED_ITEM ( 'NONE', ( #7063 ), #2545 ) ;
#1619 = LINE ( 'NONE', #109, #7518 ) ;
#1620 = ORIENTED_EDGE ( 'NONE', *, *, #7026, .T. ) ;
#1621 = VECTOR ( 'NONE', #1686, 1000.000000000000000 ) ;
#1622 = CARTESIAN_POINT ( 'NONE',  ( -1.750000000000000000, -0.4225320565518999594, 0.000000000000000000 ) ) ;
#1623 = PRESENTATION_LAYER_ASSIGNMENT (  '', '', ( #8559 ) ) ;
#1624 = CARTESIAN_POINT ( 'NONE',  ( 1.729999999999999982, -0.5425320565518999549, -0.1000000000000000472 ) ) ;
#1625 = DIRECTION ( 'NONE',  ( 0.000000000000000000, 0.000000000000000000, 1.000000000000000000 ) ) ;
#1626 = AXIS2_PLACEMENT_3D ( 'NONE', #7749, #3520, #7702 ) ;
#1627 = ORIENTED_EDGE ( 'NONE', *, *, #6713, .F. ) ;
#1628 = EDGE_CURVE ( 'NONE', #9143, #4634, #3652, .T. ) ;
#1629 =( NAMED_UNIT ( * ) PLANE_ANGLE_UNIT ( ) SI_UNIT ( $, .RADIAN. ) );
#1630 = COLOUR_RGB ( '',0.7686274509803920907, 0.7686274509803920907, 0.7686274509803920907 ) ;
#1631 = LINE ( 'NONE', #5856, #6008 ) ;
#1632 = COLOUR_RGB ( '',0.7686274509803920907, 0.7686274509803920907, 0.7686274509803920907 ) ;
#1633 = ORIENTED_EDGE ( 'NONE', *, *, #5970, .T. ) ;
#1634 = FILL_AREA_STYLE_COLOUR ( '', #3787 ) ;
#1635 = PRESENTATION_STYLE_ASSIGNMENT (( #2298 ) ) ;
#1636 = VERTEX_POINT ( 'NONE', #2718 ) ;
#1637 = CIRCLE ( 'NONE', #2823, 0.1200000000000000927 ) ;
#1638 = LINE ( 'NONE', #266, #914 ) ;
#1639 = STYLED_ITEM ( 'NONE', ( #5366 ), #5303 ) ;
#1640 = DIRECTION ( 'NONE',  ( -1.000000000000000000, 0.000000000000000000, 0.000000000000000000 ) ) ;
#1641 = VERTEX_POINT ( 'NONE', #8348 ) ;
#1642 = LINE ( 'NONE', #3777, #9161 ) ;
#1643 = CARTESIAN_POINT ( 'NONE',  ( -1.750999999999999890, 0.5000000000000000000, -1.399999999999999911 ) ) ;
#1644 = MECHANICAL_DESIGN_GEOMETRIC_PRESENTATION_REPRESENTATION (  '', ( #2541 ), #3710 ) ;
#1645 = FACE_OUTER_BOUND ( 'NONE', #6150, .T. ) ;
#1646 = CARTESIAN_POINT ( 'NONE',  ( 1.300000000000000266, 1.394275155549000056, -0.004872684208400064089 ) ) ;
#1647 = ORIENTED_EDGE ( 'NONE', *, *, #1216, .F. ) ;
#1648 = DIRECTION ( 'NONE',  ( 1.000000000000000000, 0.000000000000000000, 0.000000000000000000 ) ) ;
#1649 = CARTESIAN_POINT ( 'NONE',  ( -1.629999999999999893, 0.9799999999999999822, 0.000000000000000000 ) ) ;
#1650 = DIRECTION ( 'NONE',  ( 1.000000000000000000, 0.000000000000000000, -0.000000000000000000 ) ) ;
#1651 = CARTESIAN_POINT ( 'NONE',  ( 0.8749999999999998890, 0.000000000000000000, 0.000000000000000000 ) ) ;
#1652 = ORIENTED_EDGE ( 'NONE', *, *, #6147, .T. ) ;
#1653 =( LENGTH_UNIT ( ) NAMED_UNIT ( * ) SI_UNIT ( .MILLI., .METRE. ) );
#1654 = FILL_AREA_STYLE_COLOUR ( '', #1875 ) ;
#1655 = FILL_AREA_STYLE ('',( #7969 ) ) ;
#1656 = EDGE_CURVE ( 'NONE', #8515, #9024, #6428, .T. ) ;
#1657 = FACE_OUTER_BOUND ( 'NONE', #447, .T. ) ;
#1658 = CARTESIAN_POINT ( 'NONE',  ( -2.299999999999999822, -0.5500000000000000444, -1.399999999999999911 ) ) ;
#1659 = SURFACE_SIDE_STYLE ('',( #3692 ) ) ;
#1660 = ADVANCED_FACE ( 'NONE', ( #6899 ), #4840, .F. ) ;
#1661 = CARTESIAN_POINT ( 'NONE',  ( 0.9049999999999999156, -1.550000000000000044, -1.302973369332799836 ) ) ;
#1662 = CIRCLE ( 'NONE', #1062, 0.1999999999999999833 ) ;
#1663 = ORIENTED_EDGE ( 'NONE', *, *, #7070, .T. ) ;
#1664 =( NAMED_UNIT ( * ) PLANE_ANGLE_UNIT ( ) SI_UNIT ( $, .RADIAN. ) );
#1665 = ADVANCED_FACE ( 'NONE', ( #1314 ), #6851, .F. ) ;
#1666 =( NAMED_UNIT ( * ) SI_UNIT ( $, .STERADIAN. ) SOLID_ANGLE_UNIT ( ) );
#1667 = CARTESIAN_POINT ( 'NONE',  ( -1.729999999999999982, -0.4225320565518999594, 0.000000000000000000 ) ) ;
#1668 =( NAMED_UNIT ( * ) PLANE_ANGLE_UNIT ( ) SI_UNIT ( $, .RADIAN. ) );
#1669 = CARTESIAN_POINT ( 'NONE',  ( 1.250000000000000000, 1.335834036457999918, -0.9513780793966000182 ) ) ;
#1670 = ORIENTED_EDGE ( 'NONE', *, *, #5360, .F. ) ;
#1671 = CARTESIAN_POINT ( 'NONE',  ( 2.299999999999999822, 0.5000000000000000000, -1.300000000000000044 ) ) ;
#1672 = DIRECTION ( 'NONE',  ( 0.000000000000000000, 0.000000000000000000, 1.000000000000000000 ) ) ;
#1673 = UNCERTAINTY_MEASURE_WITH_UNIT (LENGTH_MEASURE( 1.000000000000000082E-05 ), #7235, 'distance_accuracy_value', 'NONE');
#1674 = MECHANICAL_DESIGN_GEOMETRIC_PRESENTATION_REPRESENTATION (  '', ( #456 ), #1362 ) ;
#1675 = CARTESIAN_POINT ( 'NONE',  ( 0.9049999999999999156, 1.449999999999999956, -0.9000000000000000222 ) ) ;
#1676 = EDGE_LOOP ( 'NONE', ( #8060, #1298, #4045, #1809 ) ) ;
#1677 = AXIS2_PLACEMENT_3D ( 'NONE', #4290, #7920, #9136 ) ;
#1678 = ORIENTED_EDGE ( 'NONE', *, *, #6491, .F. ) ;
#1679 = PRESENTATION_LAYER_ASSIGNMENT (  '', '', ( #4483 ) ) ;
#1680 = EDGE_LOOP ( 'NONE', ( #1801, #4130, #6034, #8984, #9059, #8374, #5527 ) ) ;
#1681 = UNCERTAINTY_MEASURE_WITH_UNIT (LENGTH_MEASURE( 1.000000000000000082E-05 ), #7918, 'distance_accuracy_value', 'NONE');
#1682 = PRODUCT_DEFINITION ( 'ๆ', '', #2460, #6349 ) ;
#1683 =( NAMED_UNIT ( * ) SI_UNIT ( $, .STERADIAN. ) SOLID_ANGLE_UNIT ( ) );
#1684 = VECTOR ( 'NONE', #2409, 1000.000000000000000 ) ;
#1685 = PRESENTATION_LAYER_ASSIGNMENT (  '', '', ( #5923 ) ) ;
#1686 = DIRECTION ( 'NONE',  ( 0.000000000000000000, 1.000000000000000000, 0.000000000000000000 ) ) ;
#1687 = UNCERTAINTY_MEASURE_WITH_UNIT (LENGTH_MEASURE( 1.000000000000000082E-05 ), #2194, 'distance_accuracy_value', 'NONE');
#1688 = EDGE_LOOP ( 'NONE', ( #6935, #6800, #5763, #2358 ) ) ;
#1689 = DIRECTION ( 'NONE',  ( 1.000000000000000000, 0.000000000000000000, 0.000000000000000000 ) ) ;
#1690 = ORIENTED_EDGE ( 'NONE', *, *, #6095, .F. ) ;
#1691 = CARTESIAN_POINT ( 'NONE',  ( -8.131516293641283255E-17, 0.000000000000000000, 0.5999999999999999778 ) ) ;
#1692 = VERTEX_POINT ( 'NONE', #6043 ) ;
#1693 = DIRECTION ( 'NONE',  ( 0.000000000000000000, -1.000000000000000000, 0.000000000000000000 ) ) ;
#1694 = LINE ( 'NONE', #2447, #4644 ) ;
#1695 =( NAMED_UNIT ( * ) SI_UNIT ( $, .STERADIAN. ) SOLID_ANGLE_UNIT ( ) );
#1696 = AXIS2_PLACEMENT_3D ( 'NONE', #8516, #2988, #7798 ) ;
#1697 = AXIS2_PLACEMENT_3D ( 'NONE', #7485, #3249, #1899 ) ;
#1698 = ORIENTED_EDGE ( 'NONE', *, *, #2241, .T. ) ;
#1699 = AXIS2_PLACEMENT_3D ( 'NONE', #2032, #6389, #4297 ) ;
#1700 = DIRECTION ( 'NONE',  ( -0.000000000000000000, 1.000000000000000000, -0.000000000000000000 ) ) ;
#1701 = LINE ( 'NONE', #2543, #7912 ) ;
#1702 = LINE ( 'NONE', #371, #8842 ) ;
#1703 = MECHANICAL_DESIGN_GEOMETRIC_PRESENTATION_REPRESENTATION (  '', ( #8933 ), #9088 ) ;
#1704 = CIRCLE ( 'NONE', #8187, 0.2000000000000000111 ) ;
#1705 = DIRECTION ( 'NONE',  ( 2.409338161078898687E-16, 1.000000000000000000, 0.000000000000000000 ) ) ;
#1706 = CARTESIAN_POINT ( 'NONE',  ( -1.600000000000000089, 1.550000000000000044, -0.9513780793966000182 ) ) ;
#1707 = VERTEX_POINT ( 'NONE', #2671 ) ;
#1708 = SURFACE_STYLE_FILL_AREA ( #2367 ) ;
#1709 =( NAMED_UNIT ( * ) PLANE_ANGLE_UNIT ( ) SI_UNIT ( $, .RADIAN. ) );
#1710 = EDGE_CURVE ( 'NONE', #5559, #2752, #3407, .T. ) ;
#1711 = CARTESIAN_POINT ( 'NONE',  ( 1.750000000000000000, 1.449999999999999956, -0.1000000000000000472 ) ) ;
#1712 = AXIS2_PLACEMENT_3D ( 'NONE', #1691, #932, #1596 ) ;
#1713 = VECTOR ( 'NONE', #7659, 1000.000000000000000 ) ;
#1714 = DIRECTION ( 'NONE',  ( 0.000000000000000000, 1.000000000000000000, 0.000000000000000000 ) ) ;
#1715 = CARTESIAN_POINT ( 'NONE',  ( -1.680000000000000160, -0.8709128788536000254, 0.000000000000000000 ) ) ;
#1716 = LINE ( 'NONE', #8785, #4007 ) ;
#1717 = EDGE_CURVE ( 'NONE', #3757, #4979, #1450, .T. ) ;
#1718 = ORIENTED_EDGE ( 'NONE', *, *, #8434, .F. ) ;
#1719 =( GEOMETRIC_REPRESENTATION_CONTEXT ( 3 ) GLOBAL_UNCERTAINTY_ASSIGNED_CONTEXT ( ( #156 ) ) GLOBAL_UNIT_ASSIGNED_CONTEXT ( ( #7451, #1429, #8893 ) ) REPRESENTATION_CONTEXT ( 'NONE', 'WORKASPACE' ) );
#1720 =( NAMED_UNIT ( * ) PLANE_ANGLE_UNIT ( ) SI_UNIT ( $, .RADIAN. ) );
#1721 = PRESENTATION_LAYER_ASSIGNMENT (  '', '', ( #2013 ) ) ;
#1722 = VERTEX_POINT ( 'NONE', #3675 ) ;
#1723 = ADVANCED_FACE ( 'NONE', ( #7195 ), #2311, .T. ) ;
#1724 = SURFACE_STYLE_FILL_AREA ( #1588 ) ;
#1725 = CYLINDRICAL_SURFACE ( 'NONE', #2060, 0.1499999999999999667 ) ;
#1726 = ORIENTED_EDGE ( 'NONE', *, *, #6432, .F. ) ;
#1727 = PRESENTATION_STYLE_ASSIGNMENT (( #7396 ) ) ;
#1728 = VECTOR ( 'NONE', #1138, 1000.000000000000000 ) ;
#1729 = EDGE_CURVE ( 'NONE', #7021, #4111, #3586, .T. ) ;
#1730 = MECHANICAL_DESIGN_GEOMETRIC_PRESENTATION_REPRESENTATION (  '', ( #3647 ), #1868 ) ;
#1731 = DIRECTION ( 'NONE',  ( 0.000000000000000000, 0.000000000000000000, 1.000000000000000000 ) ) ;
#1732 = CARTESIAN_POINT ( 'NONE',  ( 0.9049999999999999156, 1.449999999999999956, -1.399999999999999911 ) ) ;
#1733 = EDGE_LOOP ( 'NONE', ( #383, #658, #3305, #2002 ) ) ;
#1734 = DIRECTION ( 'NONE',  ( 0.000000000000000000, 0.000000000000000000, -1.000000000000000000 ) ) ;
#1735 = EDGE_LOOP ( 'NONE', ( #3234, #6291, #3764, #6827 ) ) ;
#1736 = TOROIDAL_SURFACE ( 'NONE', #1275, 0.7500000000000000000, 0.1000000000000000056 ) ;
#1737 = DIRECTION ( 'NONE',  ( -0.000000000000000000, -0.000000000000000000, -1.000000000000000000 ) ) ;
#1738 = ORIENTED_EDGE ( 'NONE', *, *, #2510, .T. ) ;
#1739 = CARTESIAN_POINT ( 'NONE',  ( -0.8395341571618569754, -1.550000000000000488, -0.7467332241767473677 ) ) ;
#1740 = DIRECTION ( 'NONE',  ( -0.000000000000000000, 1.000000000000000000, 0.000000000000000000 ) ) ;
#1741 = CARTESIAN_POINT ( 'NONE',  ( 1.300000000000000266, 1.449999999999999956, -0.6564291051182821191 ) ) ;
#1742 = VECTOR ( 'NONE', #6589, 1000.000000000000000 ) ;
#1743 = EDGE_LOOP ( 'NONE', ( #3771, #1278, #8974, #2556, #3924 ) ) ;
#1744 = EDGE_CURVE ( 'NONE', #1760, #3627, #3542, .T. ) ;
#1745 = DIRECTION ( 'NONE',  ( -0.000000000000000000, 0.000000000000000000, 1.000000000000000000 ) ) ;
#1746 = LINE ( 'NONE', #1129, #2914 ) ;
#1747 = SURFACE_SIDE_STYLE ('',( #8208 ) ) ;
#1748 = CARTESIAN_POINT ( 'NONE',  ( -1.610000000000000098, -0.8599999999999999867, 0.000000000000000000 ) ) ;
#1749 = ORIENTED_EDGE ( 'NONE', *, *, #3088, .F. ) ;
#1750 = VECTOR ( 'NONE', #2904, 1000.000000000000000 ) ;
#1751 = FILL_AREA_STYLE_COLOUR ( '', #112 ) ;
#1752 = DIRECTION ( 'NONE',  ( -1.000000000000000000, 0.000000000000000000, -0.000000000000000000 ) ) ;
#1753 = FILL_AREA_STYLE ('',( #246 ) ) ;
#1754 = DIRECTION ( 'NONE',  ( -1.000000000000000000, 0.000000000000000000, 0.000000000000000000 ) ) ;
#1755 = SURFACE_STYLE_USAGE ( .BOTH. , #5850 ) ;
#1756 = CARTESIAN_POINT ( 'NONE',  ( -0.7049999999999999600, -1.450000000000000400, -0.9000000000000000222 ) ) ;
#1757 = VERTEX_POINT ( 'NONE', #5635 ) ;
#1758 = CARTESIAN_POINT ( 'NONE',  ( -1.350000000000000089, -1.449999999999999956, -0.1000000000000000472 ) ) ;
#1759 = DIRECTION ( 'NONE',  ( 0.000000000000000000, -1.000000000000000000, 0.000000000000000000 ) ) ;
#1760 = VERTEX_POINT ( 'NONE', #4417 ) ;
#1761 =( GEOMETRIC_REPRESENTATION_CONTEXT ( 3 ) GLOBAL_UNCERTAINTY_ASSIGNED_CONTEXT ( ( #8602 ) ) GLOBAL_UNIT_ASSIGNED_CONTEXT ( ( #4502, #3079, #7318 ) ) REPRESENTATION_CONTEXT ( 'NONE', 'WORKASPACE' ) );
#1762 = DIRECTION ( 'NONE',  ( 0.000000000000000000, 1.000000000000000000, 0.000000000000000000 ) ) ;
#1763 = CARTESIAN_POINT ( 'NONE',  ( 1.300000000000000266, -0.2459324456745000387, -1.399999999999999911 ) ) ;
#1764 = ORIENTED_EDGE ( 'NONE', *, *, #8057, .F. ) ;
#1765 = EDGE_CURVE ( 'NONE', #6478, #8969, #6319, .T. ) ;
#1766 = FACE_OUTER_BOUND ( 'NONE', #316, .T. ) ;
#1767 = COLOUR_RGB ( '',1.000000000000000000, 1.000000000000000000, 1.000000000000000000 ) ;
#1768 = CARTESIAN_POINT ( 'NONE',  ( -1.350000000000000089, 1.550000000000000044, -0.9013780793965999738 ) ) ;
#1769 = EDGE_CURVE ( 'NONE', #3592, #3395, #1, .T. ) ;
#1770 = CARTESIAN_POINT ( 'NONE',  ( -1.610000000000000098, -0.7618257577072999887, -0.1000000000000000472 ) ) ;
#1771 = UNCERTAINTY_MEASURE_WITH_UNIT (LENGTH_MEASURE( 1.000000000000000082E-05 ), #8666, 'distance_accuracy_value', 'NONE');
#1772 = VECTOR ( 'NONE', #7896, 1000.000000000000000 ) ;
#1773 = ORIENTED_EDGE ( 'NONE', *, *, #1628, .T. ) ;
#1774 = VECTOR ( 'NONE', #3090, 1000.000000000000000 ) ;
#1775 = SURFACE_STYLE_FILL_AREA ( #6742 ) ;
#1776 = ORIENTED_EDGE ( 'NONE', *, *, #3139, .F. ) ;
#1777 = ADVANCED_FACE ( 'NONE', ( #3503 ), #6273, .T. ) ;
#1778 = COLOUR_RGB ( '',0.4117647058823529216, 0.4117647058823529216, 0.4117647058823529216 ) ;
#1779 = DIRECTION ( 'NONE',  ( 0.000000000000000000, 0.000000000000000000, -1.000000000000000000 ) ) ;
#1780 = ORIENTED_EDGE ( 'NONE', *, *, #2800, .F. ) ;
#1781 = VECTOR ( 'NONE', #7937, 1000.000000000000000 ) ;
#1782 = STYLED_ITEM ( 'NONE', ( #4862 ), #4976 ) ;
#1783 = LINE ( 'NONE', #3920, #701 ) ;
#1784 = DIRECTION ( 'NONE',  ( 1.000000000000000000, 0.000000000000000000, 0.000000000000000000 ) ) ;
#1785 = LINE ( 'NONE', #455, #8023 ) ;
#1786 = DIRECTION ( 'NONE',  ( -0.000000000000000000, 1.000000000000000000, 0.000000000000000000 ) ) ;
#1787 =( GEOMETRIC_REPRESENTATION_CONTEXT ( 3 ) GLOBAL_UNCERTAINTY_ASSIGNED_CONTEXT ( ( #1386 ) ) GLOBAL_UNIT_ASSIGNED_CONTEXT ( ( #2806, #736, #3583 ) ) REPRESENTATION_CONTEXT ( 'NONE', 'WORKASPACE' ) );
#1788 = VERTEX_POINT ( 'NONE', #5046 ) ;
#1789 = CARTESIAN_POINT ( 'NONE',  ( -1.449999999999999956, -1.300000000000000044, 0.000000000000000000 ) ) ;
#1790 = MECHANICAL_DESIGN_GEOMETRIC_PRESENTATION_REPRESENTATION (  '', ( #1335 ), #6939 ) ;
#1791 = DIRECTION ( 'NONE',  ( 0.000000000000000000, -1.000000000000000000, 0.000000000000000000 ) ) ;
#1792 = CARTESIAN_POINT ( 'NONE',  ( -2.299999999999999822, -1.000000000000000000, -1.300000000000000044 ) ) ;
#1793 = CYLINDRICAL_SURFACE ( 'NONE', #4342, 0.1999999999999999833 ) ;
#1794 = EDGE_CURVE ( 'NONE', #2710, #5933, #3086, .T. ) ;
#1795 = ORIENTED_EDGE ( 'NONE', *, *, #157, .F. ) ;
#1796 = DIRECTION ( 'NONE',  ( 0.000000000000000000, 0.000000000000000000, 1.000000000000000000 ) ) ;
#1797 = LINE ( 'NONE', #8347, #7443 ) ;
#1798 = DIRECTION ( 'NONE',  ( 0.000000000000000000, 1.000000000000000000, 0.000000000000000000 ) ) ;
#1799 = DIRECTION ( 'NONE',  ( 0.000000000000000000, 0.000000000000000000, 1.000000000000000000 ) ) ;
#1800 =( NAMED_UNIT ( * ) PLANE_ANGLE_UNIT ( ) SI_UNIT ( $, .RADIAN. ) );
#1801 = ORIENTED_EDGE ( 'NONE', *, *, #5813, .T. ) ;
#1802 = ORIENTED_EDGE ( 'NONE', *, *, #3088, .T. ) ;
#1803 = ORIENTED_EDGE ( 'NONE', *, *, #5353, .T. ) ;
#1804 = SURFACE_STYLE_USAGE ( .BOTH. , #8831 ) ;
#1805 = COLOUR_RGB ( '',1.000000000000000000, 1.000000000000000000, 1.000000000000000000 ) ;
#1806 = AXIS2_PLACEMENT_3D ( 'NONE', #3436, #2695, #6212 ) ;
#1807 = CARTESIAN_POINT ( 'NONE',  ( -8.131516293641283255E-17, 0.000000000000000000, 0.5999999999999999778 ) ) ;
#1808 =( NAMED_UNIT ( * ) SI_UNIT ( $, .STERADIAN. ) SOLID_ANGLE_UNIT ( ) );
#1809 = ORIENTED_EDGE ( 'NONE', *, *, #5471, .T. ) ;
#1810 = CARTESIAN_POINT ( 'NONE',  ( -1.594948974278317833, 1.449999999999999956, -0.9513780793966000182 ) ) ;
#1811 = DIRECTION ( 'NONE',  ( -0.000000000000000000, 1.000000000000000000, -0.000000000000000000 ) ) ;
#1812 =( GEOMETRIC_REPRESENTATION_CONTEXT ( 3 ) GLOBAL_UNCERTAINTY_ASSIGNED_CONTEXT ( ( #2777 ) ) GLOBAL_UNIT_ASSIGNED_CONTEXT ( ( #2148, #2197, #5490 ) ) REPRESENTATION_CONTEXT ( 'NONE', 'WORKASPACE' ) );
#1813 = ORIENTED_EDGE ( 'NONE', *, *, #3532, .F. ) ;
#1814 = PRESENTATION_LAYER_ASSIGNMENT (  '', '', ( #4622 ) ) ;
#1815 = CARTESIAN_POINT ( 'NONE',  ( 1.313397459622000163, 1.350000000000000089, 0.000000000000000000 ) ) ;
#1816 = ADVANCED_FACE ( 'NONE', ( #7914 ), #1595, .T. ) ;
#1817 = DIRECTION ( 'NONE',  ( 0.000000000000000000, 0.000000000000000000, -1.000000000000000000 ) ) ;
#1818 = ORIENTED_EDGE ( 'NONE', *, *, #4138, .T. ) ;
#1819 = LINE ( 'NONE', #9032, #5531 ) ;
#1820 = FILL_AREA_STYLE ('',( #8143 ) ) ;
#1821 = EDGE_CURVE ( 'NONE', #7446, #340, #2206, .T. ) ;
#1822 = ORIENTED_EDGE ( 'NONE', *, *, #2268, .T. ) ;
#1823 = DIRECTION ( 'NONE',  ( 0.000000000000000000, 0.000000000000000000, 1.000000000000000000 ) ) ;
#1824 = DIRECTION ( 'NONE',  ( 0.000000000000000000, 0.000000000000000000, 1.000000000000000000 ) ) ;
#1825 = LINE ( 'NONE', #988, #7244 ) ;
#1826 = EDGE_CURVE ( 'NONE', #1788, #5677, #143, .T. ) ;
#1827 = ORIENTED_EDGE ( 'NONE', *, *, #8274, .T. ) ;
#1828 =( NAMED_UNIT ( * ) SI_UNIT ( $, .STERADIAN. ) SOLID_ANGLE_UNIT ( ) );
#1829 = LINE ( 'NONE', #6098, #5633 ) ;
#1830 = CARTESIAN_POINT ( 'NONE',  ( -0.9050000000000001377, 1.449999999999999956, -0.9000000000000000222 ) ) ;
#1831 = CARTESIAN_POINT ( 'NONE',  ( 1.310482457456000116, -1.355048931855999950, 0.000000000000000000 ) ) ;
#1832 = ORIENTED_EDGE ( 'NONE', *, *, #7437, .F. ) ;
#1833 = PRESENTATION_LAYER_ASSIGNMENT (  '', '', ( #8172 ) ) ;
#1834 = DIRECTION ( 'NONE',  ( -0.000000000000000000, -1.000000000000000000, -0.000000000000000000 ) ) ;
#1835 = STYLED_ITEM ( 'NONE', ( #1210 ), #8719 ) ;
#1836 = UNCERTAINTY_MEASURE_WITH_UNIT (LENGTH_MEASURE( 1.000000000000000082E-05 ), #1238, 'distance_accuracy_value', 'NONE');
#1837 = EDGE_CURVE ( 'NONE', #5467, #4540, #7952, .T. ) ;
#1838 = ORIENTED_EDGE ( 'NONE', *, *, #1087, .F. ) ;
#1839 = STYLED_ITEM ( 'NONE', ( #3493 ), #6717 ) ;
#1840 = FILL_AREA_STYLE ('',( #2368 ) ) ;
#1841 = DIRECTION ( 'NONE',  ( 0.000000000000000000, 0.000000000000000000, -1.000000000000000000 ) ) ;
#1842 = CARTESIAN_POINT ( 'NONE',  ( 0.8499999999999998668, 0.000000000000000000, -0.1000000000000000472 ) ) ;
#1843 = LINE ( 'NONE', #4110, #331 ) ;
#1844 = VECTOR ( 'NONE', #1357, 1000.000000000000114 ) ;
#1845 = EDGE_CURVE ( 'NONE', #3943, #7381, #8005, .T. ) ;
#1846 = VERTEX_POINT ( 'NONE', #3129 ) ;
#1847 = FACE_OUTER_BOUND ( 'NONE', #4439, .T. ) ;
#1848 = VERTEX_POINT ( 'NONE', #931 ) ;
#1849 = SURFACE_SIDE_STYLE ('',( #4541 ) ) ;
#1850 = ORIENTED_EDGE ( 'NONE', *, *, #4324, .T. ) ;
#1851 = EDGE_CURVE ( 'NONE', #6937, #627, #6564, .T. ) ;
#1852 = SURFACE_SIDE_STYLE ('',( #7392 ) ) ;
#1853 = AXIS2_PLACEMENT_3D ( 'NONE', #1476, #1382, #3481 ) ;
#1854 = CARTESIAN_POINT ( 'NONE',  ( -1.005000000000000115, -1.427698927807000029, -1.399999999999999911 ) ) ;
#1855 = DIRECTION ( 'NONE',  ( 0.000000000000000000, 0.000000000000000000, 1.000000000000000000 ) ) ;
#1856 = ORIENTED_EDGE ( 'NONE', *, *, #4605, .F. ) ;
#1857 = SURFACE_STYLE_USAGE ( .BOTH. , #4082 ) ;
#1858 = DIRECTION ( 'NONE',  ( 0.000000000000000000, 0.000000000000000000, 1.000000000000000000 ) ) ;
#1859 = STYLED_ITEM ( 'NONE', ( #5547 ), #1139 ) ;
#1860 = PRESENTATION_STYLE_ASSIGNMENT (( #4684 ) ) ;
#1861 = ORIENTED_EDGE ( 'NONE', *, *, #55, .F. ) ;
#1862 = LINE ( 'NONE', #2657, #2391 ) ;
#1863 = ORIENTED_EDGE ( 'NONE', *, *, #5578, .T. ) ;
#1864 = SURFACE_STYLE_USAGE ( .BOTH. , #2659 ) ;
#1865 = CARTESIAN_POINT ( 'NONE',  ( 2.299999999999999822, 0.5500000000000000444, -1.399999999999999911 ) ) ;
#1866 = MECHANICAL_DESIGN_GEOMETRIC_PRESENTATION_REPRESENTATION (  '', ( #654 ), #7184 ) ;
#1867 = VERTEX_POINT ( 'NONE', #1551 ) ;
#1868 =( GEOMETRIC_REPRESENTATION_CONTEXT ( 3 ) GLOBAL_UNCERTAINTY_ASSIGNED_CONTEXT ( ( #634 ) ) GLOBAL_UNIT_ASSIGNED_CONTEXT ( ( #2020, #6951, #7683 ) ) REPRESENTATION_CONTEXT ( 'NONE', 'WORKASPACE' ) );
#1869 = DIRECTION ( 'NONE',  ( 0.000000000000000000, 1.000000000000000000, -0.000000000000000000 ) ) ;
#1870 =( NAMED_UNIT ( * ) PLANE_ANGLE_UNIT ( ) SI_UNIT ( $, .RADIAN. ) );
#1871 = DIRECTION ( 'NONE',  ( 0.000000000000000000, -1.000000000000000000, 0.000000000000000000 ) ) ;
#1872 = FACE_OUTER_BOUND ( 'NONE', #5377, .T. ) ;
#1873 = UNCERTAINTY_MEASURE_WITH_UNIT (LENGTH_MEASURE( 1.000000000000000082E-05 ), #8330, 'distance_accuracy_value', 'NONE');
#1874 = EDGE_LOOP ( 'NONE', ( #7356, #5888, #5122, #1896 ) ) ;
#1875 = COLOUR_RGB ( '',1.000000000000000000, 1.000000000000000000, 1.000000000000000000 ) ;
#1876 = DIRECTION ( 'NONE',  ( 0.000000000000000000, 0.000000000000000000, 1.000000000000000000 ) ) ;
#1877 = SURFACE_SIDE_STYLE ('',( #2668 ) ) ;
#1878 = FILL_AREA_STYLE_COLOUR ( '', #6370 ) ;
#1879 = FILL_AREA_STYLE_COLOUR ( '', #2484 ) ;
#1880 = CARTESIAN_POINT ( 'NONE',  ( 1.729999999999999982, -0.4225320565518999594, 0.000000000000000000 ) ) ;
#1881 = LINE ( 'NONE', #8111, #7331 ) ;
#1882 = VERTEX_POINT ( 'NONE', #128 ) ;
#1883 = LINE ( 'NONE', #6857, #1071 ) ;
#1884 = EDGE_CURVE ( 'NONE', #114, #2433, #4371, .T. ) ;
#1885 =( NAMED_UNIT ( * ) SI_UNIT ( $, .STERADIAN. ) SOLID_ANGLE_UNIT ( ) );
#1886 =( NAMED_UNIT ( * ) PLANE_ANGLE_UNIT ( ) SI_UNIT ( $, .RADIAN. ) );
#1887 = EDGE_CURVE ( 'NONE', #4992, #3379, #7212, .T. ) ;
#1888 = EDGE_LOOP ( 'NONE', ( #1009, #3861, #5453, #5225 ) ) ;
#1889 = CARTESIAN_POINT ( 'NONE',  ( -1.750000000000000000, -0.9799999999999999822, -0.1000000000000000472 ) ) ;
#1890 = EDGE_CURVE ( 'NONE', #8235, #3084, #8627, .T. ) ;
#1891 = LINE ( 'NONE', #6636, #3476 ) ;
#1892 = LINE ( 'NONE', #5428, #6215 ) ;
#1893 = ORIENTED_EDGE ( 'NONE', *, *, #4657, .T. ) ;
#1894 =( GEOMETRIC_REPRESENTATION_CONTEXT ( 3 ) GLOBAL_UNCERTAINTY_ASSIGNED_CONTEXT ( ( #533 ) ) GLOBAL_UNIT_ASSIGNED_CONTEXT ( ( #1358, #5415, #4190 ) ) REPRESENTATION_CONTEXT ( 'NONE', 'WORKASPACE' ) );
#1895 = CYLINDRICAL_SURFACE ( 'NONE', #7383, 0.2000000000000000944 ) ;
#1896 = ORIENTED_EDGE ( 'NONE', *, *, #1571, .F. ) ;
#1897 = CARTESIAN_POINT ( 'NONE',  ( 1.750000000000000000, -1.449999999999999956, -0.9513780793966000182 ) ) ;
#1898 = EDGE_LOOP ( 'NONE', ( #3345, #5797, #6039, #2508 ) ) ;
#1899 = DIRECTION ( 'NONE',  ( 0.000000000000000000, 1.000000000000000000, 0.000000000000000000 ) ) ;
#1900 = CARTESIAN_POINT ( 'NONE',  ( 1.629999999999999893, -1.180000000000000160, 0.000000000000000000 ) ) ;
#1901 = COLOUR_RGB ( '',0.4117647058823529216, 0.4117647058823529216, 0.4117647058823529216 ) ;
#1902 = ORIENTED_EDGE ( 'NONE', *, *, #796, .F. ) ;
#1903 =( NAMED_UNIT ( * ) PLANE_ANGLE_UNIT ( ) SI_UNIT ( $, .RADIAN. ) );
#1904 = DIRECTION ( 'NONE',  ( -1.000000000000000000, 0.000000000000000000, 0.000000000000000000 ) ) ;
#1905 = EDGE_CURVE ( 'NONE', #523, #9160, #4408, .T. ) ;
#1906 = EDGE_LOOP ( 'NONE', ( #7514, #7430, #177, #7470, #2407, #410, #7266, #6071, #2685, #64, #1149, #3945, #3241, #365, #6842, #8982, #5987, #5717, #3831, #7703, #1936, #4868, #4623, #6203, #1959, #6795 ) ) ;
#1907 = VECTOR ( 'NONE', #7125, 1000.000000000000000 ) ;
#1908 =( NAMED_UNIT ( * ) SI_UNIT ( $, .STERADIAN. ) SOLID_ANGLE_UNIT ( ) );
#1909 = ORIENTED_EDGE ( 'NONE', *, *, #4573, .T. ) ;
#1910 = SURFACE_STYLE_FILL_AREA ( #7496 ) ;
#1911 = CARTESIAN_POINT ( 'NONE',  ( 0.000000000000000000, 1.399999999999999911, 0.000000000000000000 ) ) ;
#1912 = MECHANICAL_DESIGN_GEOMETRIC_PRESENTATION_REPRESENTATION (  '', ( #5426 ), #6457 ) ;
#1913 = ORIENTED_EDGE ( 'NONE', *, *, #216, .T. ) ;
#1914 = CARTESIAN_POINT ( 'NONE',  ( 1.214999999999998304, 0.4540675543254999447, -1.285000000000000586 ) ) ;
#1915 = PRESENTATION_LAYER_ASSIGNMENT (  '', '', ( #700 ) ) ;
#1916 = DIRECTION ( 'NONE',  ( 0.000000000000000000, 0.000000000000000000, -1.000000000000000000 ) ) ;
#1917 = CARTESIAN_POINT ( 'NONE',  ( 1.350000000000000089, -1.449999999999999956, -0.9013780793965999738 ) ) ;
#1918 = MECHANICAL_DESIGN_GEOMETRIC_PRESENTATION_REPRESENTATION (  '', ( #1021 ), #7072 ) ;
#1919 = CARTESIAN_POINT ( 'NONE',  ( -1.750000000000000000, 1.449999999999999956, -0.1000000000000000472 ) ) ;
#1920 = ORIENTED_EDGE ( 'NONE', *, *, #1604, .F. ) ;
#1921 = FILL_AREA_STYLE ('',( #4014 ) ) ;
#1922 = EDGE_CURVE ( 'NONE', #5279, #7838, #566, .T. ) ;
#1923 =( GEOMETRIC_REPRESENTATION_CONTEXT ( 3 ) GLOBAL_UNCERTAINTY_ASSIGNED_CONTEXT ( ( #7663 ) ) GLOBAL_UNIT_ASSIGNED_CONTEXT ( ( #1549, #5818, #5137 ) ) REPRESENTATION_CONTEXT ( 'NONE', 'WORKASPACE' ) );
#1924 = LINE ( 'NONE', #4754, #7410 ) ;
#1925 = AXIS2_PLACEMENT_3D ( 'NONE', #2613, #6929, #9028 ) ;
#1926 =( NAMED_UNIT ( * ) SI_UNIT ( $, .STERADIAN. ) SOLID_ANGLE_UNIT ( ) );
#1927 = AXIS2_PLACEMENT_3D ( 'NONE', #2068, #6860, #1933 ) ;
#1928 = DIRECTION ( 'NONE',  ( 0.000000000000000000, 0.000000000000000000, 1.000000000000000000 ) ) ;
#1929 = CARTESIAN_POINT ( 'NONE',  ( -1.300000000000000266, 0.2540675543254999891, -1.320000000000000062 ) ) ;
#1930 = FILL_AREA_STYLE ('',( #2673 ) ) ;
#1931 = VECTOR ( 'NONE', #9078, 1000.000000000000000 ) ;
#1932 = DIRECTION ( 'NONE',  ( 0.000000000000000000, 0.000000000000000000, 1.000000000000000000 ) ) ;
#1933 = DIRECTION ( 'NONE',  ( 1.000000000000000000, 0.000000000000000000, 0.000000000000000000 ) ) ;
#1934 = COLOUR_RGB ( '',1.000000000000000000, 1.000000000000000000, 1.000000000000000000 ) ;
#1935 = AXIS2_PLACEMENT_3D ( 'NONE', #5731, #4286, #2169 ) ;
#1936 = ORIENTED_EDGE ( 'NONE', *, *, #4458, .T. ) ;
#1937 = MECHANICAL_DESIGN_GEOMETRIC_PRESENTATION_REPRESENTATION (  '', ( #2832 ), #8117 ) ;
#1938 = EDGE_CURVE ( 'NONE', #7628, #2941, #8239, .T. ) ;
#1939 = SURFACE_SIDE_STYLE ('',( #6959 ) ) ;
#1940 = CARTESIAN_POINT ( 'NONE',  ( 2.299999999999999822, -1.000000000000000000, -1.399999999999999911 ) ) ;
#1941 = EDGE_CURVE ( 'NONE', #7225, #7011, #1563, .T. ) ;
#1942 = FILL_AREA_STYLE ('',( #3335 ) ) ;
#1943 = PRESENTATION_STYLE_ASSIGNMENT (( #429 ) ) ;
#1944 = ORIENTED_EDGE ( 'NONE', *, *, #7520, .F. ) ;
#1945 = EDGE_CURVE ( 'NONE', #1243, #85, #2274, .T. ) ;
#1946 = VERTEX_POINT ( 'NONE', #4930 ) ;
#1947 =( NAMED_UNIT ( * ) PLANE_ANGLE_UNIT ( ) SI_UNIT ( $, .RADIAN. ) );
#1948 = ORIENTED_EDGE ( 'NONE', *, *, #3926, .F. ) ;
#1949 = FILL_AREA_STYLE ('',( #6160 ) ) ;
#1950 = PRESENTATION_STYLE_ASSIGNMENT (( #8976 ) ) ;
#1951 =( LENGTH_UNIT ( ) NAMED_UNIT ( * ) SI_UNIT ( .MILLI., .METRE. ) );
#1952 = ORIENTED_EDGE ( 'NONE', *, *, #8252, .T. ) ;
#1953 = FILL_AREA_STYLE ('',( #3434 ) ) ;
#1954 = UNCERTAINTY_MEASURE_WITH_UNIT (LENGTH_MEASURE( 1.000000000000000082E-05 ), #6606, 'distance_accuracy_value', 'NONE');
#1955 = FILL_AREA_STYLE ('',( #8283 ) ) ;
#1956 = SHAPE_DEFINITION_REPRESENTATION ( #8800, #6311 ) ;
#1957 = FILL_AREA_STYLE ('',( #8935 ) ) ;
#1958 = UNCERTAINTY_MEASURE_WITH_UNIT (LENGTH_MEASURE( 1.000000000000000082E-05 ), #8230, 'distance_accuracy_value', 'NONE');
#1959 = ORIENTED_EDGE ( 'NONE', *, *, #8687, .F. ) ;
#1960 = STYLED_ITEM ( 'NONE', ( #6113 ), #4030 ) ;
#1961 = CARTESIAN_POINT ( 'NONE',  ( 1.104999999999999760, 1.550000000000000044, -1.302973369332799836 ) ) ;
#1962 = ORIENTED_EDGE ( 'NONE', *, *, #2369, .F. ) ;
#1963 = COLOUR_RGB ( '',0.4117647058823529216, 0.4117647058823529216, 0.4117647058823529216 ) ;
#1964 = ORIENTED_EDGE ( 'NONE', *, *, #8290, .F. ) ;
#1965 = PRESENTATION_LAYER_ASSIGNMENT (  '', '', ( #4768 ) ) ;
#1966 = SURFACE_STYLE_FILL_AREA ( #2706 ) ;
#1967 =( GEOMETRIC_REPRESENTATION_CONTEXT ( 3 ) GLOBAL_UNCERTAINTY_ASSIGNED_CONTEXT ( ( #2435 ) ) GLOBAL_UNIT_ASSIGNED_CONTEXT ( ( #4070, #8358, #3471 ) ) REPRESENTATION_CONTEXT ( 'NONE', 'WORKASPACE' ) );
#1968 = UNCERTAINTY_MEASURE_WITH_UNIT (LENGTH_MEASURE( 1.000000000000000082E-05 ), #1599, 'distance_accuracy_value', 'NONE');
#1969 = ORIENTED_EDGE ( 'NONE', *, *, #3470, .F. ) ;
#1970 = EDGE_CURVE ( 'NONE', #6592, #3531, #7644, .T. ) ;
#1971 = FILL_AREA_STYLE_COLOUR ( '', #2128 ) ;
#1972 = COLOUR_RGB ( '',0.7686274509803920907, 0.7686274509803920907, 0.7686274509803920907 ) ;
#1973 = AXIS2_PLACEMENT_3D ( 'NONE', #2721, #3327, #6102 ) ;
#1974 = DIRECTION ( 'NONE',  ( 0.000000000000000000, 0.000000000000000000, 1.000000000000000000 ) ) ;
#1975 = SURFACE_SIDE_STYLE ('',( #8956 ) ) ;
#1976 = SURFACE_SIDE_STYLE ('',( #8301 ) ) ;
#1977 = FILL_AREA_STYLE ('',( #9099 ) ) ;
#1978 = CARTESIAN_POINT ( 'NONE',  ( 1.750000000000000000, 1.180000000000000160, 0.000000000000000000 ) ) ;
#1979 = LINE ( 'NONE', #2635, #5078 ) ;
#1980 =( NAMED_UNIT ( * ) SI_UNIT ( $, .STERADIAN. ) SOLID_ANGLE_UNIT ( ) );
#1981 = COLOUR_RGB ( '',1.000000000000000000, 1.000000000000000000, 1.000000000000000000 ) ;
#1982 = VECTOR ( 'NONE', #4429, 1000.000000000000000 ) ;
#1983 = AXIS2_PLACEMENT_3D ( 'NONE', #7035, #3533, #5040 ) ;
#1984 = ORIENTED_EDGE ( 'NONE', *, *, #7366, .T. ) ;
#1985 = SURFACE_SIDE_STYLE ('',( #2772 ) ) ;
#1986 = AXIS2_PLACEMENT_3D ( 'NONE', #1649, #8713, #8011 ) ;
#1987 = COLOUR_RGB ( '',0.4117647058823529216, 0.4117647058823529216, 0.4117647058823529216 ) ;
#1988 = SURFACE_STYLE_FILL_AREA ( #427 ) ;
#1989 = CYLINDRICAL_SURFACE ( 'NONE', #596, 0.1199999999999999956 ) ;
#1990 = FILL_AREA_STYLE_COLOUR ( '', #525 ) ;
#1991 = EDGE_LOOP ( 'NONE', ( #2637, #6555, #5854, #3044 ) ) ;
#1992 = MECHANICAL_DESIGN_GEOMETRIC_PRESENTATION_REPRESENTATION (  '', ( #3181 ), #5801 ) ;
#1993 = AXIS2_PLACEMENT_3D ( 'NONE', #332, #3196, #2765 ) ;
#1994 = EDGE_LOOP ( 'NONE', ( #1160, #3012, #2034, #5128 ) ) ;
#1995 = MECHANICAL_DESIGN_GEOMETRIC_PRESENTATION_REPRESENTATION (  '', ( #6386 ), #786 ) ;
#1996 = FACE_OUTER_BOUND ( 'NONE', #4782, .T. ) ;
#1997 = EDGE_CURVE ( 'NONE', #7849, #2966, #900, .T. ) ;
#1998 = LINE ( 'NONE', #1289, #265 ) ;
#1999 = ORIENTED_EDGE ( 'NONE', *, *, #9051, .T. ) ;
#2000 = SURFACE_STYLE_USAGE ( .BOTH. , #9066 ) ;
#2001 = DIRECTION ( 'NONE',  ( 0.000000000000000000, 1.000000000000000000, 0.000000000000000000 ) ) ;
#2002 = ORIENTED_EDGE ( 'NONE', *, *, #964, .F. ) ;
#2003 = PRESENTATION_LAYER_ASSIGNMENT (  '', '', ( #7448 ) ) ;
#2004 =( NAMED_UNIT ( * ) PLANE_ANGLE_UNIT ( ) SI_UNIT ( $, .RADIAN. ) );
#2005 = EDGE_CURVE ( 'NONE', #307, #6533, #799, .T. ) ;
#2006 = ORIENTED_EDGE ( 'NONE', *, *, #7303, .T. ) ;
#2007 = EDGE_CURVE ( 'NONE', #4508, #6551, #5601, .T. ) ;
#2008 = PRESENTATION_LAYER_ASSIGNMENT (  '', '', ( #635 ) ) ;
#2009 = VERTEX_POINT ( 'NONE', #4386 ) ;
#2010 = ORIENTED_EDGE ( 'NONE', *, *, #3220, .T. ) ;
#2011 = EDGE_CURVE ( 'NONE', #4877, #504, #2865, .T. ) ;
#2012 = COLOUR_RGB ( '',0.4117647058823529216, 0.4117647058823529216, 0.4117647058823529216 ) ;
#2013 = STYLED_ITEM ( 'NONE', ( #5331 ), #7337 ) ;
#2014 =( NAMED_UNIT ( * ) PLANE_ANGLE_UNIT ( ) SI_UNIT ( $, .RADIAN. ) );
#2015 =( LENGTH_UNIT ( ) NAMED_UNIT ( * ) SI_UNIT ( .MILLI., .METRE. ) );
#2016 = ORIENTED_EDGE ( 'NONE', *, *, #3881, .T. ) ;
#2017 = AXIS2_PLACEMENT_3D ( 'NONE', #6961, #3796, #1517 ) ;
#2018 = LINE ( 'NONE', #4189, #8335 ) ;
#2019 = FILL_AREA_STYLE_COLOUR ( '', #1302 ) ;
#2020 =( LENGTH_UNIT ( ) NAMED_UNIT ( * ) SI_UNIT ( .MILLI., .METRE. ) );
#2021 = LINE ( 'NONE', #1221, #8177 ) ;
#2022 = FACE_BOUND ( 'NONE', #389, .T. ) ;
#2023 = LINE ( 'NONE', #7730, #2127 ) ;
#2024 = VECTOR ( 'NONE', #5877, 1000.000000000000000 ) ;
#2025 = AXIS2_PLACEMENT_3D ( 'NONE', #8860, #6047, #8909 ) ;
#2026 = EDGE_CURVE ( 'NONE', #5467, #612, #852, .T. ) ;
#2027 = ORIENTED_EDGE ( 'NONE', *, *, #2797, .F. ) ;
#2028 = AXIS2_PLACEMENT_3D ( 'NONE', #6099, #1974, #4700 ) ;
#2029 =( LENGTH_UNIT ( ) NAMED_UNIT ( * ) SI_UNIT ( .MILLI., .METRE. ) );
#2030 = AXIS2_PLACEMENT_3D ( 'NONE', #7662, #2693, #394 ) ;
#2031 = FACE_OUTER_BOUND ( 'NONE', #8136, .T. ) ;
#2032 = CARTESIAN_POINT ( 'NONE',  ( -1.800000000000000044, 1.000000000000000000, -1.399999999999999911 ) ) ;
#2033 = EDGE_LOOP ( 'NONE', ( #4852, #7179, #2270, #2886 ) ) ;
#2034 = ORIENTED_EDGE ( 'NONE', *, *, #4888, .F. ) ;
#2035 =( NAMED_UNIT ( * ) SI_UNIT ( $, .STERADIAN. ) SOLID_ANGLE_UNIT ( ) );
#2036 = LINE ( 'NONE', #4857, #353 ) ;
#2037 = EDGE_LOOP ( 'NONE', ( #4751, #570, #4678, #4463, #3439, #4643 ) ) ;
#2038 = SURFACE_SIDE_STYLE ('',( #4818 ) ) ;
#2039 = UNCERTAINTY_MEASURE_WITH_UNIT (LENGTH_MEASURE( 1.000000000000000082E-05 ), #3718, 'distance_accuracy_value', 'NONE');
#2040 =( GEOMETRIC_REPRESENTATION_CONTEXT ( 3 ) GLOBAL_UNCERTAINTY_ASSIGNED_CONTEXT ( ( #8327 ) ) GLOBAL_UNIT_ASSIGNED_CONTEXT ( ( #5821, #4415, #2945 ) ) REPRESENTATION_CONTEXT ( 'NONE', 'WORKASPACE' ) );
#2041 =( LENGTH_UNIT ( ) NAMED_UNIT ( * ) SI_UNIT ( .MILLI., .METRE. ) );
#2042 =( NAMED_UNIT ( * ) PLANE_ANGLE_UNIT ( ) SI_UNIT ( $, .RADIAN. ) );
#2043 = ORIENTED_EDGE ( 'NONE', *, *, #6379, .F. ) ;
#2044 = SURFACE_SIDE_STYLE ('',( #8373 ) ) ;
#2045 = ORIENTED_EDGE ( 'NONE', *, *, #1321, .F. ) ;
#2046 =( GEOMETRIC_REPRESENTATION_CONTEXT ( 3 ) GLOBAL_UNCERTAINTY_ASSIGNED_CONTEXT ( ( #6829 ) ) GLOBAL_UNIT_ASSIGNED_CONTEXT ( ( #8580, #48, #2211 ) ) REPRESENTATION_CONTEXT ( 'NONE', 'WORKASPACE' ) );
#2047 = EDGE_CURVE ( 'NONE', #2955, #1946, #7054, .T. ) ;
#2048 = ORIENTED_EDGE ( 'NONE', *, *, #5106, .T. ) ;
#2049 = EDGE_CURVE ( 'NONE', #7897, #6587, #6482, .T. ) ;
#2050 = LINE ( 'NONE', #7632, #2870 ) ;
#2051 = FILL_AREA_STYLE_COLOUR ( '', #5220 ) ;
#2052 = COLOUR_RGB ( '',0.4117647058823529216, 0.4117647058823529216, 0.4117647058823529216 ) ;
#2053 =( NAMED_UNIT ( * ) PLANE_ANGLE_UNIT ( ) SI_UNIT ( $, .RADIAN. ) );
#2054 = UNCERTAINTY_MEASURE_WITH_UNIT (LENGTH_MEASURE( 1.000000000000000082E-05 ), #37, 'distance_accuracy_value', 'NONE');
#2055 = ORIENTED_EDGE ( 'NONE', *, *, #46, .T. ) ;
#2056 = CARTESIAN_POINT ( 'NONE',  ( 1.750000000000000000, 1.335834036457999918, -0.9513780793966000182 ) ) ;
#2057 = ADVANCED_FACE ( 'NONE', ( #2175 ), #2121, .F. ) ;
#2058 = FILL_AREA_STYLE_COLOUR ( '', #5196 ) ;
#2059 =( GEOMETRIC_REPRESENTATION_CONTEXT ( 3 ) GLOBAL_UNCERTAINTY_ASSIGNED_CONTEXT ( ( #7397 ) ) GLOBAL_UNIT_ASSIGNED_CONTEXT ( ( #1380, #482, #2737 ) ) REPRESENTATION_CONTEXT ( 'NONE', 'WORKASPACE' ) );
#2060 = AXIS2_PLACEMENT_3D ( 'NONE', #3769, #5859, #2253 ) ;
#2061 = DIRECTION ( 'NONE',  ( 0.000000000000000000, 1.000000000000000000, 0.000000000000000000 ) ) ;
#2062 = VECTOR ( 'NONE', #7595, 1000.000000000000000 ) ;
#2063 = CARTESIAN_POINT ( 'NONE',  ( 1.399999999999999911, -1.399999999999999911, 1.698556084261999999 ) ) ;
#2064 = CARTESIAN_POINT ( 'NONE',  ( -0.9050000000000001377, 1.449999999999999956, -1.102973369332799658 ) ) ;
#2065 = CARTESIAN_POINT ( 'NONE',  ( 0.7049999999999998490, 1.449999999999999956, -0.6999999999999999556 ) ) ;
#2066 = DIRECTION ( 'NONE',  ( 0.000000000000000000, 0.000000000000000000, 1.000000000000000000 ) ) ;
#2067 =( GEOMETRIC_REPRESENTATION_CONTEXT ( 3 ) GLOBAL_UNCERTAINTY_ASSIGNED_CONTEXT ( ( #4819 ) ) GLOBAL_UNIT_ASSIGNED_CONTEXT ( ( #7690, #8916, #4804 ) ) REPRESENTATION_CONTEXT ( 'NONE', 'WORKASPACE' ) );
#2068 = CARTESIAN_POINT ( 'NONE',  ( -2.737238820496000091, -3.500000000000000000, -1.302973369332799836 ) ) ;
#2069 = VECTOR ( 'NONE', #1734, 1000.000000000000000 ) ;
#2070 = STYLED_ITEM ( 'NONE', ( #5892 ), #5864 ) ;
#2071 = ORIENTED_EDGE ( 'NONE', *, *, #2147, .F. ) ;
#2072 = DIRECTION ( 'NONE',  ( 1.000000000000000000, 0.000000000000000000, 0.000000000000000000 ) ) ;
#2073 = STYLED_ITEM ( 'NONE', ( #3228 ), #3192 ) ;
#2074 = EDGE_CURVE ( 'NONE', #5516, #7568, #7152, .T. ) ;
#2075 = CARTESIAN_POINT ( 'NONE',  ( -1.750000000000000000, -1.550000000000000044, -1.101378079396600151 ) ) ;
#2076 = VECTOR ( 'NONE', #805, 1000.000000000000000 ) ;
#2077 =( LENGTH_UNIT ( ) NAMED_UNIT ( * ) SI_UNIT ( .MILLI., .METRE. ) );
#2078 =( NAMED_UNIT ( * ) PLANE_ANGLE_UNIT ( ) SI_UNIT ( $, .RADIAN. ) );
#2079 = AXIS2_PLACEMENT_3D ( 'NONE', #6705, #1786, #1035 ) ;
#2080 = ORIENTED_EDGE ( 'NONE', *, *, #1938, .T. ) ;
#2081 = COLOUR_RGB ( '',1.000000000000000000, 1.000000000000000000, 1.000000000000000000 ) ;
#2082 = ORIENTED_EDGE ( 'NONE', *, *, #1249, .T. ) ;
#2083 = CARTESIAN_POINT ( 'NONE',  ( -1.750000000000000000, 1.550000000000000044, -1.399999999999999911 ) ) ;
#2084 = VECTOR ( 'NONE', #3504, 1000.000000000000000 ) ;
#2085 = CARTESIAN_POINT ( 'NONE',  ( -1.350000000000000089, -1.449999999999999956, -0.9513780793966000182 ) ) ;
#2086 = CARTESIAN_POINT ( 'NONE',  ( -0.8050000000000001599, 1.550000000000000044, -1.399999999999999911 ) ) ;
#2087 = CARTESIAN_POINT ( 'NONE',  ( -0.7499914125815342336, -0.003589018522499295375, 0.5999999999999998668 ) ) ;
#2088 = ORIENTED_EDGE ( 'NONE', *, *, #4713, .F. ) ;
#2089 = CARTESIAN_POINT ( 'NONE',  ( 1.350000000000000089, 1.550000000000000044, -0.9513780793966000182 ) ) ;
#2090 = LINE ( 'NONE', #29, #7668 ) ;
#2091 = DIRECTION ( 'NONE',  ( -0.000000000000000000, -0.000000000000000000, -1.000000000000000000 ) ) ;
#2092 = EDGE_LOOP ( 'NONE', ( #6221, #7908, #1188, #8127 ) ) ;
#2093 = SURFACE_STYLE_FILL_AREA ( #6884 ) ;
#2094 = CARTESIAN_POINT ( 'NONE',  ( -1.610000000000000098, -0.5425320565518999549, 0.000000000000000000 ) ) ;
#2095 = ORIENTED_EDGE ( 'NONE', *, *, #280, .T. ) ;
#2096 = PLANE ( 'NONE',  #2155 ) ;
#2097 = ORIENTED_EDGE ( 'NONE', *, *, #5812, .F. ) ;
#2098 = DIRECTION ( 'NONE',  ( 0.000000000000000000, 1.896820751767000256E-14, 1.000000000000000000 ) ) ;
#2099 = DIRECTION ( 'NONE',  ( 0.000000000000000000, 0.000000000000000000, -1.000000000000000000 ) ) ;
#2100 = PRESENTATION_STYLE_ASSIGNMENT (( #592 ) ) ;
#2101 = EDGE_CURVE ( 'NONE', #8696, #4630, #5983, .T. ) ;
#2102 = ORIENTED_EDGE ( 'NONE', *, *, #6698, .F. ) ;
#2103 = DIRECTION ( 'NONE',  ( 0.000000000000000000, -1.000000000000000000, 0.000000000000000000 ) ) ;
#2104 = SURFACE_STYLE_USAGE ( .BOTH. , #6271 ) ;
#2105 = EDGE_CURVE ( 'NONE', #8174, #5494, #6757, .T. ) ;
#2106 = SURFACE_STYLE_USAGE ( .BOTH. , #6993 ) ;
#2107 = SURFACE_STYLE_FILL_AREA ( #8433 ) ;
#2108 = PRESENTATION_STYLE_ASSIGNMENT (( #5009 ) ) ;
#2109 = COLOUR_RGB ( '',1.000000000000000000, 1.000000000000000000, 1.000000000000000000 ) ;
#2110 = DIRECTION ( 'NONE',  ( 0.000000000000000000, 0.000000000000000000, -1.000000000000000000 ) ) ;
#2111 = DIRECTION ( 'NONE',  ( 0.000000000000000000, 0.000000000000000000, 1.000000000000000000 ) ) ;
#2112 = COLOUR_RGB ( '',0.4117647058823529216, 0.4117647058823529216, 0.4117647058823529216 ) ;
#2113 = EDGE_CURVE ( 'NONE', #204, #9020, #1043, .T. ) ;
#2114 =( NAMED_UNIT ( * ) PLANE_ANGLE_UNIT ( ) SI_UNIT ( $, .RADIAN. ) );
#2115 = LINE ( 'NONE', #5640, #5495 ) ;
#2116 = EDGE_CURVE ( 'NONE', #2899, #6565, #4567, .T. ) ;
#2117 = MECHANICAL_DESIGN_GEOMETRIC_PRESENTATION_REPRESENTATION (  '', ( #5487 ), #8308 ) ;
#2118 = ORIENTED_EDGE ( 'NONE', *, *, #8383, .F. ) ;
#2119 = COLOUR_RGB ( '',1.000000000000000000, 1.000000000000000000, 1.000000000000000000 ) ;
#2120 = DIRECTION ( 'NONE',  ( -1.000000000000000000, 0.000000000000000000, 0.000000000000000000 ) ) ;
#2121 = PLANE ( 'NONE',  #5863 ) ;
#2122 = DIRECTION ( 'NONE',  ( 0.000000000000000000, 0.000000000000000000, 1.000000000000000000 ) ) ;
#2123 = EDGE_CURVE ( 'NONE', #340, #2477, #6151, .T. ) ;
#2124 = AXIS2_PLACEMENT_3D ( 'NONE', #807, #3653, #3013 ) ;
#2125 = SURFACE_SIDE_STYLE ('',( #4158 ) ) ;
#2126 = LINE ( 'NONE', #699, #5228 ) ;
#2127 = VECTOR ( 'NONE', #2168, 1000.000000000000000 ) ;
#2128 = COLOUR_RGB ( '',1.000000000000000000, 1.000000000000000000, 1.000000000000000000 ) ;
#2129 = CIRCLE ( 'NONE', #6674, 0.2000000000000000944 ) ;
#2130 = VERTEX_POINT ( 'NONE', #8019 ) ;
#2131 = CARTESIAN_POINT ( 'NONE',  ( -0.9050000000000001377, 1.550000000000000044, -1.302973369332799836 ) ) ;
#2132 = ORIENTED_EDGE ( 'NONE', *, *, #440, .F. ) ;
#2133 = LINE ( 'NONE', #8315, #1078 ) ;
#2134 = CARTESIAN_POINT ( 'NONE',  ( -0.9050000000000001377, -1.327698927806999940, -0.9513780793966000182 ) ) ;
#2135 = CARTESIAN_POINT ( 'NONE',  ( -1.350000000000000089, 1.550000000000000044, -1.051378079396599885 ) ) ;
#2136 = SURFACE_SIDE_STYLE ('',( #1910 ) ) ;
#2137 = LINE ( 'NONE', #6971, #3792 ) ;
#2138 = LINE ( 'NONE', #617, #1165 ) ;
#2139 = ORIENTED_EDGE ( 'NONE', *, *, #3276, .T. ) ;
#2140 = DIRECTION ( 'NONE',  ( 0.7071067811865431318, -0.000000000000000000, 0.7071067811865520136 ) ) ;
#2141 = FACE_OUTER_BOUND ( 'NONE', #1225, .T. ) ;
#2142 = UNCERTAINTY_MEASURE_WITH_UNIT (LENGTH_MEASURE( 1.000000000000000082E-05 ), #6247, 'distance_accuracy_value', 'NONE');
#2143 = ADVANCED_FACE ( 'NONE', ( #5153 ), #5284, .F. ) ;
#2144 = CIRCLE ( 'NONE', #3468, 0.1499999999999999667 ) ;
#2145 = CARTESIAN_POINT ( 'NONE',  ( 0.7049999999999998490, -1.550000000000000044, -0.6999999999999999556 ) ) ;
#2146 = VERTEX_POINT ( 'NONE', #7461 ) ;
#2147 = EDGE_CURVE ( 'NONE', #7234, #1848, #1702, .T. ) ;
#2148 =( LENGTH_UNIT ( ) NAMED_UNIT ( * ) SI_UNIT ( .MILLI., .METRE. ) );
#2149 = PRESENTATION_STYLE_ASSIGNMENT (( #1346 ) ) ;
#2150 = ORIENTED_EDGE ( 'NONE', *, *, #3420, .F. ) ;
#2151 = PRESENTATION_LAYER_ASSIGNMENT (  '', '', ( #6847 ) ) ;
#2152 = CARTESIAN_POINT ( 'NONE',  ( 0.8499902675924051465, 0.004067554325499097428, 0.4999999999999998890 ) ) ;
#2153 = ORIENTED_EDGE ( 'NONE', *, *, #3986, .F. ) ;
#2154 = FILL_AREA_STYLE_COLOUR ( '', #2376 ) ;
#2155 = AXIS2_PLACEMENT_3D ( 'NONE', #4362, #5762, #4223 ) ;
#2156 = AXIS2_PLACEMENT_3D ( 'NONE', #8336, #4827, #497 ) ;
#2157 = ORIENTED_EDGE ( 'NONE', *, *, #8439, .F. ) ;
#2158 = CARTESIAN_POINT ( 'NONE',  ( 1.454978131833564836, 1.974264068711928388, -1.008520936539456958 ) ) ;
#2159 = DIRECTION ( 'NONE',  ( 0.000000000000000000, 1.000000000000000000, -0.000000000000000000 ) ) ;
#2160 = CARTESIAN_POINT ( 'NONE',  ( 1.510000000000000009, 0.4000000000000000222, 0.000000000000000000 ) ) ;
#2161 = PLANE ( 'NONE',  #1400 ) ;
#2162 = FILL_AREA_STYLE ('',( #1504 ) ) ;
#2163 = CIRCLE ( 'NONE', #6709, 0.1200000000000000927 ) ;
#2164 = UNCERTAINTY_MEASURE_WITH_UNIT (LENGTH_MEASURE( 1.000000000000000082E-05 ), #3092, 'distance_accuracy_value', 'NONE');
#2165 = SURFACE_SIDE_STYLE ('',( #4841 ) ) ;
#2166 = SURFACE_STYLE_USAGE ( .BOTH. , #3678 ) ;
#2167 = DIRECTION ( 'NONE',  ( 4.336808689942041895E-16, 1.000000000000000000, 0.000000000000000000 ) ) ;
#2168 = DIRECTION ( 'NONE',  ( 0.000000000000000000, 1.000000000000000000, 0.000000000000000000 ) ) ;
#2169 = DIRECTION ( 'NONE',  ( 0.000000000000000000, 1.000000000000000000, 0.000000000000000000 ) ) ;
#2170 = COLOUR_RGB ( '',0.4117647058823529216, 0.4117647058823529216, 0.4117647058823529216 ) ;
#2171 =( GEOMETRIC_REPRESENTATION_CONTEXT ( 3 ) GLOBAL_UNCERTAINTY_ASSIGNED_CONTEXT ( ( #6943 ) ) GLOBAL_UNIT_ASSIGNED_CONTEXT ( ( #4525, #7339, #6483 ) ) REPRESENTATION_CONTEXT ( 'NONE', 'WORKASPACE' ) );
#2172 = ORIENTED_EDGE ( 'NONE', *, *, #8488, .T. ) ;
#2173 = PRESENTATION_STYLE_ASSIGNMENT (( #3005 ) ) ;
#2174 =( NAMED_UNIT ( * ) PLANE_ANGLE_UNIT ( ) SI_UNIT ( $, .RADIAN. ) );
#2175 = FACE_OUTER_BOUND ( 'NONE', #8158, .T. ) ;
#2176 = FACE_OUTER_BOUND ( 'NONE', #8288, .T. ) ;
#2177 = MECHANICAL_DESIGN_GEOMETRIC_PRESENTATION_REPRESENTATION (  '', ( #3639 ), #3946 ) ;
#2178 =( GEOMETRIC_REPRESENTATION_CONTEXT ( 3 ) GLOBAL_UNCERTAINTY_ASSIGNED_CONTEXT ( ( #9087 ) ) GLOBAL_UNIT_ASSIGNED_CONTEXT ( ( #644, #3, #6900 ) ) REPRESENTATION_CONTEXT ( 'NONE', 'WORKASPACE' ) );
#2179 = PLANE ( 'NONE',  #3595 ) ;
#2180 = LINE ( 'NONE', #2776, #4335 ) ;
#2181 = ADVANCED_FACE ( 'NONE', ( #6623 ), #6578, .F. ) ;
#2182 = ORIENTED_EDGE ( 'NONE', *, *, #5095, .F. ) ;
#2183 = DIRECTION ( 'NONE',  ( -1.000000000000000000, 0.000000000000000000, 0.000000000000000000 ) ) ;
#2184 = EDGE_LOOP ( 'NONE', ( #4208, #7744, #8007, #6381 ) ) ;
#2185 = MECHANICAL_DESIGN_GEOMETRIC_PRESENTATION_REPRESENTATION (  '', ( #4098 ), #2769 ) ;
#2186 = EDGE_CURVE ( 'NONE', #4978, #6014, #8251, .T. ) ;
#2187 = DIRECTION ( 'NONE',  ( 0.000000000000000000, 0.000000000000000000, -1.000000000000000000 ) ) ;
#2188 = FILL_AREA_STYLE_COLOUR ( '', #8030 ) ;
#2189 =( NAMED_UNIT ( * ) PLANE_ANGLE_UNIT ( ) SI_UNIT ( $, .RADIAN. ) );
#2190 = SURFACE_STYLE_USAGE ( .BOTH. , #4253 ) ;
#2191 = CARTESIAN_POINT ( 'NONE',  ( 0.9049999999999999156, 1.435834036458000007, -1.399999999999999911 ) ) ;
#2192 = ORIENTED_EDGE ( 'NONE', *, *, #4307, .T. ) ;
#2193 =( NAMED_UNIT ( * ) SI_UNIT ( $, .STERADIAN. ) SOLID_ANGLE_UNIT ( ) );
#2194 =( LENGTH_UNIT ( ) NAMED_UNIT ( * ) SI_UNIT ( .MILLI., .METRE. ) );
#2195 = CARTESIAN_POINT ( 'NONE',  ( -8.131516293641283255E-17, 0.000000000000000000, -0.5999999999999999778 ) ) ;
#2196 = ORIENTED_EDGE ( 'NONE', *, *, #6245, .F. ) ;
#2197 =( NAMED_UNIT ( * ) PLANE_ANGLE_UNIT ( ) SI_UNIT ( $, .RADIAN. ) );
#2198 = LINE ( 'NONE', #8610, #8772 ) ;
#2199 = PLANE ( 'NONE',  #5451 ) ;
#2200 = ORIENTED_EDGE ( 'NONE', *, *, #1249, .F. ) ;
#2201 = FILL_AREA_STYLE_COLOUR ( '', #8044 ) ;
#2202 = CARTESIAN_POINT ( 'NONE',  ( 0.9049999999999999156, 2.500000000000000000, -1.102973369332799658 ) ) ;
#2203 = ORIENTED_EDGE ( 'NONE', *, *, #7248, .F. ) ;
#2204 = EDGE_CURVE ( 'NONE', #5677, #3061, #2630, .T. ) ;
#2205 = EDGE_LOOP ( 'NONE', ( #1969, #3383, #5275, #2644, #5617 ) ) ;
#2206 = CIRCLE ( 'NONE', #7358, 0.8499999999999999778 ) ;
#2207 =( NAMED_UNIT ( * ) SI_UNIT ( $, .STERADIAN. ) SOLID_ANGLE_UNIT ( ) );
#2208 = SURFACE_STYLE_USAGE ( .BOTH. , #5546 ) ;
#2209 = DIRECTION ( 'NONE',  ( 0.000000000000000000, 0.000000000000000000, -1.000000000000000000 ) ) ;
#2210 = CARTESIAN_POINT ( 'NONE',  ( 1.729999999999999982, 0.7618257577072999887, -3.001529453595000341 ) ) ;
#2211 =( NAMED_UNIT ( * ) SI_UNIT ( $, .STERADIAN. ) SOLID_ANGLE_UNIT ( ) );
#2212 = FILL_AREA_STYLE ('',( #6423 ) ) ;
#2213 = DIRECTION ( 'NONE',  ( 0.000000000000000000, 0.000000000000000000, 1.000000000000000000 ) ) ;
#2214 = CARTESIAN_POINT ( 'NONE',  ( -1.454978131833564836, 1.974264068711928388, -1.008520936539456958 ) ) ;
#2215 = STYLED_ITEM ( 'NONE', ( #2544 ), #2143 ) ;
#2216 = LINE ( 'NONE', #4105, #768 ) ;
#2217 = EDGE_CURVE ( 'NONE', #7568, #1077, #4565, .T. ) ;
#2218 = PRESENTATION_LAYER_ASSIGNMENT (  '', '', ( #5426 ) ) ;
#2219 = ORIENTED_EDGE ( 'NONE', *, *, #3897, .T. ) ;
#2220 =( GEOMETRIC_REPRESENTATION_CONTEXT ( 3 ) GLOBAL_UNCERTAINTY_ASSIGNED_CONTEXT ( ( #2039 ) ) GLOBAL_UNIT_ASSIGNED_CONTEXT ( ( #3718, #3119, #6598 ) ) REPRESENTATION_CONTEXT ( 'NONE', 'WORKASPACE' ) );
#2221 = DIRECTION ( 'NONE',  ( 0.000000000000000000, 1.000000000000000000, 0.000000000000000000 ) ) ;
#2222 = CARTESIAN_POINT ( 'NONE',  ( 1.800000000000000044, -1.449999999999999956, 0.000000000000000000 ) ) ;
#2223 = CARTESIAN_POINT ( 'NONE',  ( -0.9050000000000001377, -1.450000000000000400, -1.399999999999999911 ) ) ;
#2224 = AXIS2_PLACEMENT_3D ( 'NONE', #6497, #8688, #4304 ) ;
#2225 = FILL_AREA_STYLE_COLOUR ( '', #6208 ) ;
#2226 =( GEOMETRIC_REPRESENTATION_CONTEXT ( 3 ) GLOBAL_UNCERTAINTY_ASSIGNED_CONTEXT ( ( #8900 ) ) GLOBAL_UNIT_ASSIGNED_CONTEXT ( ( #6461, #3534, #7133 ) ) REPRESENTATION_CONTEXT ( 'NONE', 'WORKASPACE' ) );
#2227 = COLOUR_RGB ( '',0.4117647058823529216, 0.4117647058823529216, 0.4117647058823529216 ) ;
#2228 = LINE ( 'NONE', #753, #2679 ) ;
#2229 = ADVANCED_FACE ( 'NONE', ( #461 ), #6143, .F. ) ;
#2230 = ORIENTED_EDGE ( 'NONE', *, *, #5281, .F. ) ;
#2231 =( NAMED_UNIT ( * ) SI_UNIT ( $, .STERADIAN. ) SOLID_ANGLE_UNIT ( ) );
#2232 = PRESENTATION_LAYER_ASSIGNMENT (  '', '', ( #8565 ) ) ;
#2233 = EDGE_CURVE ( 'NONE', #4563, #1542, #9042, .T. ) ;
#2234 = CARTESIAN_POINT ( 'NONE',  ( 1.750000000000000000, -1.000000000000000000, -1.300000000000000044 ) ) ;
#2235 = VECTOR ( 'NONE', #689, 1000.000000000000000 ) ;
#2236 = DIRECTION ( 'NONE',  ( 1.000000000000000000, -0.000000000000000000, -0.000000000000000000 ) ) ;
#2237 = ORIENTED_EDGE ( 'NONE', *, *, #4170, .T. ) ;
#2238 = DIRECTION ( 'NONE',  ( 1.000000000000000000, 0.000000000000000000, 0.000000000000000000 ) ) ;
#2239 = FILL_AREA_STYLE_COLOUR ( '', #7034 ) ;
#2240 = UNCERTAINTY_MEASURE_WITH_UNIT (LENGTH_MEASURE( 1.000000000000000082E-05 ), #5698, 'distance_accuracy_value', 'NONE');
#2241 = EDGE_CURVE ( 'NONE', #3577, #5467, #7552, .T. ) ;
#2242 = VECTOR ( 'NONE', #4231, 1000.000000000000000 ) ;
#2243 =( NAMED_UNIT ( * ) PLANE_ANGLE_UNIT ( ) SI_UNIT ( $, .RADIAN. ) );
#2244 = CARTESIAN_POINT ( 'NONE',  ( -1.750000000000000000, 1.335834036457999918, -0.9513780793966000182 ) ) ;
#2245 = AXIS2_PLACEMENT_3D ( 'NONE', #3114, #4450, #6547 ) ;
#2246 = ORIENTED_EDGE ( 'NONE', *, *, #8264, .F. ) ;
#2247 = CIRCLE ( 'NONE', #9158, 0.1999999999999999833 ) ;
#2248 = PRODUCT_DEFINITION_SHAPE ( 'NONE', 'NONE',  #9173 ) ;
#2249 =( LENGTH_UNIT ( ) NAMED_UNIT ( * ) SI_UNIT ( .MILLI., .METRE. ) );
#2250 = PRESENTATION_STYLE_ASSIGNMENT (( #822 ) ) ;
#2251 = ORIENTED_EDGE ( 'NONE', *, *, #7981, .T. ) ;
#2252 = CARTESIAN_POINT ( 'NONE',  ( -1.750000000000000000, 1.180000000000000160, 0.000000000000000000 ) ) ;
#2253 = DIRECTION ( 'NONE',  ( 0.000000000000000000, 0.000000000000000000, -1.000000000000000000 ) ) ;
#2254 = ORIENTED_EDGE ( 'NONE', *, *, #7677, .T. ) ;
#2255 = DIRECTION ( 'NONE',  ( -0.000000000000000000, -1.000000000000000000, -0.000000000000000000 ) ) ;
#2256 = DIRECTION ( 'NONE',  ( 0.000000000000000000, 0.000000000000000000, 1.000000000000000000 ) ) ;
#2257 = UNCERTAINTY_MEASURE_WITH_UNIT (LENGTH_MEASURE( 1.000000000000000082E-05 ), #874, 'distance_accuracy_value', 'NONE');
#2258 = ORIENTED_EDGE ( 'NONE', *, *, #7191, .T. ) ;
#2259 = SURFACE_SIDE_STYLE ('',( #5767 ) ) ;
#2260 = CARTESIAN_POINT ( 'NONE',  ( 1.594948974278317833, 1.550000000000000044, -1.151378079396599974 ) ) ;
#2261 = EDGE_CURVE ( 'NONE', #8469, #4692, #5510, .T. ) ;
#2262 = DIRECTION ( 'NONE',  ( -0.000000000000000000, -0.000000000000000000, -1.000000000000000000 ) ) ;
#2263 =( NAMED_UNIT ( * ) PLANE_ANGLE_UNIT ( ) SI_UNIT ( $, .RADIAN. ) );
#2264 = SURFACE_STYLE_FILL_AREA ( #8532 ) ;
#2265 =( NAMED_UNIT ( * ) PLANE_ANGLE_UNIT ( ) SI_UNIT ( $, .RADIAN. ) );
#2266 = LINE ( 'NONE', #5052, #7875 ) ;
#2267 = PRESENTATION_STYLE_ASSIGNMENT (( #4520 ) ) ;
#2268 = EDGE_CURVE ( 'NONE', #5574, #7416, #9129, .T. ) ;
#2269 = DIRECTION ( 'NONE',  ( 0.000000000000000000, 0.000000000000000000, -1.000000000000000000 ) ) ;
#2270 = ORIENTED_EDGE ( 'NONE', *, *, #2745, .T. ) ;
#2271 = EDGE_CURVE ( 'NONE', #7450, #114, #5711, .T. ) ;
#2272 =( GEOMETRIC_REPRESENTATION_CONTEXT ( 3 ) GLOBAL_UNCERTAINTY_ASSIGNED_CONTEXT ( ( #600 ) ) GLOBAL_UNIT_ASSIGNED_CONTEXT ( ( #4016, #7506, #5460 ) ) REPRESENTATION_CONTEXT ( 'NONE', 'WORKASPACE' ) );
#2273 = CIRCLE ( 'NONE', #1806, 0.1200000000000000927 ) ;
#2274 = LINE ( 'NONE', #4339, #1143 ) ;
#2275 = CARTESIAN_POINT ( 'NONE',  ( 1.680000000000000160, -0.8709128788536000254, -0.1000000000000000472 ) ) ;
#2276 = SURFACE_STYLE_FILL_AREA ( #7342 ) ;
#2277 = CIRCLE ( 'NONE', #8609, 0.1999999999999999833 ) ;
#2278 = FILL_AREA_STYLE ('',( #6336 ) ) ;
#2279 = CARTESIAN_POINT ( 'NONE',  ( -1.729999999999999982, 0.5199999999999999067, 1.698556084261999999 ) ) ;
#2280 = LINE ( 'NONE', #5025, #4061 ) ;
#2281 = CYLINDRICAL_SURFACE ( 'NONE', #6574, 0.1200000000000000372 ) ;
#2282 = CIRCLE ( 'NONE', #2430, 0.2000000000000000111 ) ;
#2283 = VECTOR ( 'NONE', #6704, 1000.000000000000000 ) ;
#2284 = CARTESIAN_POINT ( 'NONE',  ( -0.2999999999999998779, -0.4459324456745000775, -1.320000000000000062 ) ) ;
#2285 = DIRECTION ( 'NONE',  ( 1.000000000000000000, 0.000000000000000000, 0.000000000000000000 ) ) ;
#2286 = ORIENTED_EDGE ( 'NONE', *, *, #2515, .F. ) ;
#2287 = DIRECTION ( 'NONE',  ( 0.000000000000000000, 0.000000000000000000, -1.000000000000000000 ) ) ;
#2288 = SURFACE_STYLE_USAGE ( .BOTH. , #3486 ) ;
#2289 = EDGE_CURVE ( 'NONE', #4111, #165, #7638, .T. ) ;
#2290 = DIRECTION ( 'NONE',  ( -0.000000000000000000, -1.000000000000000000, -0.000000000000000000 ) ) ;
#2291 = AXIS2_PLACEMENT_3D ( 'NONE', #4378, #896, #987 ) ;
#2292 = ORIENTED_EDGE ( 'NONE', *, *, #5917, .T. ) ;
#2293 =( LENGTH_UNIT ( ) NAMED_UNIT ( * ) SI_UNIT ( .MILLI., .METRE. ) );
#2294 = AXIS2_PLACEMENT_3D ( 'NONE', #3156, #1759, #4627 ) ;
#2295 = SURFACE_SIDE_STYLE ('',( #3715 ) ) ;
#2296 = ORIENTED_EDGE ( 'NONE', *, *, #5667, .T. ) ;
#2297 = CARTESIAN_POINT ( 'NONE',  ( 1.300000000000000266, 1.550000000000000044, -0.1999999999999999833 ) ) ;
#2298 = SURFACE_STYLE_USAGE ( .BOTH. , #263 ) ;
#2299 =( GEOMETRIC_REPRESENTATION_CONTEXT ( 3 ) GLOBAL_UNCERTAINTY_ASSIGNED_CONTEXT ( ( #8047 ) ) GLOBAL_UNIT_ASSIGNED_CONTEXT ( ( #116, #3573, #8695 ) ) REPRESENTATION_CONTEXT ( 'NONE', 'WORKASPACE' ) );
#2300 = ORIENTED_EDGE ( 'NONE', *, *, #2515, .T. ) ;
#2301 = EDGE_CURVE ( 'NONE', #823, #8380, #861, .T. ) ;
#2302 = DIRECTION ( 'NONE',  ( 0.000000000000000000, 0.000000000000000000, 1.000000000000000000 ) ) ;
#2303 = EDGE_CURVE ( 'NONE', #8963, #3604, #7802, .T. ) ;
#2304 = FILL_AREA_STYLE ('',( #4229 ) ) ;
#2305 = ORIENTED_EDGE ( 'NONE', *, *, #6367, .T. ) ;
#2306 = CARTESIAN_POINT ( 'NONE',  ( 1.350000000000000089, 1.449999999999999956, -0.9013780793965999738 ) ) ;
#2307 = AXIS2_PLACEMENT_3D ( 'NONE', #8468, #7758, #4314 ) ;
#2308 = AXIS2_PLACEMENT_3D ( 'NONE', #2970, #1523, #8685 ) ;
#2309 = SURFACE_SIDE_STYLE ('',( #2398 ) ) ;
#2310 = EDGE_CURVE ( 'NONE', #234, #2434, #1493, .T. ) ;
#2311 = PLANE ( 'NONE',  #4705 ) ;
#2312 = CARTESIAN_POINT ( 'NONE',  ( 1.004999999999999893, -1.327698927806999940, -0.9513780793966000182 ) ) ;
#2313 = STYLED_ITEM ( 'NONE', ( #1950 ), #6956 ) ;
#2314 = CARTESIAN_POINT ( 'NONE',  ( 1.610000000000000098, -0.5425320565518999549, -0.1000000000000000472 ) ) ;
#2315 = SURFACE_STYLE_FILL_AREA ( #7874 ) ;
#2316 =( GEOMETRIC_REPRESENTATION_CONTEXT ( 3 ) GLOBAL_UNCERTAINTY_ASSIGNED_CONTEXT ( ( #8795 ) ) GLOBAL_UNIT_ASSIGNED_CONTEXT ( ( #6372, #7767, #3502 ) ) REPRESENTATION_CONTEXT ( 'NONE', 'WORKASPACE' ) );
#2317 =( GEOMETRIC_REPRESENTATION_CONTEXT ( 3 ) GLOBAL_UNCERTAINTY_ASSIGNED_CONTEXT ( ( #1213 ) ) GLOBAL_UNIT_ASSIGNED_CONTEXT ( ( #9067, #1527, #3565 ) ) REPRESENTATION_CONTEXT ( 'NONE', 'WORKASPACE' ) );
#2318 = PRESENTATION_STYLE_ASSIGNMENT (( #1513 ) ) ;
#2319 = DIRECTION ( 'NONE',  ( 1.000000000000000000, -3.252606517456513302E-16, 0.000000000000000000 ) ) ;
#2320 = CARTESIAN_POINT ( 'NONE',  ( -0.9050000000000001377, 1.550000000000000044, -1.302973369332799836 ) ) ;
#2321 = PRESENTATION_STYLE_ASSIGNMENT (( #7828 ) ) ;
#2322 = CARTESIAN_POINT ( 'NONE',  ( 1.750000000000000000, -0.5000000000000000000, -1.300000000000000044 ) ) ;
#2323 = DIRECTION ( 'NONE',  ( 0.000000000000000000, -1.000000000000000000, 0.000000000000000000 ) ) ;
#2324 = ADVANCED_FACE ( 'NONE', ( #415 ), #1219, .T. ) ;
#2325 = MECHANICAL_DESIGN_GEOMETRIC_PRESENTATION_REPRESENTATION (  '', ( #3939 ), #5954 ) ;
#2326 = COLOUR_RGB ( '',1.000000000000000000, 1.000000000000000000, 1.000000000000000000 ) ;
#2327 = EDGE_LOOP ( 'NONE', ( #8841, #1494, #8556, #702 ) ) ;
#2328 =( LENGTH_UNIT ( ) NAMED_UNIT ( * ) SI_UNIT ( .MILLI., .METRE. ) );
#2329 = LINE ( 'NONE', #5929, #6862 ) ;
#2330 = CARTESIAN_POINT ( 'NONE',  ( 1.299999999999998934, -0.4459324456745000775, -1.399999999999999911 ) ) ;
#2331 = ORIENTED_EDGE ( 'NONE', *, *, #7973, .T. ) ;
#2332 = DIRECTION ( 'NONE',  ( -1.000000000000000000, 0.000000000000000000, 0.000000000000000000 ) ) ;
#2333 = UNCERTAINTY_MEASURE_WITH_UNIT (LENGTH_MEASURE( 1.000000000000000082E-05 ), #4955, 'distance_accuracy_value', 'NONE');
#2334 = AXIS2_PLACEMENT_3D ( 'NONE', #4566, #8769, #2410 ) ;
#2335 = DIRECTION ( 'NONE',  ( 1.000000000000000000, 0.000000000000000000, 0.000000000000000000 ) ) ;
#2336 = VERTEX_POINT ( 'NONE', #7995 ) ;
#2337 = DIRECTION ( 'NONE',  ( 0.000000000000000000, 1.000000000000000000, 0.000000000000000000 ) ) ;
#2338 = PRESENTATION_STYLE_ASSIGNMENT (( #163 ) ) ;
#2339 = ORIENTED_EDGE ( 'NONE', *, *, #7919, .T. ) ;
#2340 = DIRECTION ( 'NONE',  ( 0.000000000000000000, 0.000000000000000000, -1.000000000000000000 ) ) ;
#2341 = EDGE_LOOP ( 'NONE', ( #5057, #4183, #3054, #2048 ) ) ;
#2342 = STYLED_ITEM ( 'NONE', ( #250 ), #7910 ) ;
#2343 = DIRECTION ( 'NONE',  ( -1.000000000000000000, 0.000000000000000000, 0.000000000000000000 ) ) ;
#2344 = FILL_AREA_STYLE ('',( #3124 ) ) ;
#2345 = VERTEX_POINT ( 'NONE', #6554 ) ;
#2346 = EDGE_CURVE ( 'NONE', #4047, #1119, #119, .T. ) ;
#2347 = ORIENTED_EDGE ( 'NONE', *, *, #184, .F. ) ;
#2348 = CARTESIAN_POINT ( 'NONE',  ( -1.305532792318000235, -1.365651834345999793, -0.0003818148426000056786 ) ) ;
#2349 = DIRECTION ( 'NONE',  ( 0.000000000000000000, 1.000000000000000000, 0.000000000000000000 ) ) ;
#2350 = ADVANCED_FACE ( 'NONE', ( #2991 ), #1725, .F. ) ;
#2351 = ORIENTED_EDGE ( 'NONE', *, *, #2438, .F. ) ;
#2352 = PRESENTATION_STYLE_ASSIGNMENT (( #2535 ) ) ;
#2353 = SURFACE_SIDE_STYLE ('',( #5143 ) ) ;
#2354 = PRESENTATION_STYLE_ASSIGNMENT (( #183 ) ) ;
#2355 = AXIS2_PLACEMENT_3D ( 'NONE', #5509, #9097, #5549 ) ;
#2356 = CYLINDRICAL_SURFACE ( 'NONE', #7814, 0.1200000000000000927 ) ;
#2357 = EDGE_CURVE ( 'NONE', #3842, #6048, #8699, .T. ) ;
#2358 = ORIENTED_EDGE ( 'NONE', *, *, #991, .T. ) ;
#2359 = VECTOR ( 'NONE', #694, 1000.000000000000000 ) ;
#2360 = SURFACE_SIDE_STYLE ('',( #1088 ) ) ;
#2361 = DIRECTION ( 'NONE',  ( -0.004785358029999061368, 0.9999885501087124595, 0.000000000000000000 ) ) ;
#2362 = CARTESIAN_POINT ( 'NONE',  ( 1.129999999999999671, -0.4459324456745000220, -1.369999999999999885 ) ) ;
#2363 = DIRECTION ( 'NONE',  ( 0.000000000000000000, -1.000000000000000000, 0.000000000000000000 ) ) ;
#2364 = VECTOR ( 'NONE', #6735, 1000.000000000000000 ) ;
#2365 = CARTESIAN_POINT ( 'NONE',  ( 1.300000000000000266, -1.449999999999999956, -0.9513780793966000182 ) ) ;
#2366 = ORIENTED_EDGE ( 'NONE', *, *, #844, .T. ) ;
#2367 = FILL_AREA_STYLE ('',( #8683 ) ) ;
#2368 = FILL_AREA_STYLE_COLOUR ( '', #7793 ) ;
#2369 = EDGE_CURVE ( 'NONE', #679, #8570, #7228, .T. ) ;
#2370 =( GEOMETRIC_REPRESENTATION_CONTEXT ( 3 ) GLOBAL_UNCERTAINTY_ASSIGNED_CONTEXT ( ( #2694 ) ) GLOBAL_UNIT_ASSIGNED_CONTEXT ( ( #8450, #2874, #7163 ) ) REPRESENTATION_CONTEXT ( 'NONE', 'WORKASPACE' ) );
#2371 = LINE ( 'NONE', #7834, #2594 ) ;
#2372 = SURFACE_SIDE_STYLE ('',( #201 ) ) ;
#2373 = DIRECTION ( 'NONE',  ( 0.000000000000000000, 0.000000000000000000, 1.000000000000000000 ) ) ;
#2374 = CARTESIAN_POINT ( 'NONE',  ( -2.299999999999999822, 0.5000000000000000000, -1.399999999999999911 ) ) ;
#2375 = ORIENTED_EDGE ( 'NONE', *, *, #6136, .T. ) ;
#2376 = COLOUR_RGB ( '',1.000000000000000000, 1.000000000000000000, 1.000000000000000000 ) ;
#2377 =( NAMED_UNIT ( * ) SI_UNIT ( $, .STERADIAN. ) SOLID_ANGLE_UNIT ( ) );
#2378 = CARTESIAN_POINT ( 'NONE',  ( -0.7049999999999999600, 1.449999999999999956, -0.6999999999999999556 ) ) ;
#2379 = PRESENTATION_LAYER_ASSIGNMENT (  '', '', ( #1021 ) ) ;
#2380 = FACE_OUTER_BOUND ( 'NONE', #6791, .T. ) ;
#2381 = DIRECTION ( 'NONE',  ( 0.000000000000000000, -1.000000000000000000, 0.000000000000000000 ) ) ;
#2382 = CIRCLE ( 'NONE', #7237, 0.1200000000000000927 ) ;
#2383 = ORIENTED_EDGE ( 'NONE', *, *, #2703, .T. ) ;
#2384 = SURFACE_STYLE_USAGE ( .BOTH. , #4310 ) ;
#2385 = FILL_AREA_STYLE ('',( #7224 ) ) ;
#2386 = CIRCLE ( 'NONE', #6626, 0.1199999999999999956 ) ;
#2387 = ORIENTED_EDGE ( 'NONE', *, *, #1656, .T. ) ;
#2388 = CARTESIAN_POINT ( 'NONE',  ( 1.729999999999999982, 0.4000000000000000222, -0.1000000000000000472 ) ) ;
#2389 = DIRECTION ( 'NONE',  ( -1.000000000000000000, 0.000000000000000000, 0.000000000000000000 ) ) ;
#2390 = ORIENTED_EDGE ( 'NONE', *, *, #2404, .T. ) ;
#2391 = VECTOR ( 'NONE', #1817, 1000.000000000000000 ) ;
#2392 = DIRECTION ( 'NONE',  ( 0.000000000000000000, 0.000000000000000000, 1.000000000000000000 ) ) ;
#2393 = VECTOR ( 'NONE', #3968, 1000.000000000000000 ) ;
#2394 = CARTESIAN_POINT ( 'NONE',  ( 1.350000000000000089, 1.550000000000000044, -0.9513780793966000182 ) ) ;
#2395 = ORIENTED_EDGE ( 'NONE', *, *, #8938, .T. ) ;
#2396 = LINE ( 'NONE', #4509, #8421 ) ;
#2397 = PRESENTATION_LAYER_ASSIGNMENT (  '', '', ( #6323 ) ) ;
#2398 = SURFACE_STYLE_FILL_AREA ( #306 ) ;
#2399 = CARTESIAN_POINT ( 'NONE',  ( 0.9049999999999999156, -1.550000000000000044, -1.302973369332799836 ) ) ;
#2400 =( NAMED_UNIT ( * ) PLANE_ANGLE_UNIT ( ) SI_UNIT ( $, .RADIAN. ) );
#2401 = ORIENTED_EDGE ( 'NONE', *, *, #5535, .F. ) ;
#2402 = DIRECTION ( 'NONE',  ( 0.000000000000000000, 0.000000000000000000, -1.000000000000000000 ) ) ;
#2403 = SURFACE_SIDE_STYLE ('',( #3879 ) ) ;
#2404 = EDGE_CURVE ( 'NONE', #3668, #3757, #5287, .T. ) ;
#2405 = LINE ( 'NONE', #5197, #3314 ) ;
#2406 = EDGE_CURVE ( 'NONE', #3379, #4992, #6756, .T. ) ;
#2407 = ORIENTED_EDGE ( 'NONE', *, *, #7040, .T. ) ;
#2408 = EDGE_CURVE ( 'NONE', #4816, #4962, #7852, .T. ) ;
#2409 = DIRECTION ( 'NONE',  ( 0.000000000000000000, -1.000000000000000000, 0.000000000000000000 ) ) ;
#2410 = DIRECTION ( 'NONE',  ( 1.000000000000000000, 0.000000000000000000, 0.000000000000000000 ) ) ;
#2411 =( NAMED_UNIT ( * ) SI_UNIT ( $, .STERADIAN. ) SOLID_ANGLE_UNIT ( ) );
#2412 = CARTESIAN_POINT ( 'NONE',  ( 0.9049999999999999156, -1.449999999999999956, -0.9000000000000000222 ) ) ;
#2413 = EDGE_CURVE ( 'NONE', #2492, #2701, #8997, .T. ) ;
#2414 = DIRECTION ( 'NONE',  ( 0.000000000000000000, -1.000000000000000000, 0.000000000000000000 ) ) ;
#2415 = EDGE_CURVE ( 'NONE', #303, #3512, #7232, .T. ) ;
#2416 = DIRECTION ( 'NONE',  ( 0.000000000000000000, 0.000000000000000000, -1.000000000000000000 ) ) ;
#2417 = AXIS2_PLACEMENT_3D ( 'NONE', #5427, #1230, #8266 ) ;
#2418 = MECHANICAL_DESIGN_GEOMETRIC_PRESENTATION_REPRESENTATION (  '', ( #4344 ), #8898 ) ;
#2419 = PRESENTATION_STYLE_ASSIGNMENT (( #5251 ) ) ;
#2420 = FACE_BOUND ( 'NONE', #8221, .T. ) ;
#2421 = ADVANCED_FACE ( 'NONE', ( #3860 ), #3298, .T. ) ;
#2422 = DIRECTION ( 'NONE',  ( -0.000000000000000000, -0.000000000000000000, -1.000000000000000000 ) ) ;
#2423 = ORIENTED_EDGE ( 'NONE', *, *, #1765, .F. ) ;
#2424 = CIRCLE ( 'NONE', #6969, 0.09999999999999990841 ) ;
#2425 = FACE_OUTER_BOUND ( 'NONE', #3029, .T. ) ;
#2426 = COLOUR_RGB ( '',1.000000000000000000, 1.000000000000000000, 1.000000000000000000 ) ;
#2427 = FILL_AREA_STYLE ('',( #915 ) ) ;
#2428 = LINE ( 'NONE', #3072, #6016 ) ;
#2429 = ORIENTED_EDGE ( 'NONE', *, *, #7505, .T. ) ;
#2430 = AXIS2_PLACEMENT_3D ( 'NONE', #1425, #9145, #1288 ) ;
#2431 = COLOUR_RGB ( '',1.000000000000000000, 1.000000000000000000, 1.000000000000000000 ) ;
#2432 = AXIS2_PLACEMENT_3D ( 'NONE', #5875, #3793, #7966 ) ;
#2433 = VERTEX_POINT ( 'NONE', #1196 ) ;
#2434 = VERTEX_POINT ( 'NONE', #8931 ) ;
#2435 = UNCERTAINTY_MEASURE_WITH_UNIT (LENGTH_MEASURE( 1.000000000000000082E-05 ), #4070, 'distance_accuracy_value', 'NONE');
#2436 = CARTESIAN_POINT ( 'NONE',  ( -0.5799999999999988498, -0.2459324456745001497, -1.369999999999999885 ) ) ;
#2437 = COLOUR_RGB ( '',1.000000000000000000, 1.000000000000000000, 1.000000000000000000 ) ;
#2438 = EDGE_CURVE ( 'NONE', #3604, #2710, #3212, .T. ) ;
#2439 = VECTOR ( 'NONE', #2167, 1000.000000000000000 ) ;
#2440 = DIRECTION ( 'NONE',  ( -0.000000000000000000, 1.000000000000000000, 0.000000000000000000 ) ) ;
#2441 = UNCERTAINTY_MEASURE_WITH_UNIT (LENGTH_MEASURE( 1.000000000000000082E-05 ), #6395, 'distance_accuracy_value', 'NONE');
#2442 = ORIENTED_EDGE ( 'NONE', *, *, #5353, .F. ) ;
#2443 = PLANE ( 'NONE',  #3271 ) ;
#2444 = CARTESIAN_POINT ( 'NONE',  ( -0.7049999999999999600, -1.550000000000000044, -0.6999999999999999556 ) ) ;
#2445 = AXIS2_PLACEMENT_3D ( 'NONE', #1917, #503, #3318 ) ;
#2446 = VERTEX_POINT ( 'NONE', #297 ) ;
#2447 = CARTESIAN_POINT ( 'NONE',  ( 1.750000000000000000, -1.000000000000000000, -1.300000000000000044 ) ) ;
#2448 =( NAMED_UNIT ( * ) PLANE_ANGLE_UNIT ( ) SI_UNIT ( $, .RADIAN. ) );
#2449 = AXIS2_PLACEMENT_3D ( 'NONE', #6233, #4797, #8254 ) ;
#2450 = SURFACE_STYLE_FILL_AREA ( #8065 ) ;
#2451 = STYLED_ITEM ( 'NONE', ( #3015 ), #8950 ) ;
#2452 = ORIENTED_EDGE ( 'NONE', *, *, #1194, .F. ) ;
#2453 =( NAMED_UNIT ( * ) SI_UNIT ( $, .STERADIAN. ) SOLID_ANGLE_UNIT ( ) );
#2454 = DIRECTION ( 'NONE',  ( 0.000000000000000000, -1.000000000000000000, -0.000000000000000000 ) ) ;
#2455 = PRESENTATION_LAYER_ASSIGNMENT (  '', '', ( #5076 ) ) ;
#2456 = FACE_OUTER_BOUND ( 'NONE', #7395, .T. ) ;
#2457 = PLANE ( 'NONE',  #3925 ) ;
#2458 = FILL_AREA_STYLE_COLOUR ( '', #6938 ) ;
#2459 = MECHANICAL_DESIGN_GEOMETRIC_PRESENTATION_REPRESENTATION (  '', ( #8790 ), #797 ) ;
#2460 = PRODUCT_DEFINITION_FORMATION_WITH_SPECIFIED_SOURCE ( 'ไป', '', #3204, .NOT_KNOWN. ) ;
#2461 = ORIENTED_EDGE ( 'NONE', *, *, #662, .F. ) ;
#2462 = ADVANCED_FACE ( 'NONE', ( #5980 ), #7394, .F. ) ;
#2463 = CARTESIAN_POINT ( 'NONE',  ( 1.750000000000000000, -1.327698927806999940, -1.399999999999999911 ) ) ;
#2464 = SURFACE_SIDE_STYLE ('',( #377 ) ) ;
#2465 = CARTESIAN_POINT ( 'NONE',  ( -1.750000000000000000, -1.449999999999999956, -0.1000000000000000472 ) ) ;
#2466 = EDGE_CURVE ( 'NONE', #4978, #8489, #8131, .T. ) ;
#2467 = AXIS2_PLACEMENT_3D ( 'NONE', #9010, #4760, #2682 ) ;
#2468 = CARTESIAN_POINT ( 'NONE',  ( 1.751000000000000112, 0.5000000000000000000, -1.399999999999999911 ) ) ;
#2469 = EDGE_CURVE ( 'NONE', #1011, #845, #2512, .T. ) ;
#2470 = ORIENTED_EDGE ( 'NONE', *, *, #1418, .F. ) ;
#2471 = CARTESIAN_POINT ( 'NONE',  ( 1.629999999999999893, 1.180000000000000160, 0.000000000000000000 ) ) ;
#2472 = MECHANICAL_DESIGN_GEOMETRIC_PRESENTATION_REPRESENTATION (  '', ( #68 ), #7027 ) ;
#2473 = DIRECTION ( 'NONE',  ( 0.000000000000000000, 0.000000000000000000, -1.000000000000000000 ) ) ;
#2474 = ORIENTED_EDGE ( 'NONE', *, *, #2586, .T. ) ;
#2475 = DIRECTION ( 'NONE',  ( -0.000000000000000000, -1.000000000000000000, -0.000000000000000000 ) ) ;
#2476 = SURFACE_STYLE_USAGE ( .BOTH. , #8880 ) ;
#2477 = VERTEX_POINT ( 'NONE', #2087 ) ;
#2478 = FILL_AREA_STYLE ('',( #7144 ) ) ;
#2479 = PRESENTATION_LAYER_ASSIGNMENT (  '', '', ( #5255 ) ) ;
#2480 = SURFACE_STYLE_USAGE ( .BOTH. , #2519 ) ;
#2481 = LINE ( 'NONE', #7323, #5149 ) ;
#2482 = EDGE_LOOP ( 'NONE', ( #4032, #2539, #978, #6560, #7546 ) ) ;
#2483 = CARTESIAN_POINT ( 'NONE',  ( 1.750000000000000000, -0.4225320565518999594, 0.000000000000000000 ) ) ;
#2484 = COLOUR_RGB ( '',1.000000000000000000, 1.000000000000000000, 1.000000000000000000 ) ;
#2485 = STYLED_ITEM ( 'NONE', ( #5799 ), #7883 ) ;
#2486 = LINE ( 'NONE', #8754, #4959 ) ;
#2487 = EDGE_CURVE ( 'NONE', #5243, #823, #6210, .T. ) ;
#2488 = CARTESIAN_POINT ( 'NONE',  ( 1.300000000000000266, 1.399999999999999911, -0.006350832689599908258 ) ) ;
#2489 = ORIENTED_EDGE ( 'NONE', *, *, #1279, .T. ) ;
#2490 =( LENGTH_UNIT ( ) NAMED_UNIT ( * ) SI_UNIT ( .MILLI., .METRE. ) );
#2491 = DIRECTION ( 'NONE',  ( 0.000000000000000000, 0.000000000000000000, -1.000000000000000000 ) ) ;
#2492 = VERTEX_POINT ( 'NONE', #4080 ) ;
#2493 = LINE ( 'NONE', #3097, #2024 ) ;
#2494 =( NAMED_UNIT ( * ) PLANE_ANGLE_UNIT ( ) SI_UNIT ( $, .RADIAN. ) );
#2495 = CARTESIAN_POINT ( 'NONE',  ( 2.299999999999999822, -0.5000000000000000000, -1.399999999999999911 ) ) ;
#2496 = EDGE_CURVE ( 'NONE', #4962, #4540, #8390, .T. ) ;
#2497 = FACE_OUTER_BOUND ( 'NONE', #8881, .T. ) ;
#2498 = ORIENTED_EDGE ( 'NONE', *, *, #7203, .T. ) ;
#2499 = VECTOR ( 'NONE', #5725, 1000.000000000000000 ) ;
#2500 = DIRECTION ( 'NONE',  ( 0.000000000000000000, -1.000000000000000000, 0.000000000000000000 ) ) ;
#2501 = FACE_OUTER_BOUND ( 'NONE', #310, .T. ) ;
#2502 = PLANE ( 'NONE',  #3205 ) ;
#2503 = LINE ( 'NONE', #335, #6105 ) ;
#2504 = CARTESIAN_POINT ( 'NONE',  ( 0.8395341571618569754, 1.550000000000000044, -0.7467332241767471457 ) ) ;
#2505 =( NAMED_UNIT ( * ) SI_UNIT ( $, .STERADIAN. ) SOLID_ANGLE_UNIT ( ) );
#2506 = VECTOR ( 'NONE', #4757, 1000.000000000000000 ) ;
#2507 = EDGE_CURVE ( 'NONE', #2871, #9083, #7508, .T. ) ;
#2508 = ORIENTED_EDGE ( 'NONE', *, *, #1890, .F. ) ;
#2509 = MECHANICAL_DESIGN_GEOMETRIC_PRESENTATION_REPRESENTATION (  '', ( #4122 ), #8098 ) ;
#2510 = EDGE_CURVE ( 'NONE', #6018, #1692, #2138, .T. ) ;
#2511 = ORIENTED_EDGE ( 'NONE', *, *, #8451, .T. ) ;
#2512 = CIRCLE ( 'NONE', #3684, 0.1999999999999999833 ) ;
#2513 = PLANE ( 'NONE',  #6532 ) ;
#2514 = ORIENTED_EDGE ( 'NONE', *, *, #2271, .T. ) ;
#2515 = EDGE_CURVE ( 'NONE', #8380, #3620, #5569, .T. ) ;
#2516 = FILL_AREA_STYLE ('',( #7196 ) ) ;
#2517 = MECHANICAL_DESIGN_GEOMETRIC_PRESENTATION_REPRESENTATION (  '', ( #4577 ), #2067 ) ;
#2518 = MECHANICAL_DESIGN_GEOMETRIC_PRESENTATION_REPRESENTATION (  '', ( #6466 ), #4731 ) ;
#2519 = SURFACE_SIDE_STYLE ('',( #218 ) ) ;
#2520 = APPLICATION_PROTOCOL_DEFINITION ( 'draft international standard', 'automotive_design', 1998, #6676 ) ;
#2521 = CARTESIAN_POINT ( 'NONE',  ( 1.729999999999999982, -0.5425320565518999549, 0.000000000000000000 ) ) ;
#2522 = UNCERTAINTY_MEASURE_WITH_UNIT (LENGTH_MEASURE( 1.000000000000000082E-05 ), #7438, 'distance_accuracy_value', 'NONE');
#2523 = VECTOR ( 'NONE', #6882, 1000.000000000000000 ) ;
#2524 = VERTEX_POINT ( 'NONE', #1293 ) ;
#2525 = COLOUR_RGB ( '',0.4117647058823529216, 0.4117647058823529216, 0.4117647058823529216 ) ;
#2526 = CARTESIAN_POINT ( 'NONE',  ( 1.004999999999999893, 1.435834036458000007, -1.399999999999999911 ) ) ;
#2527 = CARTESIAN_POINT ( 'NONE',  ( -1.104999999999999982, 1.449999999999999956, -1.302973369332799836 ) ) ;
#2528 = ORIENTED_EDGE ( 'NONE', *, *, #2049, .F. ) ;
#2529 =( GEOMETRIC_REPRESENTATION_CONTEXT ( 3 ) GLOBAL_UNCERTAINTY_ASSIGNED_CONTEXT ( ( #7934 ) ) GLOBAL_UNIT_ASSIGNED_CONTEXT ( ( #3666, #2933, #8560 ) ) REPRESENTATION_CONTEXT ( 'NONE', 'WORKASPACE' ) );
#2530 = FACE_OUTER_BOUND ( 'NONE', #3663, .T. ) ;
#2531 = VERTEX_POINT ( 'NONE', #7660 ) ;
#2532 = EDGE_CURVE ( 'NONE', #357, #9020, #26, .T. ) ;
#2533 = STYLED_ITEM ( 'NONE', ( #3242 ), #6022 ) ;
#2534 = VECTOR ( 'NONE', #766, 1000.000000000000000 ) ;
#2535 = SURFACE_STYLE_USAGE ( .BOTH. , #8062 ) ;
#2536 = CARTESIAN_POINT ( 'NONE',  ( -0.9050000000000001377, -1.550000000000000044, -1.102973369332799658 ) ) ;
#2537 = CARTESIAN_POINT ( 'NONE',  ( 0.9049999999999999156, 1.449999999999999956, -0.6999999999999999556 ) ) ;
#2538 = UNCERTAINTY_MEASURE_WITH_UNIT (LENGTH_MEASURE( 1.000000000000000082E-05 ), #4507, 'distance_accuracy_value', 'NONE');
#2539 = ORIENTED_EDGE ( 'NONE', *, *, #7313, .F. ) ;
#2540 = CYLINDRICAL_SURFACE ( 'NONE', #6774, 0.8499999999999999778 ) ;
#2541 = STYLED_ITEM ( 'NONE', ( #7296 ), #6169 ) ;
#2542 = SURFACE_STYLE_FILL_AREA ( #3738 ) ;
#2543 = CARTESIAN_POINT ( 'NONE',  ( -1.750000000000000000, 1.550000000000000044, -0.9513780793966000182 ) ) ;
#2544 = PRESENTATION_STYLE_ASSIGNMENT (( #942 ) ) ;
#2545 = ADVANCED_FACE ( 'NONE', ( #9151 ), #1338, .T. ) ;
#2546 = CARTESIAN_POINT ( 'NONE',  ( 0.9049999999999999156, 1.449999999999999956, -1.739999999999999769 ) ) ;
#2547 = FACE_OUTER_BOUND ( 'NONE', #3446, .T. ) ;
#2548 = ADVANCED_FACE ( 'NONE', ( #1242 ), #579, .T. ) ;
#2549 = ORIENTED_EDGE ( 'NONE', *, *, #2968, .T. ) ;
#2550 = CARTESIAN_POINT ( 'NONE',  ( 1.750000000000000000, 0.9799999999999999822, 0.000000000000000000 ) ) ;
#2551 = FILL_AREA_STYLE_COLOUR ( '', #6118 ) ;
#2552 = CYLINDRICAL_SURFACE ( 'NONE', #3640, 0.1000000000000000472 ) ;
#2553 = CARTESIAN_POINT ( 'NONE',  ( 0.9049999999999999156, 1.449999999999999956, -0.9000000000000000222 ) ) ;
#2554 = DIRECTION ( 'NONE',  ( 1.000000000000000000, -0.000000000000000000, -0.000000000000000000 ) ) ;
#2555 = VECTOR ( 'NONE', #737, 1000.000000000000000 ) ;
#2556 = ORIENTED_EDGE ( 'NONE', *, *, #7203, .F. ) ;
#2557 = VERTEX_POINT ( 'NONE', #8598 ) ;
#2558 = CYLINDRICAL_SURFACE ( 'NONE', #4911, 0.1499999999999999667 ) ;
#2559 = CARTESIAN_POINT ( 'NONE',  ( -1.729999999999999982, 0.7618257577072999887, 0.000000000000000000 ) ) ;
#2560 = ORIENTED_EDGE ( 'NONE', *, *, #8665, .F. ) ;
#2561 = AXIS2_PLACEMENT_3D ( 'NONE', #5081, #1487, #1537 ) ;
#2562 = VECTOR ( 'NONE', #7624, 1000.000000000000000 ) ;
#2563 =( NAMED_UNIT ( * ) SI_UNIT ( $, .STERADIAN. ) SOLID_ANGLE_UNIT ( ) );
#2564 =( LENGTH_UNIT ( ) NAMED_UNIT ( * ) SI_UNIT ( .MILLI., .METRE. ) );
#2565 = VERTEX_POINT ( 'NONE', #2191 ) ;
#2566 = CARTESIAN_POINT ( 'NONE',  ( 1.750000000000000000, -1.550000000000000044, -1.302973369332799836 ) ) ;
#2567 = DIRECTION ( 'NONE',  ( 1.000000000000000000, 0.000000000000000000, 0.000000000000000000 ) ) ;
#2568 = ORIENTED_EDGE ( 'NONE', *, *, #1884, .T. ) ;
#2569 = STYLED_ITEM ( 'NONE', ( #7419 ), #933 ) ;
#2570 = AXIS2_PLACEMENT_3D ( 'NONE', #8813, #1132, #8021 ) ;
#2571 = DIRECTION ( 'NONE',  ( 0.000000000000000000, 0.000000000000000000, -1.000000000000000000 ) ) ;
#2572 = DIRECTION ( 'NONE',  ( 0.000000000000000000, 0.000000000000000000, 1.000000000000000000 ) ) ;
#2573 = ORIENTED_EDGE ( 'NONE', *, *, #4848, .F. ) ;
#2574 = CARTESIAN_POINT ( 'NONE',  ( -0.8650746601579968331, 1.533807079419752917, -0.7752534889106104110 ) ) ;
#2575 = VERTEX_POINT ( 'NONE', #7837 ) ;
#2576 = CIRCLE ( 'NONE', #7292, 0.2000000000000000944 ) ;
#2577 = VECTOR ( 'NONE', #6325, 1000.000000000000000 ) ;
#2578 = PRESENTATION_LAYER_ASSIGNMENT (  '', '', ( #5342 ) ) ;
#2579 = CARTESIAN_POINT ( 'NONE',  ( -1.729999999999999982, 0.5199999999999999067, 0.000000000000000000 ) ) ;
#2580 = COLOUR_RGB ( '',0.4117647058823529216, 0.4117647058823529216, 0.4117647058823529216 ) ;
#2581 = EDGE_CURVE ( 'NONE', #8206, #5860, #2382, .T. ) ;
#2582 = SURFACE_STYLE_FILL_AREA ( #1167 ) ;
#2583 = CARTESIAN_POINT ( 'NONE',  ( 0.5349999999999915934, -0.4459324456745000220, -2.134999999999998899 ) ) ;
#2584 = ORIENTED_EDGE ( 'NONE', *, *, #386, .T. ) ;
#2585 = CARTESIAN_POINT ( 'NONE',  ( 2.299999999999999822, -0.5000000000000000000, -1.300000000000000044 ) ) ;
#2586 = EDGE_CURVE ( 'NONE', #4765, #8243, #3805, .T. ) ;
#2587 = PRESENTATION_LAYER_ASSIGNMENT (  '', '', ( #9074 ) ) ;
#2588 = DIRECTION ( 'NONE',  ( 0.000000000000000000, -1.000000000000000000, 0.000000000000000000 ) ) ;
#2589 = FILL_AREA_STYLE_COLOUR ( '', #2052 ) ;
#2590 = PLANE ( 'NONE',  #7616 ) ;
#2591 = ORIENTED_EDGE ( 'NONE', *, *, #7606, .T. ) ;
#2592 = CARTESIAN_POINT ( 'NONE',  ( 1.542334340992000064, -0.4225320565518999594, 0.000000000000000000 ) ) ;
#2593 = PRESENTATION_STYLE_ASSIGNMENT (( #6715 ) ) ;
#2594 = VECTOR ( 'NONE', #7348, 1000.000000000000000 ) ;
#2595 = UNCERTAINTY_MEASURE_WITH_UNIT (LENGTH_MEASURE( 1.000000000000000082E-05 ), #7811, 'distance_accuracy_value', 'NONE');
#2596 = ORIENTED_EDGE ( 'NONE', *, *, #6164, .F. ) ;
#2597 = COLOUR_RGB ( '',0.7686274509803920907, 0.7686274509803920907, 0.7686274509803920907 ) ;
#2598 = FACE_OUTER_BOUND ( 'NONE', #7931, .T. ) ;
#2599 = EDGE_CURVE ( 'NONE', #7537, #3429, #4984, .T. ) ;
#2600 = CIRCLE ( 'NONE', #1560, 0.7500000000000000000 ) ;
#2601 = ORIENTED_EDGE ( 'NONE', *, *, #3720, .F. ) ;
#2602 = DIRECTION ( 'NONE',  ( 0.000000000000000000, 0.000000000000000000, 1.000000000000000000 ) ) ;
#2603 = ORIENTED_EDGE ( 'NONE', *, *, #4991, .T. ) ;
#2604 = DIRECTION ( 'NONE',  ( 0.7071067811865431318, -0.000000000000000000, 0.7071067811865519026 ) ) ;
#2605 = ORIENTED_EDGE ( 'NONE', *, *, #5155, .T. ) ;
#2606 = SURFACE_STYLE_USAGE ( .BOTH. , #9021 ) ;
#2607 = VECTOR ( 'NONE', #1798, 1000.000000000000000 ) ;
#2608 =( LENGTH_UNIT ( ) NAMED_UNIT ( * ) SI_UNIT ( .MILLI., .METRE. ) );
#2609 = PRESENTATION_STYLE_ASSIGNMENT (( #2476 ) ) ;
#2610 = ORIENTED_EDGE ( 'NONE', *, *, #8632, .T. ) ;
#2611 = CARTESIAN_POINT ( 'NONE',  ( 1.750000000000000000, 1.335834036457999918, -1.399999999999999911 ) ) ;
#2612 = STYLED_ITEM ( 'NONE', ( #8432 ), #1147 ) ;
#2613 = CARTESIAN_POINT ( 'NONE',  ( -1.300000000000000266, 1.350000000000000089, -0.1999999999999999833 ) ) ;
#2614 = ORIENTED_EDGE ( 'NONE', *, *, #7044, .F. ) ;
#2615 = FILL_AREA_STYLE_COLOUR ( '', #8105 ) ;
#2616 = ORIENTED_EDGE ( 'NONE', *, *, #2123, .F. ) ;
#2617 = ORIENTED_EDGE ( 'NONE', *, *, #8152, .F. ) ;
#2618 = MECHANICAL_DESIGN_GEOMETRIC_PRESENTATION_REPRESENTATION (  '', ( #5255 ), #3358 ) ;
#2619 =( LENGTH_UNIT ( ) NAMED_UNIT ( * ) SI_UNIT ( .MILLI., .METRE. ) );
#2620 =( LENGTH_UNIT ( ) NAMED_UNIT ( * ) SI_UNIT ( .MILLI., .METRE. ) );
#2621 =( LENGTH_UNIT ( ) NAMED_UNIT ( * ) SI_UNIT ( .MILLI., .METRE. ) );
#2622 = CARTESIAN_POINT ( 'NONE',  ( -1.750000000000000000, -1.550000000000000044, -1.302973369332799836 ) ) ;
#2623 = UNCERTAINTY_MEASURE_WITH_UNIT (LENGTH_MEASURE( 1.000000000000000082E-05 ), #8447, 'distance_accuracy_value', 'NONE');
#2624 = ORIENTED_EDGE ( 'NONE', *, *, #3699, .F. ) ;
#2625 = STYLED_ITEM ( 'NONE', ( #4198 ), #1426 ) ;
#2626 = FACE_OUTER_BOUND ( 'NONE', #2205, .T. ) ;
#2627 = FACE_OUTER_BOUND ( 'NONE', #1906, .T. ) ;
#2628 = EDGE_CURVE ( 'NONE', #1442, #5933, #3705, .T. ) ;
#2629 = DIRECTION ( 'NONE',  ( 0.000000000000000000, 0.000000000000000000, -1.000000000000000000 ) ) ;
#2630 = LINE ( 'NONE', #3408, #2506 ) ;
#2631 = LINE ( 'NONE', #1792, #8061 ) ;
#2632 =( NAMED_UNIT ( * ) PLANE_ANGLE_UNIT ( ) SI_UNIT ( $, .RADIAN. ) );
#2633 = ADVANCED_FACE ( 'NONE', ( #5028 ), #5072, .F. ) ;
#2634 = CIRCLE ( 'NONE', #3081, 0.1499999999999999667 ) ;
#2635 = CARTESIAN_POINT ( 'NONE',  ( -1.300000000000000266, 1.300000000000000044, -0.6564291051182821191 ) ) ;
#2636 = SURFACE_SIDE_STYLE ('',( #1365 ) ) ;
#2637 = ORIENTED_EDGE ( 'NONE', *, *, #2005, .T. ) ;
#2638 = PRESENTATION_STYLE_ASSIGNMENT (( #1369 ) ) ;
#2639 = SURFACE_STYLE_USAGE ( .BOTH. , #3378 ) ;
#2640 =( NAMED_UNIT ( * ) PLANE_ANGLE_UNIT ( ) SI_UNIT ( $, .RADIAN. ) );
#2641 = PLANE ( 'NONE',  #609 ) ;
#2642 = ORIENTED_EDGE ( 'NONE', *, *, #2005, .F. ) ;
#2643 = AXIS2_PLACEMENT_3D ( 'NONE', #553, #6142, #8998 ) ;
#2644 = ORIENTED_EDGE ( 'NONE', *, *, #8366, .T. ) ;
#2645 = PRODUCT_DEFINITION ( 'ๆ', '', #8045, #8415 ) ;
#2646 = FILL_AREA_STYLE_COLOUR ( '', #4776 ) ;
#2647 = CYLINDRICAL_SURFACE ( 'NONE', #3540, 0.1999999999999999833 ) ;
#2648 = ORIENTED_EDGE ( 'NONE', *, *, #1026, .T. ) ;
#2649 = STYLED_ITEM ( 'NONE', ( #7099 ), #2057 ) ;
#2650 = FILL_AREA_STYLE ('',( #438 ) ) ;
#2651 = ORIENTED_EDGE ( 'NONE', *, *, #1274, .T. ) ;
#2652 = DIRECTION ( 'NONE',  ( 0.000000000000000000, 1.000000000000000000, 0.000000000000000000 ) ) ;
#2653 = CARTESIAN_POINT ( 'NONE',  ( 1.750000000000000000, -1.550000000000000044, -1.399999999999999911 ) ) ;
#2654 = EDGE_LOOP ( 'NONE', ( #4073, #2246, #6431, #2429, #2071, #3950, #5212, #6337 ) ) ;
#2655 = VECTOR ( 'NONE', #1065, 1000.000000000000000 ) ;
#2656 = SURFACE_STYLE_USAGE ( .BOTH. , #400 ) ;
#2657 = CARTESIAN_POINT ( 'NONE',  ( 1.750000000000000000, -1.180000000000000160, 0.000000000000000000 ) ) ;
#2658 = VERTEX_POINT ( 'NONE', #7788 ) ;
#2659 = SURFACE_SIDE_STYLE ('',( #4252 ) ) ;
#2660 =( LENGTH_UNIT ( ) NAMED_UNIT ( * ) SI_UNIT ( .MILLI., .METRE. ) );
#2661 = MECHANICAL_DESIGN_GEOMETRIC_PRESENTATION_REPRESENTATION (  '', ( #3689 ), #6465 ) ;
#2662 = ORIENTED_EDGE ( 'NONE', *, *, #1997, .F. ) ;
#2663 = CARTESIAN_POINT ( 'NONE',  ( 0.9049999999999999156, -1.550000000000000044, -0.6999999999999999556 ) ) ;
#2664 = CARTESIAN_POINT ( 'NONE',  ( -1.699999999999999956, -0.4225320565518999594, 0.000000000000000000 ) ) ;
#2665 = VECTOR ( 'NONE', #8145, 1000.000000000000000 ) ;
#2666 = VERTEX_POINT ( 'NONE', #7215 ) ;
#2667 =( LENGTH_UNIT ( ) NAMED_UNIT ( * ) SI_UNIT ( .MILLI., .METRE. ) );
#2668 = SURFACE_STYLE_FILL_AREA ( #6629 ) ;
#2669 = MECHANICAL_DESIGN_GEOMETRIC_PRESENTATION_REPRESENTATION (  '', ( #4288 ), #3694 ) ;
#2670 = CARTESIAN_POINT ( 'NONE',  ( 0.9049999999999999156, 1.449999999999999956, -0.6999999999999999556 ) ) ;
#2671 = CARTESIAN_POINT ( 'NONE',  ( -1.750000000000000000, 1.180000000000000160, -0.1000000000000000472 ) ) ;
#2672 = SURFACE_STYLE_USAGE ( .BOTH. , #1975 ) ;
#2673 = FILL_AREA_STYLE_COLOUR ( '', #5937 ) ;
#2674 = VECTOR ( 'NONE', #446, 1000.000000000000000 ) ;
#2675 = DIRECTION ( 'NONE',  ( 0.000000000000000000, 0.000000000000000000, -1.000000000000000000 ) ) ;
#2676 = DIRECTION ( 'NONE',  ( 0.000000000000000000, -1.000000000000000000, 0.000000000000000000 ) ) ;
#2677 = ADVANCED_FACE ( 'NONE', ( #5847 ), #8507, .F. ) ;
#2678 = CARTESIAN_POINT ( 'NONE',  ( 1.454978131833564836, 1.974264068711928388, -1.008520936539456958 ) ) ;
#2679 = VECTOR ( 'NONE', #5695, 1000.000000000000000 ) ;
#2680 = EDGE_LOOP ( 'NONE', ( #2150, #8739, #3582, #7434 ) ) ;
#2681 = CARTESIAN_POINT ( 'NONE',  ( -1.104999999999999982, -3.500000000000000000, -1.102973369332799658 ) ) ;
#2682 = DIRECTION ( 'NONE',  ( 0.000000000000000000, 0.000000000000000000, -1.000000000000000000 ) ) ;
#2683 = SURFACE_STYLE_USAGE ( .BOTH. , #2125 ) ;
#2684 = EDGE_CURVE ( 'NONE', #4812, #3914, #7655, .T. ) ;
#2685 = ORIENTED_EDGE ( 'NONE', *, *, #2469, .T. ) ;
#2686 = VERTEX_POINT ( 'NONE', #8646 ) ;
#2687 = CARTESIAN_POINT ( 'NONE',  ( -0.5299999999999983613, 0.4540675543254998892, -1.320000000000000062 ) ) ;
#2688 = EDGE_CURVE ( 'NONE', #287, #152, #2976, .T. ) ;
#2689 = CARTESIAN_POINT ( 'NONE',  ( -8.131516293641283255E-17, 0.000000000000000000, -1.300000000000000044 ) ) ;
#2690 = ORIENTED_EDGE ( 'NONE', *, *, #9146, .T. ) ;
#2691 = FILL_AREA_STYLE ('',( #484 ) ) ;
#2692 = ORIENTED_EDGE ( 'NONE', *, *, #3437, .F. ) ;
#2693 = DIRECTION ( 'NONE',  ( 0.000000000000000000, -1.000000000000000000, 0.000000000000000000 ) ) ;
#2694 = UNCERTAINTY_MEASURE_WITH_UNIT (LENGTH_MEASURE( 1.000000000000000082E-05 ), #8450, 'distance_accuracy_value', 'NONE');
#2695 = DIRECTION ( 'NONE',  ( 0.000000000000000000, 0.000000000000000000, 1.000000000000000000 ) ) ;
#2696 = CYLINDRICAL_SURFACE ( 'NONE', #4132, 0.1000000000000000472 ) ;
#2697 = UNCERTAINTY_MEASURE_WITH_UNIT (LENGTH_MEASURE( 1.000000000000000082E-05 ), #4237, 'distance_accuracy_value', 'NONE');
#2698 = ORIENTED_EDGE ( 'NONE', *, *, #1826, .T. ) ;
#2699 = DIRECTION ( 'NONE',  ( 0.000000000000000000, 1.000000000000000000, 0.000000000000000000 ) ) ;
#2700 = DIRECTION ( 'NONE',  ( 0.000000000000000000, -0.000000000000000000, -1.000000000000000000 ) ) ;
#2701 = VERTEX_POINT ( 'NONE', #2330 ) ;
#2702 = EDGE_LOOP ( 'NONE', ( #8708, #393, #4407, #2452 ) ) ;
#2703 = EDGE_CURVE ( 'NONE', #5236, #3291, #4578, .T. ) ;
#2704 = STYLED_ITEM ( 'NONE', ( #5033 ), #3578 ) ;
#2705 = SURFACE_STYLE_FILL_AREA ( #1209 ) ;
#2706 = FILL_AREA_STYLE ('',( #2051 ) ) ;
#2707 = AXIS2_PLACEMENT_3D ( 'NONE', #239, #418, #374 ) ;
#2708 =( NAMED_UNIT ( * ) PLANE_ANGLE_UNIT ( ) SI_UNIT ( $, .RADIAN. ) );
#2709 = UNCERTAINTY_MEASURE_WITH_UNIT (LENGTH_MEASURE( 1.000000000000000082E-05 ), #3657, 'distance_accuracy_value', 'NONE');
#2710 = VERTEX_POINT ( 'NONE', #7168 ) ;
#2711 = FILL_AREA_STYLE ('',( #4963 ) ) ;
#2712 = DIRECTION ( 'NONE',  ( 0.000000000000000000, 0.000000000000000000, 1.000000000000000000 ) ) ;
#2713 = PRESENTATION_LAYER_ASSIGNMENT (  '', '', ( #8008 ) ) ;
#2714 = CARTESIAN_POINT ( 'NONE',  ( 1.350000000000000089, -1.550000000000000266, -0.9013780793965999738 ) ) ;
#2715 = VECTOR ( 'NONE', #7209, 1000.000000000000000 ) ;
#2716 = CIRCLE ( 'NONE', #8761, 0.1200000000000000927 ) ;
#2717 = CARTESIAN_POINT ( 'NONE',  ( 1.800000000000000044, 0.5000000000000000000, -1.399000000000000021 ) ) ;
#2718 = CARTESIAN_POINT ( 'NONE',  ( 1.750999999999999668, -1.000000000000000000, -1.399000000000000021 ) ) ;
#2719 = CARTESIAN_POINT ( 'NONE',  ( -1.729999999999999982, -0.5425320565518999549, -0.1000000000000000472 ) ) ;
#2720 = PRESENTATION_STYLE_ASSIGNMENT (( #9043 ) ) ;
#2721 = CARTESIAN_POINT ( 'NONE',  ( 1.729999999999999982, -0.7618257577072999887, 0.000000000000000000 ) ) ;
#2722 = CARTESIAN_POINT ( 'NONE',  ( -0.7049999999999999600, 2.500000000000000000, -0.6999999999999999556 ) ) ;
#2723 = PRESENTATION_LAYER_ASSIGNMENT (  '', '', ( #8913 ) ) ;
#2724 = VECTOR ( 'NONE', #8472, 1000.000000000000000 ) ;
#2725 = ORIENTED_EDGE ( 'NONE', *, *, #1729, .T. ) ;
#2726 = FILL_AREA_STYLE_COLOUR ( '', #7859 ) ;
#2727 =( LENGTH_UNIT ( ) NAMED_UNIT ( * ) SI_UNIT ( .MILLI., .METRE. ) );
#2728 =( GEOMETRIC_REPRESENTATION_CONTEXT ( 3 ) GLOBAL_UNCERTAINTY_ASSIGNED_CONTEXT ( ( #3083 ) ) GLOBAL_UNIT_ASSIGNED_CONTEXT ( ( #8226, #6123, #4078 ) ) REPRESENTATION_CONTEXT ( 'NONE', 'WORKASPACE' ) );
#2729 = CARTESIAN_POINT ( 'NONE',  ( 0.8049999999999998268, -1.549999999999999822, -0.7267949192431122363 ) ) ;
#2730 = ORIENTED_EDGE ( 'NONE', *, *, #5119, .T. ) ;
#2731 = CIRCLE ( 'NONE', #1393, 0.1000000000000000472 ) ;
#2732 =( NAMED_UNIT ( * ) PLANE_ANGLE_UNIT ( ) SI_UNIT ( $, .RADIAN. ) );
#2733 = AXIS2_PLACEMENT_3D ( 'NONE', #4116, #4251, #1472 ) ;
#2734 = ORIENTED_EDGE ( 'NONE', *, *, #3254, .F. ) ;
#2735 = VECTOR ( 'NONE', #6154, 1000.000000000000000 ) ;
#2736 = FILL_AREA_STYLE ('',( #2646 ) ) ;
#2737 =( NAMED_UNIT ( * ) SI_UNIT ( $, .STERADIAN. ) SOLID_ANGLE_UNIT ( ) );
#2738 = EDGE_CURVE ( 'NONE', #7021, #1760, #1619, .T. ) ;
#2739 =( NAMED_UNIT ( * ) SI_UNIT ( $, .STERADIAN. ) SOLID_ANGLE_UNIT ( ) );
#2740 = SURFACE_STYLE_USAGE ( .BOTH. , #4119 ) ;
#2741 = ORIENTED_EDGE ( 'NONE', *, *, #2703, .F. ) ;
#2742 = COLOUR_RGB ( '',1.000000000000000000, 1.000000000000000000, 1.000000000000000000 ) ;
#2743 = COLOUR_RGB ( '',1.000000000000000000, 1.000000000000000000, 1.000000000000000000 ) ;
#2744 = PRESENTATION_STYLE_ASSIGNMENT (( #1857 ) ) ;
#2745 = EDGE_CURVE ( 'NONE', #5494, #6872, #203, .T. ) ;
#2746 = CARTESIAN_POINT ( 'NONE',  ( -1.750000000000000000, -0.5000000000000000000, -1.300000000000000044 ) ) ;
#2747 = FACE_BOUND ( 'NONE', #3683, .T. ) ;
#2748 = ORIENTED_EDGE ( 'NONE', *, *, #1837, .F. ) ;
#2749 = CARTESIAN_POINT ( 'NONE',  ( 1.500000000000000000, 0.2540675543254985458, -1.399999999999999911 ) ) ;
#2750 = VECTOR ( 'NONE', #5672, 1000.000000000000000 ) ;
#2751 = FILL_AREA_STYLE_COLOUR ( '', #6476 ) ;
#2752 = VERTEX_POINT ( 'NONE', #7891 ) ;
#2753 = ORIENTED_EDGE ( 'NONE', *, *, #5307, .F. ) ;
#2754 = AXIS2_PLACEMENT_3D ( 'NONE', #4089, #3964, #4740 ) ;
#2755 = STYLED_ITEM ( 'NONE', ( #1053 ), #7321 ) ;
#2756 = PRESENTATION_STYLE_ASSIGNMENT (( #4179 ) ) ;
#2757 = CARTESIAN_POINT ( 'NONE',  ( 2.299999999999999822, -0.5000000000000000000, -1.399999999999999911 ) ) ;
#2758 = FILL_AREA_STYLE_COLOUR ( '', #576 ) ;
#2759 = ORIENTED_EDGE ( 'NONE', *, *, #8484, .F. ) ;
#2760 = CARTESIAN_POINT ( 'NONE',  ( 0.6000000000000003109, 0.4540675543254998892, -1.320000000000000062 ) ) ;
#2761 = EDGE_CURVE ( 'NONE', #3184, #3035, #151, .T. ) ;
#2762 = AXIS2_PLACEMENT_3D ( 'NONE', #540, #4783, #6173 ) ;
#2763 = VECTOR ( 'NONE', #6144, 1000.000000000000000 ) ;
#2764 = DIRECTION ( 'NONE',  ( 0.000000000000000000, 0.000000000000000000, -1.000000000000000000 ) ) ;
#2765 = DIRECTION ( 'NONE',  ( 1.000000000000000000, 0.000000000000000000, 0.000000000000000000 ) ) ;
#2766 = LINE ( 'NONE', #8385, #479 ) ;
#2767 = CARTESIAN_POINT ( 'NONE',  ( -1.800000000000000044, 1.449999999999999956, 0.000000000000000000 ) ) ;
#2768 = CARTESIAN_POINT ( 'NONE',  ( 1.629999999999999893, 1.180000000000000160, -0.1000000000000000472 ) ) ;
#2769 =( GEOMETRIC_REPRESENTATION_CONTEXT ( 3 ) GLOBAL_UNCERTAINTY_ASSIGNED_CONTEXT ( ( #1295 ) ) GLOBAL_UNIT_ASSIGNED_CONTEXT ( ( #8442, #2174, #1608 ) ) REPRESENTATION_CONTEXT ( 'NONE', 'WORKASPACE' ) );
#2770 = PRESENTATION_LAYER_ASSIGNMENT (  '', '', ( #3647 ) ) ;
#2771 = ORIENTED_EDGE ( 'NONE', *, *, #327, .T. ) ;
#2772 = SURFACE_STYLE_FILL_AREA ( #8964 ) ;
#2773 = CARTESIAN_POINT ( 'NONE',  ( -8.131516293641283255E-17, 0.000000000000000000, 0.4999999999999998890 ) ) ;
#2774 = COLOUR_RGB ( '',1.000000000000000000, 1.000000000000000000, 1.000000000000000000 ) ;
#2775 = CARTESIAN_POINT ( 'NONE',  ( 1.594948974278317833, 1.449999999999999956, -1.151378079396599974 ) ) ;
#2776 = CARTESIAN_POINT ( 'NONE',  ( 1.750000000000000000, -1.550000000000000044, -1.399999999999999911 ) ) ;
#2777 = UNCERTAINTY_MEASURE_WITH_UNIT (LENGTH_MEASURE( 1.000000000000000082E-05 ), #2148, 'distance_accuracy_value', 'NONE');
#2778 = ORIENTED_EDGE ( 'NONE', *, *, #8657, .F. ) ;
#2779 = PRESENTATION_STYLE_ASSIGNMENT (( #1467 ) ) ;
#2780 = ORIENTED_EDGE ( 'NONE', *, *, #7207, .T. ) ;
#2781 =( NAMED_UNIT ( * ) SI_UNIT ( $, .STERADIAN. ) SOLID_ANGLE_UNIT ( ) );
#2782 = LINE ( 'NONE', #1897, #8255 ) ;
#2783 =( NAMED_UNIT ( * ) SI_UNIT ( $, .STERADIAN. ) SOLID_ANGLE_UNIT ( ) );
#2784 = FILL_AREA_STYLE_COLOUR ( '', #2326 ) ;
#2785 = DIRECTION ( 'NONE',  ( 0.000000000000000000, 0.000000000000000000, -1.000000000000000000 ) ) ;
#2786 = ORIENTED_EDGE ( 'NONE', *, *, #2791, .F. ) ;
#2787 = EDGE_CURVE ( 'NONE', #4409, #1011, #7260, .T. ) ;
#2788 = UNCERTAINTY_MEASURE_WITH_UNIT (LENGTH_MEASURE( 1.000000000000000082E-05 ), #2917, 'distance_accuracy_value', 'NONE');
#2789 = PRESENTATION_LAYER_ASSIGNMENT (  '', '', ( #1445 ) ) ;
#2790 =( NAMED_UNIT ( * ) PLANE_ANGLE_UNIT ( ) SI_UNIT ( $, .RADIAN. ) );
#2791 = EDGE_CURVE ( 'NONE', #1867, #6937, #247, .T. ) ;
#2792 = SURFACE_STYLE_USAGE ( .BOTH. , #6257 ) ;
#2793 = PRODUCT_DEFINITION_CONTEXT ( 'detailed design', #3282, 'design' ) ;
#2794 = ORIENTED_EDGE ( 'NONE', *, *, #3365, .F. ) ;
#2795 =( NAMED_UNIT ( * ) SI_UNIT ( $, .STERADIAN. ) SOLID_ANGLE_UNIT ( ) );
#2796 = EDGE_LOOP ( 'NONE', ( #3989, #2095, #3153, #298 ) ) ;
#2797 = EDGE_CURVE ( 'NONE', #6131, #3726, #3069, .T. ) ;
#2798 = CARTESIAN_POINT ( 'NONE',  ( -0.9050000000000001377, 1.449999999999999956, -0.9000000000000000222 ) ) ;
#2799 = VERTEX_POINT ( 'NONE', #5169 ) ;
#2800 = EDGE_CURVE ( 'NONE', #2009, #7905, #4871, .T. ) ;
#2801 = CYLINDRICAL_SURFACE ( 'NONE', #7413, 0.2000000000000000944 ) ;
#2802 =( NAMED_UNIT ( * ) SI_UNIT ( $, .STERADIAN. ) SOLID_ANGLE_UNIT ( ) );
#2803 = COLOUR_RGB ( '',1.000000000000000000, 1.000000000000000000, 1.000000000000000000 ) ;
#2804 = SURFACE_STYLE_FILL_AREA ( #9122 ) ;
#2805 = VERTEX_POINT ( 'NONE', #8216 ) ;
#2806 =( LENGTH_UNIT ( ) NAMED_UNIT ( * ) SI_UNIT ( .MILLI., .METRE. ) );
#2807 = EDGE_CURVE ( 'NONE', #5862, #4107, #4576, .T. ) ;
#2808 = CARTESIAN_POINT ( 'NONE',  ( -0.7049999999999999600, 2.500000000000000000, -0.9000000000000000222 ) ) ;
#2809 = COLOUR_RGB ( '',1.000000000000000000, 1.000000000000000000, 1.000000000000000000 ) ;
#2810 = DIRECTION ( 'NONE',  ( 0.000000000000000000, -0.000000000000000000, 1.000000000000000000 ) ) ;
#2811 = DIRECTION ( 'NONE',  ( 1.000000000000000000, 0.000000000000000000, 0.000000000000000000 ) ) ;
#2812 = AXIS2_PLACEMENT_3D ( 'NONE', #7143, #4966, #790 ) ;
#2813 = LINE ( 'NONE', #2065, #6667 ) ;
#2814 = CARTESIAN_POINT ( 'NONE',  ( -1.629999999999999893, -1.180000000000000160, -0.1000000000000000472 ) ) ;
#2815 =( LENGTH_UNIT ( ) NAMED_UNIT ( * ) SI_UNIT ( .MILLI., .METRE. ) );
#2816 = AXIS2_PLACEMENT_3D ( 'NONE', #6655, #3824, #5865 ) ;
#2817 = MECHANICAL_DESIGN_GEOMETRIC_PRESENTATION_REPRESENTATION (  '', ( #2070 ), #3999 ) ;
#2818 = ORIENTED_EDGE ( 'NONE', *, *, #6664, .T. ) ;
#2819 = PRESENTATION_LAYER_ASSIGNMENT (  '', '', ( #1782 ) ) ;
#2820 = CARTESIAN_POINT ( 'NONE',  ( 1.300000000000000266, 0.2540675543254999891, -1.320000000000000062 ) ) ;
#2821 = EDGE_CURVE ( 'NONE', #6014, #1757, #6264, .T. ) ;
#2822 =( NAMED_UNIT ( * ) SI_UNIT ( $, .STERADIAN. ) SOLID_ANGLE_UNIT ( ) );
#2823 = AXIS2_PLACEMENT_3D ( 'NONE', #8296, #1876, #7599 ) ;
#2824 = B_SPLINE_CURVE_WITH_KNOTS ( 'NONE', 3,
 ( #8985, #4046, #2574, #5988, #5314, #3262 ),
 .UNSPECIFIED., .F., .F.,
 ( 4, 2, 4 ),
 ( 0.000000000000000000, 0.0001170743711345772646, 0.0002341487422691545292 ),
 .UNSPECIFIED. ) ;
#2825 = DIRECTION ( 'NONE',  ( 0.000000000000000000, -1.000000000000000000, 0.000000000000000000 ) ) ;
#2826 = VECTOR ( 'NONE', #7780, 1000.000000000000000 ) ;
#2827 = CARTESIAN_POINT ( 'NONE',  ( -1.750000000000000000, -0.4225320565518999594, -0.1000000000000000472 ) ) ;
#2828 = PRESENTATION_LAYER_ASSIGNMENT (  '', '', ( #1639 ) ) ;
#2829 = EDGE_CURVE ( 'NONE', #5231, #3842, #705, .T. ) ;
#2830 = ORIENTED_EDGE ( 'NONE', *, *, #3300, .F. ) ;
#2831 = CYLINDRICAL_SURFACE ( 'NONE', #7964, 0.2000000000000000944 ) ;
#2832 = STYLED_ITEM ( 'NONE', ( #7083 ), #3309 ) ;
#2833 = ORIENTED_EDGE ( 'NONE', *, *, #1997, .T. ) ;
#2834 = CARTESIAN_POINT ( 'NONE',  ( 1.449999999999999956, 1.300000000000000044, 0.000000000000000000 ) ) ;
#2835 = COLOUR_RGB ( '',0.4117647058823529216, 0.4117647058823529216, 0.4117647058823529216 ) ;
#2836 = DIRECTION ( 'NONE',  ( -0.000000000000000000, -0.000000000000000000, -1.000000000000000000 ) ) ;
#2837 = ORIENTED_EDGE ( 'NONE', *, *, #8035, .T. ) ;
#2838 = DIRECTION ( 'NONE',  ( 0.000000000000000000, 0.000000000000000000, -1.000000000000000000 ) ) ;
#2839 = CARTESIAN_POINT ( 'NONE',  ( 2.299999999999999822, -1.000000000000000000, -1.300000000000000044 ) ) ;
#2840 = ORIENTED_EDGE ( 'NONE', *, *, #4094, .F. ) ;
#2841 = FACE_OUTER_BOUND ( 'NONE', #5023, .T. ) ;
#2842 = VERTEX_POINT ( 'NONE', #7189 ) ;
#2843 = SURFACE_STYLE_FILL_AREA ( #9163 ) ;
#2844 = EDGE_LOOP ( 'NONE', ( #3217, #1909, #5558, #6504 ) ) ;
#2845 = CARTESIAN_POINT ( 'NONE',  ( 0.8049999999999998268, 1.550000000000000044, -0.7267949192431122363 ) ) ;
#2846 = CARTESIAN_POINT ( 'NONE',  ( 0.9049999999999999156, -1.450000000000000400, -1.399999999999999911 ) ) ;
#2847 =( LENGTH_UNIT ( ) NAMED_UNIT ( * ) SI_UNIT ( .MILLI., .METRE. ) );
#2848 = CARTESIAN_POINT ( 'NONE',  ( 0.8049999999999997158, 1.550000000000000044, -1.399999999999999911 ) ) ;
#2849 = VECTOR ( 'NONE', #1402, 1000.000000000000000 ) ;
#2850 = ORIENTED_EDGE ( 'NONE', *, *, #964, .T. ) ;
#2851 = PRESENTATION_STYLE_ASSIGNMENT (( #7763 ) ) ;
#2852 = CARTESIAN_POINT ( 'NONE',  ( -2.299999999999999822, 0.5000000000000000000, -1.300000000000000044 ) ) ;
#2853 = EDGE_CURVE ( 'NONE', #7039, #7401, #6768, .T. ) ;
#2854 = PRESENTATION_LAYER_ASSIGNMENT (  '', '', ( #16 ) ) ;
#2855 =( LENGTH_UNIT ( ) NAMED_UNIT ( * ) SI_UNIT ( .MILLI., .METRE. ) );
#2856 = CARTESIAN_POINT ( 'NONE',  ( -1.350000000000000089, -1.449999999999999956, -0.9513780793966000182 ) ) ;
#2857 = DIRECTION ( 'NONE',  ( 0.000000000000000000, -1.000000000000000000, 0.000000000000000000 ) ) ;
#2858 = DIRECTION ( 'NONE',  ( -1.000000000000000000, 0.000000000000000000, 0.000000000000000000 ) ) ;
#2859 = EDGE_CURVE ( 'NONE', #478, #8932, #7327, .T. ) ;
#2860 = ORIENTED_EDGE ( 'NONE', *, *, #8470, .T. ) ;
#2861 = AXIS2_PLACEMENT_3D ( 'NONE', #4066, #422, #6864 ) ;
#2862 = COLOUR_RGB ( '',0.4117647058823529216, 0.4117647058823529216, 0.4117647058823529216 ) ;
#2863 = CARTESIAN_POINT ( 'NONE',  ( 1.629999999999999893, 1.300000000000000044, 0.000000000000000000 ) ) ;
#2864 = FILL_AREA_STYLE_COLOUR ( '', #3955 ) ;
#2865 = LINE ( 'NONE', #3008, #2951 ) ;
#2866 = PLANE ( 'NONE',  #4769 ) ;
#2867 = FILL_AREA_STYLE_COLOUR ( '', #8619 ) ;
#2868 = PRESENTATION_LAYER_ASSIGNMENT (  '', '', ( #6978 ) ) ;
#2869 = PRESENTATION_LAYER_ASSIGNMENT (  '', '', ( #8318 ) ) ;
#2870 = VECTOR ( 'NONE', #6089, 1000.000000000000000 ) ;
#2871 = VERTEX_POINT ( 'NONE', #2444 ) ;
#2872 = FILL_AREA_STYLE_COLOUR ( '', #7812 ) ;
#2873 = ORIENTED_EDGE ( 'NONE', *, *, #3367, .F. ) ;
#2874 =( NAMED_UNIT ( * ) PLANE_ANGLE_UNIT ( ) SI_UNIT ( $, .RADIAN. ) );
#2875 = VECTOR ( 'NONE', #8147, 1000.000000000000000 ) ;
#2876 = EDGE_CURVE ( 'NONE', #1307, #8508, #8054, .T. ) ;
#2877 = PRESENTATION_STYLE_ASSIGNMENT (( #2000 ) ) ;
#2878 =( NAMED_UNIT ( * ) SI_UNIT ( $, .STERADIAN. ) SOLID_ANGLE_UNIT ( ) );
#2879 = DIRECTION ( 'NONE',  ( 1.000000000000000000, 0.000000000000000000, 0.000000000000000000 ) ) ;
#2880 = CARTESIAN_POINT ( 'NONE',  ( 1.350000000000000089, 1.550000000000000044, -0.9013780793965999738 ) ) ;
#2881 = ORIENTED_EDGE ( 'NONE', *, *, #8886, .F. ) ;
#2882 = DIRECTION ( 'NONE',  ( 0.000000000000000000, -1.000000000000000000, 0.000000000000000000 ) ) ;
#2883 = CARTESIAN_POINT ( 'NONE',  ( -8.131516293641283255E-17, 0.000000000000000000, 0.4999999999999998890 ) ) ;
#2884 = CARTESIAN_POINT ( 'NONE',  ( 1.750999999999999890, -0.5000000000000000000, -1.399999999999999911 ) ) ;
#2885 = DIRECTION ( 'NONE',  ( -1.000000000000000000, -0.000000000000000000, -0.000000000000000000 ) ) ;
#2886 = ORIENTED_EDGE ( 'NONE', *, *, #1274, .F. ) ;
#2887 = SURFACE_SIDE_STYLE ('',( #5536 ) ) ;
#2888 = DIRECTION ( 'NONE',  ( 0.000000000000000000, 0.000000000000000000, 1.000000000000000000 ) ) ;
#2889 =( NAMED_UNIT ( * ) PLANE_ANGLE_UNIT ( ) SI_UNIT ( $, .RADIAN. ) );
#2890 = ORIENTED_EDGE ( 'NONE', *, *, #6453, .F. ) ;
#2891 = AXIS2_PLACEMENT_3D ( 'NONE', #4536, #6770, #1002 ) ;
#2892 = MECHANICAL_DESIGN_GEOMETRIC_PRESENTATION_REPRESENTATION (  '', ( #6847 ), #7312 ) ;
#2893 = DIRECTION ( 'NONE',  ( 1.204669080539449344E-16, 1.000000000000000000, 0.000000000000000000 ) ) ;
#2894 = ORIENTED_EDGE ( 'NONE', *, *, #4246, .F. ) ;
#2895 = EDGE_CURVE ( 'NONE', #8803, #478, #4131, .T. ) ;
#2896 = FACE_OUTER_BOUND ( 'NONE', #1401, .T. ) ;
#2897 = MECHANICAL_DESIGN_GEOMETRIC_PRESENTATION_REPRESENTATION (  '', ( #635 ), #8490 ) ;
#2898 = PRODUCT_DEFINITION_FORMATION_WITH_SPECIFIED_SOURCE ( 'ไป', '', #1048, .NOT_KNOWN. ) ;
#2899 = VERTEX_POINT ( 'NONE', #5902 ) ;
#2900 = LINE ( 'NONE', #2944, #5907 ) ;
#2901 = SURFACE_STYLE_FILL_AREA ( #4185 ) ;
#2902 = LINE ( 'NONE', #5008, #4805 ) ;
#2903 = MECHANICAL_DESIGN_GEOMETRIC_PRESENTATION_REPRESENTATION (  '', ( #2612 ), #1567 ) ;
#2904 = DIRECTION ( 'NONE',  ( 0.000000000000000000, 0.000000000000000000, -1.000000000000000000 ) ) ;
#2905 = MECHANICAL_DESIGN_GEOMETRIC_PRESENTATION_REPRESENTATION (  '', ( #2755 ), #7900 ) ;
#2906 = FACE_OUTER_BOUND ( 'NONE', #1535, .T. ) ;
#2907 =( NAMED_UNIT ( * ) PLANE_ANGLE_UNIT ( ) SI_UNIT ( $, .RADIAN. ) );
#2908 = FILL_AREA_STYLE_COLOUR ( '', #6991 ) ;
#2909 = EDGE_CURVE ( 'NONE', #7625, #287, #3128, .T. ) ;
#2910 = DIRECTION ( 'NONE',  ( 0.000000000000000000, 0.000000000000000000, 1.000000000000000000 ) ) ;
#2911 = CARTESIAN_POINT ( 'NONE',  ( -1.750000000000000000, 1.180000000000000160, 0.000000000000000000 ) ) ;
#2912 = COLOUR_RGB ( '',0.4117647058823529216, 0.4117647058823529216, 0.4117647058823529216 ) ;
#2913 = EDGE_CURVE ( 'NONE', #5114, #4139, #3673, .T. ) ;
#2914 = VECTOR ( 'NONE', #1176, 1000.000000000000000 ) ;
#2915 = ORIENTED_EDGE ( 'NONE', *, *, #4435, .T. ) ;
#2916 =( NAMED_UNIT ( * ) PLANE_ANGLE_UNIT ( ) SI_UNIT ( $, .RADIAN. ) );
#2917 =( LENGTH_UNIT ( ) NAMED_UNIT ( * ) SI_UNIT ( .MILLI., .METRE. ) );
#2918 = ADVANCED_FACE ( 'NONE', ( #7236 ), #1022, .T. ) ;
#2919 = PRESENTATION_STYLE_ASSIGNMENT (( #142 ) ) ;
#2920 = CARTESIAN_POINT ( 'NONE',  ( 1.610000000000000098, 0.5199999999999999067, 0.000000000000000000 ) ) ;
#2921 = ORIENTED_EDGE ( 'NONE', *, *, #5940, .T. ) ;
#2922 = STYLED_ITEM ( 'NONE', ( #8859 ), #1539 ) ;
#2923 = COLOUR_RGB ( '',0.4117647058823529216, 0.4117647058823529216, 0.4117647058823529216 ) ;
#2924 = PRESENTATION_STYLE_ASSIGNMENT (( #5791 ) ) ;
#2925 = CARTESIAN_POINT ( 'NONE',  ( -1.750000000000000000, -1.180000000000000160, -0.1000000000000000472 ) ) ;
#2926 = DIRECTION ( 'NONE',  ( 0.000000000000000000, 1.000000000000000000, 0.000000000000000000 ) ) ;
#2927 = CARTESIAN_POINT ( 'NONE',  ( -1.299999999999998934, -0.4459324456745000220, -1.320000000000000062 ) ) ;
#2928 = ORIENTED_EDGE ( 'NONE', *, *, #8961, .F. ) ;
#2929 = CARTESIAN_POINT ( 'NONE',  ( 1.300000000000000266, -1.550000000000000044, -0.6564291051182821191 ) ) ;
#2930 = CARTESIAN_POINT ( 'NONE',  ( -1.750000000000000000, 1.550000000000000044, -0.9513780793966000182 ) ) ;
#2931 = EDGE_LOOP ( 'NONE', ( #1952, #7988, #180, #4028 ) ) ;
#2932 = FILL_AREA_STYLE_COLOUR ( '', #6352 ) ;
#2933 =( NAMED_UNIT ( * ) PLANE_ANGLE_UNIT ( ) SI_UNIT ( $, .RADIAN. ) );
#2934 = ORIENTED_EDGE ( 'NONE', *, *, #550, .T. ) ;
#2935 = CARTESIAN_POINT ( 'NONE',  ( 1.100000000000000089, 1.974264068711928388, -0.6564291051182821191 ) ) ;
#2936 = DIRECTION ( 'NONE',  ( 0.000000000000000000, 0.000000000000000000, 1.000000000000000000 ) ) ;
#2937 = ORIENTED_EDGE ( 'NONE', *, *, #146, .T. ) ;
#2938 = CARTESIAN_POINT ( 'NONE',  ( 0.2799999999999990274, -0.4459324456745000220, -1.320000000000000062 ) ) ;
#2939 = ADVANCED_FACE ( 'NONE', ( #6562 ), #5768, .T. ) ;
#2940 = CARTESIAN_POINT ( 'NONE',  ( -1.350000000000000089, -1.550000000000000044, -0.9513780793966000182 ) ) ;
#2941 = VERTEX_POINT ( 'NONE', #3352 ) ;
#2942 = MECHANICAL_DESIGN_GEOMETRIC_PRESENTATION_REPRESENTATION (  '', ( #4988 ), #6901 ) ;
#2943 = FILL_AREA_STYLE ('',( #5232 ) ) ;
#2944 = CARTESIAN_POINT ( 'NONE',  ( -0.9050000000000001377, 1.449999999999999956, -1.302973369332799836 ) ) ;
#2945 =( NAMED_UNIT ( * ) SI_UNIT ( $, .STERADIAN. ) SOLID_ANGLE_UNIT ( ) );
#2946 = PRESENTATION_STYLE_ASSIGNMENT (( #1217 ) ) ;
#2947 = SURFACE_STYLE_FILL_AREA ( #1597 ) ;
#2948 = SURFACE_SIDE_STYLE ('',( #1598 ) ) ;
#2949 = SURFACE_STYLE_FILL_AREA ( #2212 ) ;
#2950 = DIRECTION ( 'NONE',  ( 0.000000000000000000, 0.000000000000000000, -1.000000000000000000 ) ) ;
#2951 = VECTOR ( 'NONE', #7827, 1000.000000000000000 ) ;
#2952 = PRESENTATION_STYLE_ASSIGNMENT (( #4284 ) ) ;
#2953 = CARTESIAN_POINT ( 'NONE',  ( 0.7049999999999998490, -1.449999999999999956, -0.6999999999999999556 ) ) ;
#2954 = PRESENTATION_LAYER_ASSIGNMENT (  '', '', ( #3389 ) ) ;
#2955 = VERTEX_POINT ( 'NONE', #3307 ) ;
#2956 = PRESENTATION_LAYER_ASSIGNMENT (  '', '', ( #552 ) ) ;
#2957 = FILL_AREA_STYLE ('',( #10 ) ) ;
#2958 = CARTESIAN_POINT ( 'NONE',  ( 1.300000000000000266, -1.399999999999999911, -0.006350832689599908258 ) ) ;
#2959 = FILL_AREA_STYLE_COLOUR ( '', #8506 ) ;
#2960 = EDGE_CURVE ( 'NONE', #8915, #2565, #8094, .T. ) ;
#2961 = VECTOR ( 'NONE', #2572, 1000.000000000000000 ) ;
#2962 = DIRECTION ( 'NONE',  ( -1.000000000000000000, 0.000000000000000000, 0.000000000000000000 ) ) ;
#2963 = PRESENTATION_STYLE_ASSIGNMENT (( #7923 ) ) ;
#2964 = VECTOR ( 'NONE', #5567, 1000.000000000000000 ) ;
#2965 = CARTESIAN_POINT ( 'NONE',  ( -1.594948974278317833, 1.974264068711928388, -1.151378079396599974 ) ) ;
#2966 = VERTEX_POINT ( 'NONE', #7543 ) ;
#2967 = PRESENTATION_LAYER_ASSIGNMENT (  '', '', ( #3862 ) ) ;
#2968 = EDGE_CURVE ( 'NONE', #5243, #1946, #1117, .T. ) ;
#2969 = DIRECTION ( 'NONE',  ( -0.000000000000000000, -1.000000000000000000, -0.000000000000000000 ) ) ;
#2970 = CARTESIAN_POINT ( 'NONE',  ( -1.100000000000000089, 1.974264068711928388, -0.6564291051182821191 ) ) ;
#2971 = PRESENTATION_STYLE_ASSIGNMENT (( #5165 ) ) ;
#2972 = PRESENTATION_LAYER_ASSIGNMENT (  '', '', ( #1039 ) ) ;
#2973 = STYLED_ITEM ( 'NONE', ( #601 ), #5085 ) ;
#2974 = ADVANCED_FACE ( 'NONE', ( #4599 ), #4087, .T. ) ;
#2975 = DIRECTION ( 'NONE',  ( -0.000000000000000000, -0.000000000000000000, 1.000000000000000000 ) ) ;
#2976 = LINE ( 'NONE', #7983, #8404 ) ;
#2977 = ORIENTED_EDGE ( 'NONE', *, *, #5922, .F. ) ;
#2978 = CARTESIAN_POINT ( 'NONE',  ( -1.350000000000000089, -1.550000000000000044, -1.051378079396599885 ) ) ;
#2979 = CARTESIAN_POINT ( 'NONE',  ( -1.729999999999999982, 0.4000000000000000222, 0.000000000000000000 ) ) ;
#2980 = UNCERTAINTY_MEASURE_WITH_UNIT (LENGTH_MEASURE( 1.000000000000000082E-05 ), #741, 'distance_accuracy_value', 'NONE');
#2981 = CIRCLE ( 'NONE', #1331, 0.8750000000000000000 ) ;
#2982 = FACE_OUTER_BOUND ( 'NONE', #8270, .T. ) ;
#2983 = EDGE_CURVE ( 'NONE', #3747, #4522, #1862, .T. ) ;
#2984 = VECTOR ( 'NONE', #7210, 1000.000000000000000 ) ;
#2985 = ORIENTED_EDGE ( 'NONE', *, *, #4396, .T. ) ;
#2986 = VECTOR ( 'NONE', #843, 1000.000000000000000 ) ;
#2987 = CARTESIAN_POINT ( 'NONE',  ( -1.750000000000000000, -1.000000000000000000, -1.399000000000000021 ) ) ;
#2988 = DIRECTION ( 'NONE',  ( 1.000000000000000000, 0.000000000000000000, 0.000000000000000000 ) ) ;
#2989 = ORIENTED_EDGE ( 'NONE', *, *, #9054, .T. ) ;
#2990 = AXIS2_PLACEMENT_3D ( 'NONE', #2526, #5310, #8137 ) ;
#2991 = FACE_OUTER_BOUND ( 'NONE', #7951, .T. ) ;
#2992 = EDGE_LOOP ( 'NONE', ( #4809, #5624, #8416, #8756, #6693 ) ) ;
#2993 = SURFACE_STYLE_FILL_AREA ( #6361 ) ;
#2994 = CARTESIAN_POINT ( 'NONE',  ( 1.363397459622000207, 1.350000000000000089, 0.000000000000000000 ) ) ;
#2995 = ORIENTED_EDGE ( 'NONE', *, *, #3220, .F. ) ;
#2996 =( NAMED_UNIT ( * ) PLANE_ANGLE_UNIT ( ) SI_UNIT ( $, .RADIAN. ) );
#2997 = CARTESIAN_POINT ( 'NONE',  ( -0.8050000000000000488, -1.450000000000000400, -1.399999999999999911 ) ) ;
#2998 = DIRECTION ( 'NONE',  ( 0.000000000000000000, 0.000000000000000000, 1.000000000000000000 ) ) ;
#2999 = EDGE_CURVE ( 'NONE', #6507, #4111, #5311, .T. ) ;
#3000 =( LENGTH_UNIT ( ) NAMED_UNIT ( * ) SI_UNIT ( .MILLI., .METRE. ) );
#3001 = DIRECTION ( 'NONE',  ( 0.000000000000000000, -1.000000000000000000, 0.000000000000000000 ) ) ;
#3002 = LINE ( 'NONE', #7145, #4927 ) ;
#3003 = SURFACE_STYLE_FILL_AREA ( #687 ) ;
#3004 = PRESENTATION_LAYER_ASSIGNMENT (  '', '', ( #1960 ) ) ;
#3005 = SURFACE_STYLE_USAGE ( .BOTH. , #605 ) ;
#3006 = AXIS2_PLACEMENT_3D ( 'NONE', #3164, #3721, #7945 ) ;
#3007 = DIRECTION ( 'NONE',  ( 1.000000000000000000, -0.000000000000000000, -0.000000000000000000 ) ) ;
#3008 = CARTESIAN_POINT ( 'NONE',  ( 1.299999999999998934, -0.4459324456745000220, -1.369999999999999885 ) ) ;
#3009 = CARTESIAN_POINT ( 'NONE',  ( -1.750999999999999890, -0.5000000000000000000, -1.399000000000000021 ) ) ;
#3010 = VECTOR ( 'NONE', #2337, 1000.000000000000000 ) ;
#3011 = VECTOR ( 'NONE', #325, 1000.000000000000000 ) ;
#3012 = ORIENTED_EDGE ( 'NONE', *, *, #2688, .F. ) ;
#3013 = DIRECTION ( 'NONE',  ( 0.000000000000000000, 0.000000000000000000, 1.000000000000000000 ) ) ;
#3014 =( NAMED_UNIT ( * ) SI_UNIT ( $, .STERADIAN. ) SOLID_ANGLE_UNIT ( ) );
#3015 = PRESENTATION_STYLE_ASSIGNMENT (( #5793 ) ) ;
#3016 = FACE_OUTER_BOUND ( 'NONE', #1994, .T. ) ;
#3017 = VECTOR ( 'NONE', #1364, 1000.000000000000000 ) ;
#3018 = AXIS2_PLACEMENT_3D ( 'NONE', #5018, #6480, #1459 ) ;
#3019 = AXIS2_PLACEMENT_3D ( 'NONE', #7729, #7197, #1601 ) ;
#3020 = CARTESIAN_POINT ( 'NONE',  ( 0.2299999999999997324, -0.2459324456745001497, -1.369999999999999885 ) ) ;
#3021 = DIRECTION ( 'NONE',  ( 0.000000000000000000, -1.000000000000000000, 0.000000000000000000 ) ) ;
#3022 = ORIENTED_EDGE ( 'NONE', *, *, #5190, .F. ) ;
#3023 = SURFACE_STYLE_FILL_AREA ( #5798 ) ;
#3024 = FILL_AREA_STYLE ('',( #6637 ) ) ;
#3025 = LINE ( 'NONE', #5327, #8408 ) ;
#3026 = EDGE_CURVE ( 'NONE', #1485, #7450, #7403, .T. ) ;
#3027 = FACE_OUTER_BOUND ( 'NONE', #2680, .T. ) ;
#3028 = MECHANICAL_DESIGN_GEOMETRIC_PRESENTATION_REPRESENTATION (  '', ( #7566 ), #6986 ) ;
#3029 = EDGE_LOOP ( 'NONE', ( #7202, #2934, #624, #1074 ) ) ;
#3030 =( LENGTH_UNIT ( ) NAMED_UNIT ( * ) SI_UNIT ( .MILLI., .METRE. ) );
#3031 = EDGE_CURVE ( 'NONE', #7039, #833, #6696, .T. ) ;
#3032 = ORIENTED_EDGE ( 'NONE', *, *, #2147, .T. ) ;
#3033 = CARTESIAN_POINT ( 'NONE',  ( 1.629999999999999893, 1.300000000000000044, -0.1000000000000000472 ) ) ;
#3034 = PRESENTATION_LAYER_ASSIGNMENT (  '', '', ( #8328 ) ) ;
#3035 = VERTEX_POINT ( 'NONE', #1961 ) ;
#3036 = EDGE_CURVE ( 'NONE', #563, #56, #1158, .T. ) ;
#3037 = COLOUR_RGB ( '',1.000000000000000000, 1.000000000000000000, 1.000000000000000000 ) ;
#3038 = DIRECTION ( 'NONE',  ( 0.000000000000000000, 0.000000000000000000, 1.000000000000000000 ) ) ;
#3039 = CARTESIAN_POINT ( 'NONE',  ( 1.399999999999999911, -1.300000000000000044, -0.1000000000000000472 ) ) ;
#3040 = ORIENTED_EDGE ( 'NONE', *, *, #9120, .T. ) ;
#3041 = LINE ( 'NONE', #929, #1044 ) ;
#3042 = VECTOR ( 'NONE', #3707, 1000.000000000000000 ) ;
#3043 = PRESENTATION_LAYER_ASSIGNMENT (  '', '', ( #43 ) ) ;
#3044 = ORIENTED_EDGE ( 'NONE', *, *, #841, .T. ) ;
#3045 = CARTESIAN_POINT ( 'NONE',  ( -1.300978200219000014, -1.382757568309000096, -0.002441364903399976041 ) ) ;
#3046 = FILL_AREA_STYLE ('',( #4465 ) ) ;
#3047 = FILL_AREA_STYLE_COLOUR ( '', #197 ) ;
#3048 = ORIENTED_EDGE ( 'NONE', *, *, #5732, .F. ) ;
#3049 = CARTESIAN_POINT ( 'NONE',  ( 1.750000000000000000, 1.449999999999999956, -1.101378079396600151 ) ) ;
#3050 = CARTESIAN_POINT ( 'NONE',  ( -1.610000000000000098, 0.5199999999999999067, -0.1000000000000000472 ) ) ;
#3051 = VECTOR ( 'NONE', #80, 1000.000000000000000 ) ;
#3052 =( NAMED_UNIT ( * ) SI_UNIT ( $, .STERADIAN. ) SOLID_ANGLE_UNIT ( ) );
#3053 = VECTOR ( 'NONE', #934, 1000.000000000000000 ) ;
#3054 = ORIENTED_EDGE ( 'NONE', *, *, #1366, .T. ) ;
#3055 = VECTOR ( 'NONE', #5168, 1000.000000000000114 ) ;
#3056 = DIRECTION ( 'NONE',  ( 0.000000000000000000, 0.000000000000000000, -1.000000000000000000 ) ) ;
#3057 = SURFACE_SIDE_STYLE ('',( #5108 ) ) ;
#3058 = DIRECTION ( 'NONE',  ( 1.000000000000000000, 0.000000000000000000, 0.000000000000000000 ) ) ;
#3059 = SURFACE_STYLE_FILL_AREA ( #4340 ) ;
#3060 = FILL_AREA_STYLE ('',( #5112 ) ) ;
#3061 = VERTEX_POINT ( 'NONE', #4781 ) ;
#3062 = DIRECTION ( 'NONE',  ( -0.000000000000000000, -0.000000000000000000, -1.000000000000000000 ) ) ;
#3063 = SURFACE_STYLE_USAGE ( .BOTH. , #244 ) ;
#3064 = CIRCLE ( 'NONE', #5961, 0.1499999999999999667 ) ;
#3065 = FILL_AREA_STYLE ('',( #1616 ) ) ;
#3066 = FILL_AREA_STYLE ('',( #23 ) ) ;
#3067 = CIRCLE ( 'NONE', #1277, 0.8499999999999999778 ) ;
#3068 = CARTESIAN_POINT ( 'NONE',  ( 1.750000000000000000, -0.4225320565518999594, -0.1000000000000000472 ) ) ;
#3069 = LINE ( 'NONE', #8549, #3690 ) ;
#3070 = ORIENTED_EDGE ( 'NONE', *, *, #3095, .T. ) ;
#3071 = FILL_AREA_STYLE_COLOUR ( '', #2742 ) ;
#3072 = CARTESIAN_POINT ( 'NONE',  ( 1.750000000000000000, 1.550000000000000044, -1.101378079396600151 ) ) ;
#3073 = MECHANICAL_DESIGN_GEOMETRIC_PRESENTATION_REPRESENTATION (  '', ( #6729 ), #667 ) ;
#3074 = VERTEX_POINT ( 'NONE', #7585 ) ;
#3075 = CYLINDRICAL_SURFACE ( 'NONE', #1266, 0.1999999999999999833 ) ;
#3076 = ORIENTED_EDGE ( 'NONE', *, *, #2074, .F. ) ;
#3077 = EDGE_CURVE ( 'NONE', #5516, #2009, #1254, .T. ) ;
#3078 = SURFACE_SIDE_STYLE ('',( #8084 ) ) ;
#3079 =( NAMED_UNIT ( * ) PLANE_ANGLE_UNIT ( ) SI_UNIT ( $, .RADIAN. ) );
#3080 = ORIENTED_EDGE ( 'NONE', *, *, #5445, .F. ) ;
#3081 = AXIS2_PLACEMENT_3D ( 'NONE', #6543, #3758, #7933 ) ;
#3082 = EDGE_CURVE ( 'NONE', #4175, #4812, #356, .T. ) ;
#3083 = UNCERTAINTY_MEASURE_WITH_UNIT (LENGTH_MEASURE( 1.000000000000000082E-05 ), #8226, 'distance_accuracy_value', 'NONE');
#3084 = VERTEX_POINT ( 'NONE', #2527 ) ;
#3085 = ORIENTED_EDGE ( 'NONE', *, *, #170, .T. ) ;
#3086 = LINE ( 'NONE', #5097, #8381 ) ;
#3087 = CARTESIAN_POINT ( 'NONE',  ( 1.751000000000000334, 1.000000000000000000, -1.399000000000000021 ) ) ;
#3088 = EDGE_CURVE ( 'NONE', #2752, #4175, #8112, .T. ) ;
#3089 = EDGE_LOOP ( 'NONE', ( #4722, #3524, #8342, #3784 ) ) ;
#3090 = DIRECTION ( 'NONE',  ( 1.000000000000000000, -0.000000000000000000, -0.000000000000000000 ) ) ;
#3091 = PRESENTATION_STYLE_ASSIGNMENT (( #5240 ) ) ;
#3092 =( LENGTH_UNIT ( ) NAMED_UNIT ( * ) SI_UNIT ( .MILLI., .METRE. ) );
#3093 = FILL_AREA_STYLE_COLOUR ( '', #4298 ) ;
#3094 = VERTEX_POINT ( 'NONE', #5620 ) ;
#3095 = EDGE_CURVE ( 'NONE', #6833, #2009, #4126, .T. ) ;
#3096 = DIRECTION ( 'NONE',  ( -1.000000000000000000, -0.000000000000000000, -0.000000000000000000 ) ) ;
#3097 = CARTESIAN_POINT ( 'NONE',  ( 0.9049999999999999156, 1.449999999999999956, -1.302973369332799836 ) ) ;
#3098 = DIRECTION ( 'NONE',  ( -0.9999885501087124595, -0.004785358029999063970, 0.000000000000000000 ) ) ;
#3099 = FILL_AREA_STYLE_COLOUR ( '', #5627 ) ;
#3100 = FILL_AREA_STYLE_COLOUR ( '', #6316 ) ;
#3101 = ORIENTED_EDGE ( 'NONE', *, *, #2271, .F. ) ;
#3102 = DIRECTION ( 'NONE',  ( 0.000000000000000000, 1.000000000000000000, 0.000000000000000000 ) ) ;
#3103 = AXIS2_PLACEMENT_3D ( 'NONE', #1106, #259, #3949 ) ;
#3104 = PLANE ( 'NONE',  #1993 ) ;
#3105 = FILL_AREA_STYLE ('',( #2551 ) ) ;
#3106 = ADVANCED_FACE ( 'NONE', ( #6354 ), #587, .T. ) ;
#3107 = DIRECTION ( 'NONE',  ( 0.000000000000000000, 0.000000000000000000, 1.000000000000000000 ) ) ;
#3108 = CARTESIAN_POINT ( 'NONE',  ( 1.629999999999999893, 0.9799999999999999822, -0.1000000000000000472 ) ) ;
#3109 = ORIENTED_EDGE ( 'NONE', *, *, #6921, .F. ) ;
#3110 = VECTOR ( 'NONE', #7719, 1000.000000000000000 ) ;
#3111 =( LENGTH_UNIT ( ) NAMED_UNIT ( * ) SI_UNIT ( .MILLI., .METRE. ) );
#3112 =( NAMED_UNIT ( * ) SI_UNIT ( $, .STERADIAN. ) SOLID_ANGLE_UNIT ( ) );
#3113 = DIRECTION ( 'NONE',  ( 0.000000000000000000, 0.000000000000000000, 1.000000000000000000 ) ) ;
#3114 = CARTESIAN_POINT ( 'NONE',  ( 1.600000000000000089, 1.550000000000000044, -1.101378079396600151 ) ) ;
#3115 = ORIENTED_EDGE ( 'NONE', *, *, #6600, .F. ) ;
#3116 = VECTOR ( 'NONE', #2567, 1000.000000000000000 ) ;
#3117 = LINE ( 'NONE', #5223, #8846 ) ;
#3118 = ORIENTED_EDGE ( 'NONE', *, *, #3189, .F. ) ;
#3119 =( NAMED_UNIT ( * ) PLANE_ANGLE_UNIT ( ) SI_UNIT ( $, .RADIAN. ) );
#3120 = ORIENTED_EDGE ( 'NONE', *, *, #6334, .T. ) ;
#3121 = VECTOR ( 'NONE', #7493, 1000.000000000000000 ) ;
#3122 = AXIS2_PLACEMENT_3D ( 'NONE', #1756, #6591, #1625 ) ;
#3123 = DIRECTION ( 'NONE',  ( 1.000000000000000000, 0.000000000000000000, 0.000000000000000000 ) ) ;
#3124 = FILL_AREA_STYLE_COLOUR ( '', #5177 ) ;
#3125 = ORIENTED_EDGE ( 'NONE', *, *, #8488, .F. ) ;
#3126 =( NAMED_UNIT ( * ) SI_UNIT ( $, .STERADIAN. ) SOLID_ANGLE_UNIT ( ) );
#3127 = PRESENTATION_LAYER_ASSIGNMENT (  '', '', ( #2832 ) ) ;
#3128 = LINE ( 'NONE', #3725, #7953 ) ;
#3129 = CARTESIAN_POINT ( 'NONE',  ( 1.610000000000000098, 0.5199999999999999067, 0.000000000000000000 ) ) ;
#3130 = CARTESIAN_POINT ( 'NONE',  ( 1.594948974278317833, -1.449999999999999956, -0.9513780793966000182 ) ) ;
#3131 = LINE ( 'NONE', #309, #3053 ) ;
#3132 = ORIENTED_EDGE ( 'NONE', *, *, #7437, .T. ) ;
#3133 = DIRECTION ( 'NONE',  ( 0.000000000000000000, -0.000000000000000000, -1.000000000000000000 ) ) ;
#3134 = CARTESIAN_POINT ( 'NONE',  ( 1.350000000000000089, 1.550000000000000044, -0.9513780793966000182 ) ) ;
#3135 = SURFACE_SIDE_STYLE ('',( #232 ) ) ;
#3136 = DIRECTION ( 'NONE',  ( -1.000000000000000000, 0.000000000000000000, 0.000000000000000000 ) ) ;
#3137 = ADVANCED_FACE ( 'NONE', ( #2841 ), #2199, .F. ) ;
#3138 = VERTEX_POINT ( 'NONE', #6982 ) ;
#3139 = EDGE_CURVE ( 'NONE', #5412, #5371, #6934, .T. ) ;
#3140 = LINE ( 'NONE', #3834, #4238 ) ;
#3141 = DIRECTION ( 'NONE',  ( 1.000000000000000000, 0.000000000000000000, 0.000000000000000000 ) ) ;
#3142 = DIRECTION ( 'NONE',  ( 0.000000000000000000, 0.000000000000000000, 1.000000000000000000 ) ) ;
#3143 = EDGE_CURVE ( 'NONE', #2477, #5180, #1178, .T. ) ;
#3144 = CARTESIAN_POINT ( 'NONE',  ( 0.9049999999999999156, -1.450000000000000400, -0.9000000000000000222 ) ) ;
#3145 = CARTESIAN_POINT ( 'NONE',  ( -1.729999999999999982, 0.5199999999999999067, -0.1000000000000000472 ) ) ;
#3146 = MECHANICAL_DESIGN_GEOMETRIC_PRESENTATION_REPRESENTATION (  '', ( #1960 ), #7269 ) ;
#3147 = ORIENTED_EDGE ( 'NONE', *, *, #1128, .F. ) ;
#3148 = LINE ( 'NONE', #1051, #1728 ) ;
#3149 = CARTESIAN_POINT ( 'NONE',  ( -1.310482457456000116, 1.355048931855999950, 0.000000000000000000 ) ) ;
#3150 =( GEOMETRIC_REPRESENTATION_CONTEXT ( 3 ) GLOBAL_UNCERTAINTY_ASSIGNED_CONTEXT ( ( #522 ) ) GLOBAL_UNIT_ASSIGNED_CONTEXT ( ( #1157, #4597, #8236 ) ) REPRESENTATION_CONTEXT ( 'NONE', 'WORKASPACE' ) );
#3151 = CARTESIAN_POINT ( 'NONE',  ( -0.8050000000000000488, 1.550000000000000044, -0.7267949192431123473 ) ) ;
#3152 = VECTOR ( 'NONE', #6388, 1000.000000000000000 ) ;
#3153 = ORIENTED_EDGE ( 'NONE', *, *, #2507, .F. ) ;
#3154 = ADVANCED_FACE ( 'NONE', ( #4221 ), #5491, .F. ) ;
#3155 = AXIS2_PLACEMENT_3D ( 'NONE', #2083, #8273, #3382 ) ;
#3156 = CARTESIAN_POINT ( 'NONE',  ( -1.750000000000000000, -1.327698927806999940, -1.300754277287799798 ) ) ;
#3157 =( GEOMETRIC_REPRESENTATION_CONTEXT ( 3 ) GLOBAL_UNCERTAINTY_ASSIGNED_CONTEXT ( ( #7582 ) ) GLOBAL_UNIT_ASSIGNED_CONTEXT ( ( #3289, #6199, #4807 ) ) REPRESENTATION_CONTEXT ( 'NONE', 'WORKASPACE' ) );
#3158 = ORIENTED_EDGE ( 'NONE', *, *, #430, .T. ) ;
#3159 =( GEOMETRIC_REPRESENTATION_CONTEXT ( 3 ) GLOBAL_UNCERTAINTY_ASSIGNED_CONTEXT ( ( #6567 ) ) GLOBAL_UNIT_ASSIGNED_CONTEXT ( ( #5054, #2114, #5682 ) ) REPRESENTATION_CONTEXT ( 'NONE', 'WORKASPACE' ) );
#3160 = DIRECTION ( 'NONE',  ( 0.000000000000000000, 0.000000000000000000, 1.000000000000000000 ) ) ;
#3161 = FILL_AREA_STYLE ('',( #6125 ) ) ;
#3162 = VERTEX_POINT ( 'NONE', #3321 ) ;
#3163 = SURFACE_SIDE_STYLE ('',( #4635 ) ) ;
#3164 = CARTESIAN_POINT ( 'NONE',  ( -1.399999999999999911, -1.399999999999999911, 0.000000000000000000 ) ) ;
#3165 = VECTOR ( 'NONE', #5730, 1000.000000000000000 ) ;
#3166 = AXIS2_PLACEMENT_3D ( 'NONE', #4838, #9094, #8202 ) ;
#3167 = VECTOR ( 'NONE', #5764, 1000.000000000000000 ) ;
#3168 = DIRECTION ( 'NONE',  ( 1.000000000000000000, 0.000000000000000000, 0.000000000000000000 ) ) ;
#3169 = UNCERTAINTY_MEASURE_WITH_UNIT (LENGTH_MEASURE( 1.000000000000000082E-05 ), #4949, 'distance_accuracy_value', 'NONE');
#3170 = ORIENTED_EDGE ( 'NONE', *, *, #2113, .T. ) ;
#3171 = FILL_AREA_STYLE ('',( #6654 ) ) ;
#3172 = DIRECTION ( 'NONE',  ( 0.000000000000000000, 1.000000000000000000, 0.000000000000000000 ) ) ;
#3173 = ORIENTED_EDGE ( 'NONE', *, *, #8608, .T. ) ;
#3174 = COLOUR_RGB ( '',0.4117647058823529216, 0.4117647058823529216, 0.4117647058823529216 ) ;
#3175 =( NAMED_UNIT ( * ) PLANE_ANGLE_UNIT ( ) SI_UNIT ( $, .RADIAN. ) );
#3176 = STYLED_ITEM ( 'NONE', ( #529 ), #8779 ) ;
#3177 = CYLINDRICAL_SURFACE ( 'NONE', #4067, 0.2000000000000000111 ) ;
#3178 = VERTEX_POINT ( 'NONE', #2585 ) ;
#3179 =( NAMED_UNIT ( * ) PLANE_ANGLE_UNIT ( ) SI_UNIT ( $, .RADIAN. ) );
#3180 = FILL_AREA_STYLE ('',( #6661 ) ) ;
#3181 = STYLED_ITEM ( 'NONE', ( #1316 ), #61 ) ;
#3182 = SURFACE_SIDE_STYLE ('',( #8013 ) ) ;
#3183 =( GEOMETRIC_REPRESENTATION_CONTEXT ( 3 ) GLOBAL_UNCERTAINTY_ASSIGNED_CONTEXT ( ( #2441 ) ) GLOBAL_UNIT_ASSIGNED_CONTEXT ( ( #6395, #5658, #4856 ) ) REPRESENTATION_CONTEXT ( 'NONE', 'WORKASPACE' ) );
#3184 = VERTEX_POINT ( 'NONE', #7550 ) ;
#3185 = STYLED_ITEM ( 'NONE', ( #5838 ), #8269 ) ;
#3186 = CARTESIAN_POINT ( 'NONE',  ( 0.6200000000000014388, 0.4540675543254999447, -1.320000000000000062 ) ) ;
#3187 = LINE ( 'NONE', #236, #8212 ) ;
#3188 = CARTESIAN_POINT ( 'NONE',  ( 1.004999999999999893, 1.335834036457999918, -0.9513780793966000182 ) ) ;
#3189 = EDGE_CURVE ( 'NONE', #5295, #5687, #505, .T. ) ;
#3190 = AXIS2_PLACEMENT_3D ( 'NONE', #1865, #6174, #7629 ) ;
#3191 = FACE_OUTER_BOUND ( 'NONE', #6915, .T. ) ;
#3192 = ADVANCED_FACE ( 'NONE', ( #2626 ), #2540, .T. ) ;
#3193 = ORIENTED_EDGE ( 'NONE', *, *, #556, .F. ) ;
#3194 = EDGE_CURVE ( 'NONE', #2433, #1485, #1637, .T. ) ;
#3195 = CARTESIAN_POINT ( 'NONE',  ( -1.350000000000000089, -1.550000000000000044, -0.9513780793966000182 ) ) ;
#3196 = DIRECTION ( 'NONE',  ( 0.000000000000000000, 0.000000000000000000, 1.000000000000000000 ) ) ;
#3197 = PRESENTATION_STYLE_ASSIGNMENT (( #5384 ) ) ;
#3198 = CARTESIAN_POINT ( 'NONE',  ( 1.750000000000000000, -1.550000000000000044, -0.9513780793966000182 ) ) ;
#3199 = STYLED_ITEM ( 'NONE', ( #8006 ), #1190 ) ;
#3200 = CIRCLE ( 'NONE', #643, 0.1999999999999999833 ) ;
#3201 = CARTESIAN_POINT ( 'NONE',  ( -0.7049999999999999600, 1.550000000000000044, -0.6999999999999999556 ) ) ;
#3202 = FACE_OUTER_BOUND ( 'NONE', #3263, .T. ) ;
#3203 = ORIENTED_EDGE ( 'NONE', *, *, #8115, .T. ) ;
#3204 = PRODUCT ( 'Cover^SWT0115-020025SSA_rev0.4', 'Cover^SWT0115-020025SSA_rev0.4', '', ( #8839 ) ) ;
#3205 = AXIS2_PLACEMENT_3D ( 'NONE', #8867, #5289, #6057 ) ;
#3206 =( NAMED_UNIT ( * ) SI_UNIT ( $, .STERADIAN. ) SOLID_ANGLE_UNIT ( ) );
#3207 = VECTOR ( 'NONE', #607, 1000.000000000000000 ) ;
#3208 =( NAMED_UNIT ( * ) PLANE_ANGLE_UNIT ( ) SI_UNIT ( $, .RADIAN. ) );
#3209 = ORIENTED_EDGE ( 'NONE', *, *, #6781, .F. ) ;
#3210 =( NAMED_UNIT ( * ) SI_UNIT ( $, .STERADIAN. ) SOLID_ANGLE_UNIT ( ) );
#3211 = DIRECTION ( 'NONE',  ( 1.000000000000000000, 0.000000000000000000, 0.000000000000000000 ) ) ;
#3212 = LINE ( 'NONE', #8228, #2655 ) ;
#3213 = ORIENTED_EDGE ( 'NONE', *, *, #2026, .T. ) ;
#3214 =( NAMED_UNIT ( * ) SI_UNIT ( $, .STERADIAN. ) SOLID_ANGLE_UNIT ( ) );
#3215 = ADVANCED_FACE ( 'NONE', ( #6895 ), #4750, .T. ) ;
#3216 = PRESENTATION_LAYER_ASSIGNMENT (  '', '', ( #4538 ) ) ;
#3217 = ORIENTED_EDGE ( 'NONE', *, *, #4845, .F. ) ;
#3218 = DIRECTION ( 'NONE',  ( -1.000000000000000000, 0.000000000000000000, 0.000000000000000000 ) ) ;
#3219 = CARTESIAN_POINT ( 'NONE',  ( -1.750000000000000000, 1.550000000000000044, -0.9513780793966000182 ) ) ;
#3220 = EDGE_CURVE ( 'NONE', #1294, #6587, #4697, .T. ) ;
#3221 = AXIS2_PLACEMENT_3D ( 'NONE', #2883, #8601, #6444 ) ;
#3222 = CARTESIAN_POINT ( 'NONE',  ( 1.500000000000000222, -0.2459324456744985954, -1.320000000000000062 ) ) ;
#3223 = VERTEX_POINT ( 'NONE', #3273 ) ;
#3224 = EDGE_CURVE ( 'NONE', #1542, #886, #1499, .T. ) ;
#3225 = PRESENTATION_STYLE_ASSIGNMENT (( #984 ) ) ;
#3226 = CYLINDRICAL_SURFACE ( 'NONE', #6228, 0.1999999999999999833 ) ;
#3227 = ORIENTED_EDGE ( 'NONE', *, *, #8837, .F. ) ;
#3228 = PRESENTATION_STYLE_ASSIGNMENT (( #8197 ) ) ;
#3229 = SURFACE_STYLE_USAGE ( .BOTH. , #3972 ) ;
#3230 = DIRECTION ( 'NONE',  ( -1.000000000000000000, 0.000000000000000000, 0.000000000000000000 ) ) ;
#3231 = AXIS2_PLACEMENT_3D ( 'NONE', #4325, #2998, #5769 ) ;
#3232 = FILL_AREA_STYLE_COLOUR ( '', #8012 ) ;
#3233 = SURFACE_SIDE_STYLE ('',( #6103 ) ) ;
#3234 = ORIENTED_EDGE ( 'NONE', *, *, #5281, .T. ) ;
#3235 = VECTOR ( 'NONE', #3368, 1000.000000000000000 ) ;
#3236 = DIRECTION ( 'NONE',  ( -1.000000000000000000, 0.000000000000000000, 0.000000000000000000 ) ) ;
#3237 = FILL_AREA_STYLE_COLOUR ( '', #217 ) ;
#3238 = DIRECTION ( 'NONE',  ( 0.000000000000000000, 0.000000000000000000, 1.000000000000000000 ) ) ;
#3239 = FILL_AREA_STYLE ('',( #1990 ) ) ;
#3240 = AXIS2_PLACEMENT_3D ( 'NONE', #5203, #2361, #3098 ) ;
#3241 = ORIENTED_EDGE ( 'NONE', *, *, #7008, .F. ) ;
#3242 = PRESENTATION_STYLE_ASSIGNMENT (( #5430 ) ) ;
#3243 = ADVANCED_FACE ( 'NONE', ( #4072 ), #6990, .F. ) ;
#3244 = ORIENTED_EDGE ( 'NONE', *, *, #380, .T. ) ;
#3245 = SURFACE_STYLE_USAGE ( .BOTH. , #8926 ) ;
#3246 = VECTOR ( 'NONE', #6069, 1000.000000000000000 ) ;
#3247 = EDGE_LOOP ( 'NONE', ( #6366, #1066, #187, #9029 ) ) ;
#3248 = AXIS2_PLACEMENT_3D ( 'NONE', #6357, #5673, #8521 ) ;
#3249 = DIRECTION ( 'NONE',  ( 1.000000000000000000, 0.000000000000000000, 0.000000000000000000 ) ) ;
#3250 = COLOUR_RGB ( '',0.4117647058823529216, 0.4117647058823529216, 0.4117647058823529216 ) ;
#3251 = DIRECTION ( 'NONE',  ( -0.000000000000000000, -1.000000000000000000, -0.000000000000000000 ) ) ;
#3252 = ORIENTED_EDGE ( 'NONE', *, *, #2217, .T. ) ;
#3253 = STYLED_ITEM ( 'NONE', ( #3801 ), #683 ) ;
#3254 = EDGE_CURVE ( 'NONE', #2941, #7628, #2981, .T. ) ;
#3255 = VECTOR ( 'NONE', #3658, 1000.000000000000000 ) ;
#3256 = LINE ( 'NONE', #1200, #8002 ) ;
#3257 = LINE ( 'NONE', #5308, #3399 ) ;
#3258 = ORIENTED_EDGE ( 'NONE', *, *, #7968, .F. ) ;
#3259 = DIRECTION ( 'NONE',  ( 0.000000000000000000, 1.000000000000000000, 0.000000000000000000 ) ) ;
#3260 = VERTEX_POINT ( 'NONE', #4323 ) ;
#3261 =( GEOMETRIC_REPRESENTATION_CONTEXT ( 3 ) GLOBAL_UNCERTAINTY_ASSIGNED_CONTEXT ( ( #8413 ) ) GLOBAL_UNIT_ASSIGNED_CONTEXT ( ( #4099, #6801, #5459 ) ) REPRESENTATION_CONTEXT ( 'NONE', 'WORKASPACE' ) );
#3262 = CARTESIAN_POINT ( 'NONE',  ( -0.9050000000000001377, 1.449999999999999956, -0.9000000000000000222 ) ) ;
#3263 = EDGE_LOOP ( 'NONE', ( #9144, #6402, #8499, #4663 ) ) ;
#3264 = MECHANICAL_DESIGN_GEOMETRIC_PRESENTATION_REPRESENTATION (  '', ( #2533 ), #3414 ) ;
#3265 = CIRCLE ( 'NONE', #6317, 0.2000000000000000944 ) ;
#3266 = CARTESIAN_POINT ( 'NONE',  ( 1.750000000000000000, -0.5000000000000000000, -1.300000000000000044 ) ) ;
#3267 = MECHANICAL_DESIGN_GEOMETRIC_PRESENTATION_REPRESENTATION (  '', ( #8857 ), #3538 ) ;
#3268 = FILL_AREA_STYLE_COLOUR ( '', #780 ) ;
#3269 = CARTESIAN_POINT ( 'NONE',  ( 2.079999999999999627, -0.5000000000000000000, -1.399000000000000021 ) ) ;
#3270 = UNCERTAINTY_MEASURE_WITH_UNIT (LENGTH_MEASURE( 1.000000000000000082E-05 ), #5952, 'distance_accuracy_value', 'NONE');
#3271 = AXIS2_PLACEMENT_3D ( 'NONE', #6605, #5094, #8571 ) ;
#3272 = ORIENTED_EDGE ( 'NONE', *, *, #2413, .F. ) ;
#3273 = CARTESIAN_POINT ( 'NONE',  ( -1.350000000000000089, 1.449999999999999956, -0.9513780793966000182 ) ) ;
#3274 = VECTOR ( 'NONE', #4484, 1000.000000000000000 ) ;
#3275 = STYLED_ITEM ( 'NONE', ( #3866 ), #5501 ) ;
#3276 = EDGE_CURVE ( 'NONE', #8599, #4998, #4884, .T. ) ;
#3277 =( LENGTH_UNIT ( ) NAMED_UNIT ( * ) SI_UNIT ( .MILLI., .METRE. ) );
#3278 = CARTESIAN_POINT ( 'NONE',  ( 1.600000000000000089, 1.550000000000000044, -1.101378079396600151 ) ) ;
#3279 = DIRECTION ( 'NONE',  ( 1.204669080539449344E-16, 1.000000000000000000, -0.000000000000000000 ) ) ;
#3280 = CARTESIAN_POINT ( 'NONE',  ( -1.399999999999999911, 1.300000000000000044, -0.1000000000000000472 ) ) ;
#3281 = ORIENTED_EDGE ( 'NONE', *, *, #3411, .T. ) ;
#3282 = APPLICATION_CONTEXT ( 'automotive_design' ) ;
#3283 = SURFACE_STYLE_USAGE ( .BOTH. , #5246 ) ;
#3284 = CARTESIAN_POINT ( 'NONE',  ( 1.454978131833564836, -1.550000000000000266, -1.008520936539456958 ) ) ;
#3285 = ORIENTED_EDGE ( 'NONE', *, *, #808, .T. ) ;
#3286 = FILL_AREA_STYLE_COLOUR ( '', #1767 ) ;
#3287 = PRESENTATION_STYLE_ASSIGNMENT (( #6767 ) ) ;
#3288 =( LENGTH_UNIT ( ) NAMED_UNIT ( * ) SI_UNIT ( .MILLI., .METRE. ) );
#3289 =( LENGTH_UNIT ( ) NAMED_UNIT ( * ) SI_UNIT ( .MILLI., .METRE. ) );
#3290 = STYLED_ITEM ( 'NONE', ( #7679 ), #4027 ) ;
#3291 = VERTEX_POINT ( 'NONE', #7809 ) ;
#3292 = PRESENTATION_STYLE_ASSIGNMENT (( #8271 ) ) ;
#3293 = EDGE_LOOP ( 'NONE', ( #8474, #5942, #6134, #1593 ) ) ;
#3294 = PRESENTATION_STYLE_ASSIGNMENT (( #5338 ) ) ;
#3295 = LINE ( 'NONE', #8363, #857 ) ;
#3296 = ORIENTED_EDGE ( 'NONE', *, *, #9027, .F. ) ;
#3297 = VECTOR ( 'NONE', #348, 1000.000000000000000 ) ;
#3298 = PLANE ( 'NONE',  #6912 ) ;
#3299 = ORIENTED_EDGE ( 'NONE', *, *, #5866, .F. ) ;
#3300 = EDGE_CURVE ( 'NONE', #1457, #7984, #5585, .T. ) ;
#3301 = FACE_OUTER_BOUND ( 'NONE', #1468, .T. ) ;
#3302 = LINE ( 'NONE', #6881, #7115 ) ;
#3303 = ITEM_DEFINED_TRANSFORMATION ( 'NONE', 'NONE', #4947,  #1253 ) ;
#3304 = EDGE_CURVE ( 'NONE', #4998, #3162, #8343, .T. ) ;
#3305 = ORIENTED_EDGE ( 'NONE', *, *, #6248, .F. ) ;
#3306 = STYLED_ITEM ( 'NONE', ( #5912 ), #946 ) ;
#3307 = CARTESIAN_POINT ( 'NONE',  ( -1.300000000000000266, 1.449999999999999956, -0.1000000000000000472 ) ) ;
#3308 = ORIENTED_EDGE ( 'NONE', *, *, #4821, .T. ) ;
#3309 = ADVANCED_FACE ( 'NONE', ( #5544 ), #9092, .F. ) ;
#3310 = LINE ( 'NONE', #3354, #4670 ) ;
#3311 = DIRECTION ( 'NONE',  ( 1.000000000000000000, 0.000000000000000000, 0.000000000000000000 ) ) ;
#3312 = ORIENTED_EDGE ( 'NONE', *, *, #3693, .T. ) ;
#3313 = PRESENTATION_LAYER_ASSIGNMENT (  '', '', ( #6068 ) ) ;
#3314 = VECTOR ( 'NONE', #6570, 1000.000000000000000 ) ;
#3315 = CIRCLE ( 'NONE', #3166, 0.1999999999999999833 ) ;
#3316 = FILL_AREA_STYLE_COLOUR ( '', #564 ) ;
#3317 = VECTOR ( 'NONE', #1916, 1000.000000000000000 ) ;
#3318 = DIRECTION ( 'NONE',  ( 0.000000000000000000, 0.000000000000000000, 1.000000000000000000 ) ) ;
#3319 = CARTESIAN_POINT ( 'NONE',  ( 1.600000000000000089, -1.550000000000000044, -1.101378079396600151 ) ) ;
#3320 = VERTEX_POINT ( 'NONE', #9125 ) ;
#3321 = CARTESIAN_POINT ( 'NONE',  ( 1.454978131833564836, -1.449999999999999956, -1.008520936539456958 ) ) ;
#3322 = VECTOR ( 'NONE', #1871, 1000.000000000000000 ) ;
#3323 = PRESENTATION_STYLE_ASSIGNMENT (( #1311 ) ) ;
#3324 = DIRECTION ( 'NONE',  ( 0.4166666666666983820, 0.9090593428862949743, 0.000000000000000000 ) ) ;
#3325 = SURFACE_SIDE_STYLE ('',( #4883 ) ) ;
#3326 = PRESENTATION_LAYER_ASSIGNMENT (  '', '', ( #6535 ) ) ;
#3327 = DIRECTION ( 'NONE',  ( 0.000000000000000000, 0.000000000000000000, -1.000000000000000000 ) ) ;
#3328 =( NAMED_UNIT ( * ) PLANE_ANGLE_UNIT ( ) SI_UNIT ( $, .RADIAN. ) );
#3329 = ADVANCED_FACE ( 'NONE', ( #7865 ), #2443, .T. ) ;
#3330 = SURFACE_STYLE_FILL_AREA ( #2427 ) ;
#3331 = ORIENTED_EDGE ( 'NONE', *, *, #6596, .F. ) ;
#3332 = STYLED_ITEM ( 'NONE', ( #3728 ), #59 ) ;
#3333 =( NAMED_UNIT ( * ) SI_UNIT ( $, .STERADIAN. ) SOLID_ANGLE_UNIT ( ) );
#3334 =( LENGTH_UNIT ( ) NAMED_UNIT ( * ) SI_UNIT ( .MILLI., .METRE. ) );
#3335 = FILL_AREA_STYLE_COLOUR ( '', #7553 ) ;
#3336 = CARTESIAN_POINT ( 'NONE',  ( 0.8049999999999998268, 1.550000000000000044, -1.399999999999999911 ) ) ;
#3337 =( GEOMETRIC_REPRESENTATION_CONTEXT ( 3 ) GLOBAL_UNCERTAINTY_ASSIGNED_CONTEXT ( ( #352 ) ) GLOBAL_UNIT_ASSIGNED_CONTEXT ( ( #4005, #8376, #5493 ) ) REPRESENTATION_CONTEXT ( 'NONE', 'WORKASPACE' ) );
#3338 = ORIENTED_EDGE ( 'NONE', *, *, #4454, .T. ) ;
#3339 = CARTESIAN_POINT ( 'NONE',  ( 1.300000000000000266, -1.550000000000000044, -0.1999999999999999833 ) ) ;
#3340 = ORIENTED_EDGE ( 'NONE', *, *, #6196, .T. ) ;
#3341 = ORIENTED_EDGE ( 'NONE', *, *, #2859, .F. ) ;
#3342 = PRESENTATION_STYLE_ASSIGNMENT (( #2606 ) ) ;
#3343 = LINE ( 'NONE', #1292, #6703 ) ;
#3344 = DIRECTION ( 'NONE',  ( -1.000000000000000000, 0.000000000000000000, 0.000000000000000000 ) ) ;
#3345 = ORIENTED_EDGE ( 'NONE', *, *, #713, .F. ) ;
#3346 = CARTESIAN_POINT ( 'NONE',  ( 0.9049999999999999156, 2.500000000000000000, -0.6999999999999999556 ) ) ;
#3347 = UNCERTAINTY_MEASURE_WITH_UNIT (LENGTH_MEASURE( 1.000000000000000082E-05 ), #3795, 'distance_accuracy_value', 'NONE');
#3348 = PLANE ( 'NONE',  #879 ) ;
#3349 =( GEOMETRIC_REPRESENTATION_CONTEXT ( 3 ) GLOBAL_UNCERTAINTY_ASSIGNED_CONTEXT ( ( #620 ) ) GLOBAL_UNIT_ASSIGNED_CONTEXT ( ( #89, #7681, #1356 ) ) REPRESENTATION_CONTEXT ( 'NONE', 'WORKASPACE' ) );
#3350 = VECTOR ( 'NONE', #1705, 1000.000000000000000 ) ;
#3351 = VERTEX_POINT ( 'NONE', #6511 ) ;
#3352 = CARTESIAN_POINT ( 'NONE',  ( 0.8749999999999998890, 0.000000000000000000, -0.1000000000000000472 ) ) ;
#3353 = ORIENTED_EDGE ( 'NONE', *, *, #3031, .F. ) ;
#3354 = CARTESIAN_POINT ( 'NONE',  ( 1.750000000000000000, 1.335834036457999918, -1.300754277287799798 ) ) ;
#3355 = AXIS2_PLACEMENT_3D ( 'NONE', #7785, #3608, #107 ) ;
#3356 = EDGE_CURVE ( 'NONE', #6775, #7905, #2396, .T. ) ;
#3357 = EDGE_LOOP ( 'NONE', ( #1690, #7118, #7846, #1118 ) ) ;
#3358 =( GEOMETRIC_REPRESENTATION_CONTEXT ( 3 ) GLOBAL_UNCERTAINTY_ASSIGNED_CONTEXT ( ( #8623 ) ) GLOBAL_UNIT_ASSIGNED_CONTEXT ( ( #4376, #2907, #8326 ) ) REPRESENTATION_CONTEXT ( 'NONE', 'WORKASPACE' ) );
#3359 = CARTESIAN_POINT ( 'NONE',  ( -1.104999999999999982, -1.449999999999999956, -1.302973369332799836 ) ) ;
#3360 = CARTESIAN_POINT ( 'NONE',  ( 1.750000000000000000, 1.550000000000000044, -0.9513780793966000182 ) ) ;
#3361 = UNCERTAINTY_MEASURE_WITH_UNIT (LENGTH_MEASURE( 1.000000000000000082E-05 ), #4695, 'distance_accuracy_value', 'NONE');
#3362 = ORIENTED_EDGE ( 'NONE', *, *, #8057, .T. ) ;
#3363 = VECTOR ( 'NONE', #3794, 1000.000000000000000 ) ;
#3364 = COLOUR_RGB ( '',0.4117647058823529216, 0.4117647058823529216, 0.4117647058823529216 ) ;
#3365 = EDGE_CURVE ( 'NONE', #4634, #2701, #5189, .T. ) ;
#3366 = DIRECTION ( 'NONE',  ( -0.000000000000000000, -0.000000000000000000, -1.000000000000000000 ) ) ;
#3367 = EDGE_CURVE ( 'NONE', #405, #3320, #5457, .T. ) ;
#3368 = DIRECTION ( 'NONE',  ( 1.000000000000000000, 0.000000000000000000, 0.000000000000000000 ) ) ;
#3369 = FILL_AREA_STYLE ('',( #8157 ) ) ;
#3370 = PRESENTATION_STYLE_ASSIGNMENT (( #5417 ) ) ;
#3371 = AXIS2_PLACEMENT_3D ( 'NONE', #5334, #9055, #3424 ) ;
#3372 = CARTESIAN_POINT ( 'NONE',  ( -1.350000000000000089, 1.550000000000000044, -0.9013780793965999738 ) ) ;
#3373 =( LENGTH_UNIT ( ) NAMED_UNIT ( * ) SI_UNIT ( .MILLI., .METRE. ) );
#3374 = DIRECTION ( 'NONE',  ( 0.000000000000000000, 0.000000000000000000, 1.000000000000000000 ) ) ;
#3375 = ADVANCED_FACE ( 'NONE', ( #6561 ), #5044, .T. ) ;
#3376 = ORIENTED_EDGE ( 'NONE', *, *, #5507, .T. ) ;
#3377 = DIRECTION ( 'NONE',  ( 1.000000000000000000, 0.000000000000000000, 0.000000000000000000 ) ) ;
#3378 = SURFACE_SIDE_STYLE ('',( #1988 ) ) ;
#3379 = VERTEX_POINT ( 'NONE', #3724 ) ;
#3380 = FILL_AREA_STYLE ('',( #8874 ) ) ;
#3381 = ORIENTED_EDGE ( 'NONE', *, *, #1511, .F. ) ;
#3382 = DIRECTION ( 'NONE',  ( 0.000000000000000000, 0.000000000000000000, 1.000000000000000000 ) ) ;
#3383 = ORIENTED_EDGE ( 'NONE', *, *, #3036, .T. ) ;
#3384 = EDGE_CURVE ( 'NONE', #5236, #1757, #3041, .T. ) ;
#3385 = DIRECTION ( 'NONE',  ( -1.000000000000000000, 0.000000000000000000, 0.000000000000000000 ) ) ;
#3386 =( NAMED_UNIT ( * ) SI_UNIT ( $, .STERADIAN. ) SOLID_ANGLE_UNIT ( ) );
#3387 = EDGE_LOOP ( 'NONE', ( #7238, #5752, #2296 ) ) ;
#3388 = LINE ( 'NONE', #4636, #747 ) ;
#3389 = STYLED_ITEM ( 'NONE', ( #2924 ), #614 ) ;
#3390 = CARTESIAN_POINT ( 'NONE',  ( 0.9049999999999999156, 2.500000000000000000, -1.102973369332799658 ) ) ;
#3391 = ORIENTED_EDGE ( 'NONE', *, *, #6491, .T. ) ;
#3392 = MECHANICAL_DESIGN_GEOMETRIC_PRESENTATION_REPRESENTATION (  '', ( #7369 ), #6460 ) ;
#3393 = DIRECTION ( 'NONE',  ( 0.000000000000000000, 0.000000000000000000, 1.000000000000000000 ) ) ;
#3394 = CARTESIAN_POINT ( 'NONE',  ( -1.610000000000000098, -0.7618257577072999887, -0.1000000000000000472 ) ) ;
#3395 = VERTEX_POINT ( 'NONE', #7949 ) ;
#3396 = VECTOR ( 'NONE', #8780, 1000.000000000000114 ) ;
#3397 = ORIENTED_EDGE ( 'NONE', *, *, #7685, .F. ) ;
#3398 = VECTOR ( 'NONE', #69, 1000.000000000000000 ) ;
#3399 = VECTOR ( 'NONE', #1811, 1000.000000000000000 ) ;
#3400 = MECHANICAL_DESIGN_GEOMETRIC_PRESENTATION_REPRESENTATION (  '', ( #8851 ), #8705 ) ;
#3401 = ORIENTED_EDGE ( 'NONE', *, *, #4493, .F. ) ;
#3402 = AXIS2_PLACEMENT_3D ( 'NONE', #1204, #8188, #4642 ) ;
#3403 = FILL_AREA_STYLE_COLOUR ( '', #296 ) ;
#3404 = CIRCLE ( 'NONE', #1474, 0.1500000000000000777 ) ;
#3405 = CARTESIAN_POINT ( 'NONE',  ( -1.629999999999999893, 1.180000000000000160, -0.1000000000000000472 ) ) ;
#3406 = PRESENTATION_LAYER_ASSIGNMENT (  '', '', ( #1030 ) ) ;
#3407 = LINE ( 'NONE', #4374, #7052 ) ;
#3408 = CARTESIAN_POINT ( 'NONE',  ( -1.300000000000000266, -1.399999999999999911, -0.006350832689599908258 ) ) ;
#3409 = LINE ( 'NONE', #8435, #5831 ) ;
#3410 = SURFACE_STYLE_FILL_AREA ( #7686 ) ;
#3411 = EDGE_CURVE ( 'NONE', #2336, #5574, #1642, .T. ) ;
#3412 = DIRECTION ( 'NONE',  ( 0.000000000000000000, 0.000000000000000000, -1.000000000000000000 ) ) ;
#3413 =( NAMED_UNIT ( * ) PLANE_ANGLE_UNIT ( ) SI_UNIT ( $, .RADIAN. ) );
#3414 =( GEOMETRIC_REPRESENTATION_CONTEXT ( 3 ) GLOBAL_UNCERTAINTY_ASSIGNED_CONTEXT ( ( #7134 ) ) GLOBAL_UNIT_ASSIGNED_CONTEXT ( ( #6012, #480, #7569 ) ) REPRESENTATION_CONTEXT ( 'NONE', 'WORKASPACE' ) );
#3415 = COLOUR_RGB ( '',1.000000000000000000, 1.000000000000000000, 1.000000000000000000 ) ;
#3416 = ADVANCED_FACE ( 'NONE', ( #5352 ), #6031, .F. ) ;
#3417 = ORIENTED_EDGE ( 'NONE', *, *, #2684, .F. ) ;
#3418 = VECTOR ( 'NONE', #1202, 1000.000000000000000 ) ;
#3419 = CARTESIAN_POINT ( 'NONE',  ( 0.6000000000000000888, -0.4459324456745000775, -1.320000000000000062 ) ) ;
#3420 = EDGE_CURVE ( 'NONE', #2565, #8174, #8583, .T. ) ;
#3421 = CARTESIAN_POINT ( 'NONE',  ( 1.729999999999999982, 0.4000000000000000222, 0.000000000000000000 ) ) ;
#3422 =( NAMED_UNIT ( * ) PLANE_ANGLE_UNIT ( ) SI_UNIT ( $, .RADIAN. ) );
#3423 = FILL_AREA_STYLE ('',( #4850 ) ) ;
#3424 = DIRECTION ( 'NONE',  ( 0.000000000000000000, 0.000000000000000000, -1.000000000000000000 ) ) ;
#3425 = ORIENTED_EDGE ( 'NONE', *, *, #4951, .T. ) ;
#3426 = SURFACE_STYLE_FILL_AREA ( #3380 ) ;
#3427 = ORIENTED_EDGE ( 'NONE', *, *, #5089, .F. ) ;
#3428 = DIRECTION ( 'NONE',  ( 1.000000000000000000, 0.000000000000000000, 0.000000000000000000 ) ) ;
#3429 = VERTEX_POINT ( 'NONE', #1072 ) ;
#3430 = CYLINDRICAL_SURFACE ( 'NONE', #2308, 0.1999999999999999833 ) ;
#3431 = CYLINDRICAL_SURFACE ( 'NONE', #7601, 0.1199999999999999956 ) ;
#3432 = SURFACE_STYLE_FILL_AREA ( #1383 ) ;
#3433 = ORIENTED_EDGE ( 'NONE', *, *, #6898, .F. ) ;
#3434 = FILL_AREA_STYLE_COLOUR ( '', #83 ) ;
#3435 = UNCERTAINTY_MEASURE_WITH_UNIT (LENGTH_MEASURE( 1.000000000000000082E-05 ), #3288, 'distance_accuracy_value', 'NONE');
#3436 = CARTESIAN_POINT ( 'NONE',  ( 1.729999999999999982, -0.7618257577072999887, -0.1000000000000000472 ) ) ;
#3437 = EDGE_CURVE ( 'NONE', #2842, #5114, #8843, .T. ) ;
#3438 = SURFACE_STYLE_FILL_AREA ( #8183 ) ;
#3439 = ORIENTED_EDGE ( 'NONE', *, *, #2204, .T. ) ;
#3440 =( NAMED_UNIT ( * ) SI_UNIT ( $, .STERADIAN. ) SOLID_ANGLE_UNIT ( ) );
#3441 = CIRCLE ( 'NONE', #7992, 0.1999999999999999833 ) ;
#3442 = SURFACE_STYLE_USAGE ( .BOTH. , #672 ) ;
#3443 = ORIENTED_EDGE ( 'NONE', *, *, #8673, .F. ) ;
#3444 = PRESENTATION_LAYER_ASSIGNMENT (  '', '', ( #8745 ) ) ;
#3445 = DIRECTION ( 'NONE',  ( 1.000000000000000000, 0.000000000000000000, 0.000000000000000000 ) ) ;
#3446 = EDGE_LOOP ( 'NONE', ( #5938, #4736, #1589, #2258 ) ) ;
#3447 = AXIS2_PLACEMENT_3D ( 'NONE', #4125, #6260, #6933 ) ;
#3448 = LINE ( 'NONE', #6223, #3458 ) ;
#3449 = AXIS2_PLACEMENT_3D ( 'NONE', #5157, #7155, #8678 ) ;
#3450 = LINE ( 'NONE', #2622, #5886 ) ;
#3451 = UNCERTAINTY_MEASURE_WITH_UNIT (LENGTH_MEASURE( 1.000000000000000082E-05 ), #8957, 'distance_accuracy_value', 'NONE');
#3452 = VERTEX_POINT ( 'NONE', #1815 ) ;
#3453 = LINE ( 'NONE', #2852, #8890 ) ;
#3454 = VECTOR ( 'NONE', #9018, 1000.000000000000000 ) ;
#3455 = CARTESIAN_POINT ( 'NONE',  ( -1.629999999999999893, -1.300000000000000044, 0.000000000000000000 ) ) ;
#3456 = STYLED_ITEM ( 'NONE', ( #3516 ), #8081 ) ;
#3457 = STYLED_ITEM ( 'NONE', ( #2638 ), #733 ) ;
#3458 = VECTOR ( 'NONE', #8292, 1000.000000000000000 ) ;
#3459 = CARTESIAN_POINT ( 'NONE',  ( -1.594948974278317833, -1.550000000000000044, -0.9513780793966000182 ) ) ;
#3460 = CARTESIAN_POINT ( 'NONE',  ( 0.7049999999999998490, 1.550000000000000044, -0.9000000000000000222 ) ) ;
#3461 = SURFACE_SIDE_STYLE ('',( #1177 ) ) ;
#3462 = DIRECTION ( 'NONE',  ( 0.000000000000000000, -1.000000000000000000, 0.000000000000000000 ) ) ;
#3463 = DIRECTION ( 'NONE',  ( 0.000000000000000000, 0.000000000000000000, -1.000000000000000000 ) ) ;
#3464 = COLOUR_RGB ( '',1.000000000000000000, 1.000000000000000000, 1.000000000000000000 ) ;
#3465 = ORIENTED_EDGE ( 'NONE', *, *, #6888, .F. ) ;
#3466 = EDGE_CURVE ( 'NONE', #845, #5521, #1116, .T. ) ;
#3467 =( NAMED_UNIT ( * ) PLANE_ANGLE_UNIT ( ) SI_UNIT ( $, .RADIAN. ) );
#3468 = AXIS2_PLACEMENT_3D ( 'NONE', #8630, #2857, #2950 ) ;
#3469 = PRESENTATION_LAYER_ASSIGNMENT (  '', '', ( #1835 ) ) ;
#3470 = EDGE_CURVE ( 'NONE', #563, #6611, #4598, .T. ) ;
#3471 =( NAMED_UNIT ( * ) SI_UNIT ( $, .STERADIAN. ) SOLID_ANGLE_UNIT ( ) );
#3472 = SURFACE_SIDE_STYLE ('',( #5693 ) ) ;
#3473 = ORIENTED_EDGE ( 'NONE', *, *, #2047, .T. ) ;
#3474 =( NAMED_UNIT ( * ) PLANE_ANGLE_UNIT ( ) SI_UNIT ( $, .RADIAN. ) );
#3475 = EDGE_CURVE ( 'NONE', #8229, #4544, #4641, .T. ) ;
#3476 = VECTOR ( 'NONE', #8036, 1000.000000000000000 ) ;
#3477 = CIRCLE ( 'NONE', #8637, 0.2000000000000000944 ) ;
#3478 = ORIENTED_EDGE ( 'NONE', *, *, #1628, .F. ) ;
#3479 = SURFACE_SIDE_STYLE ('',( #7571 ) ) ;
#3480 = PRESENTATION_STYLE_ASSIGNMENT (( #5523 ) ) ;
#3481 = DIRECTION ( 'NONE',  ( 0.000000000000000000, 0.000000000000000000, 1.000000000000000000 ) ) ;
#3482 =( NAMED_UNIT ( * ) SI_UNIT ( $, .STERADIAN. ) SOLID_ANGLE_UNIT ( ) );
#3483 = ORIENTED_EDGE ( 'NONE', *, *, #7013, .F. ) ;
#3484 = AXIS2_PLACEMENT_3D ( 'NONE', #5086, #2475, #2340 ) ;
#3485 = STYLED_ITEM ( 'NONE', ( #5724 ), #9091 ) ;
#3486 = SURFACE_SIDE_STYLE ('',( #619 ) ) ;
#3487 = SURFACE_SIDE_STYLE ('',( #3438 ) ) ;
#3488 = EDGE_CURVE ( 'NONE', #1421, #6775, #5743, .T. ) ;
#3489 = ORIENTED_EDGE ( 'NONE', *, *, #8264, .T. ) ;
#3490 = PRESENTATION_STYLE_ASSIGNMENT (( #1252 ) ) ;
#3491 = AXIS2_PLACEMENT_3D ( 'NONE', #663, #5608, #5660 ) ;
#3492 = EDGE_LOOP ( 'NONE', ( #7353, #8535, #3173, #1037 ) ) ;
#3493 = PRESENTATION_STYLE_ASSIGNMENT (( #1394 ) ) ;
#3494 = ORIENTED_EDGE ( 'NONE', *, *, #7860, .F. ) ;
#3495 = PRESENTATION_LAYER_ASSIGNMENT (  '', '', ( #2612 ) ) ;
#3496 =( GEOMETRIC_REPRESENTATION_CONTEXT ( 3 ) GLOBAL_UNCERTAINTY_ASSIGNED_CONTEXT ( ( #4832 ) ) GLOBAL_UNIT_ASSIGNED_CONTEXT ( ( #6387, #3422, #4156 ) ) REPRESENTATION_CONTEXT ( 'NONE', 'WORKASPACE' ) );
#3497 = CARTESIAN_POINT ( 'NONE',  ( -1.629999999999999893, 1.300000000000000044, 0.000000000000000000 ) ) ;
#3498 = EDGE_LOOP ( 'NONE', ( #3995, #2651, #7796, #5161, #5345, #1920, #4424, #147 ) ) ;
#3499 = ADVANCED_FACE ( 'NONE', ( #4780 ), #305, .T. ) ;
#3500 = SURFACE_STYLE_FILL_AREA ( #4880 ) ;
#3501 = EDGE_CURVE ( 'NONE', #7234, #8377, #7029, .T. ) ;
#3502 =( NAMED_UNIT ( * ) SI_UNIT ( $, .STERADIAN. ) SOLID_ANGLE_UNIT ( ) );
#3503 = FACE_OUTER_BOUND ( 'NONE', #431, .T. ) ;
#3504 = DIRECTION ( 'NONE',  ( -1.000000000000000000, 0.000000000000000000, 0.000000000000000000 ) ) ;
#3505 = LINE ( 'NONE', #4234, #8362 ) ;
#3506 =( LENGTH_UNIT ( ) NAMED_UNIT ( * ) SI_UNIT ( .MILLI., .METRE. ) );
#3507 = DIRECTION ( 'NONE',  ( 0.000000000000000000, -1.000000000000000000, 0.000000000000000000 ) ) ;
#3508 = CARTESIAN_POINT ( 'NONE',  ( 1.680000000000000160, 0.8709128788536000254, 0.000000000000000000 ) ) ;
#3509 = VECTOR ( 'NONE', #3007, 1000.000000000000000 ) ;
#3510 = CARTESIAN_POINT ( 'NONE',  ( -1.750000000000000000, -1.180000000000000160, -0.1000000000000000472 ) ) ;
#3511 = MECHANICAL_DESIGN_GEOMETRIC_PRESENTATION_REPRESENTATION (  '', ( #7475 ), #6420 ) ;
#3512 = VERTEX_POINT ( 'NONE', #4219 ) ;
#3513 = LINE ( 'NONE', #5688, #5209 ) ;
#3514 = DIRECTION ( 'NONE',  ( 0.000000000000000000, 0.000000000000000000, -1.000000000000000000 ) ) ;
#3515 =( NAMED_UNIT ( * ) SI_UNIT ( $, .STERADIAN. ) SOLID_ANGLE_UNIT ( ) );
#3516 = PRESENTATION_STYLE_ASSIGNMENT (( #4895 ) ) ;
#3517 = EDGE_LOOP ( 'NONE', ( #2461, #6603, #2254 ) ) ;
#3518 = ORIENTED_EDGE ( 'NONE', *, *, #2496, .F. ) ;
#3519 = FACE_OUTER_BOUND ( 'NONE', #281, .T. ) ;
#3520 = DIRECTION ( 'NONE',  ( 0.000000000000000000, -1.000000000000000000, 0.000000000000000000 ) ) ;
#3521 = ORIENTED_EDGE ( 'NONE', *, *, #1604, .T. ) ;
#3522 = ADVANCED_FACE ( 'NONE', ( #3525 ), #4264, .T. ) ;
#3523 = CARTESIAN_POINT ( 'NONE',  ( 1.800000000000000044, 0.5000000000000000000, -1.399999999999999911 ) ) ;
#3524 = ORIENTED_EDGE ( 'NONE', *, *, #4138, .F. ) ;
#3525 = FACE_OUTER_BOUND ( 'NONE', #103, .T. ) ;
#3526 = EDGE_CURVE ( 'NONE', #8489, #478, #2277, .T. ) ;
#3527 =( LENGTH_UNIT ( ) NAMED_UNIT ( * ) SI_UNIT ( .MILLI., .METRE. ) );
#3528 = ORIENTED_EDGE ( 'NONE', *, *, #6832, .T. ) ;
#3529 = VECTOR ( 'NONE', #4244, 1000.000000000000000 ) ;
#3530 = DIRECTION ( 'NONE',  ( -0.000000000000000000, -0.000000000000000000, -1.000000000000000000 ) ) ;
#3531 = VERTEX_POINT ( 'NONE', #2749 ) ;
#3532 = EDGE_CURVE ( 'NONE', #3452, #9119, #2424, .T. ) ;
#3533 = DIRECTION ( 'NONE',  ( -0.000000000000000000, -1.000000000000000000, -0.000000000000000000 ) ) ;
#3534 =( NAMED_UNIT ( * ) PLANE_ANGLE_UNIT ( ) SI_UNIT ( $, .RADIAN. ) );
#3535 = UNCERTAINTY_MEASURE_WITH_UNIT (LENGTH_MEASURE( 1.000000000000000082E-05 ), #2015, 'distance_accuracy_value', 'NONE');
#3536 = ORIENTED_EDGE ( 'NONE', *, *, #2186, .F. ) ;
#3537 = SURFACE_SIDE_STYLE ('',( #8430 ) ) ;
#3538 =( GEOMETRIC_REPRESENTATION_CONTEXT ( 3 ) GLOBAL_UNCERTAINTY_ASSIGNED_CONTEXT ( ( #6648 ) ) GLOBAL_UNIT_ASSIGNED_CONTEXT ( ( #7990, #3208, #3988 ) ) REPRESENTATION_CONTEXT ( 'NONE', 'WORKASPACE' ) );
#3539 = CARTESIAN_POINT ( 'NONE',  ( -0.2299999999999993161, -0.2459324456745002052, -1.369999999999999885 ) ) ;
#3540 = AXIS2_PLACEMENT_3D ( 'NONE', #4811, #7617, #4164 ) ;
#3541 = SURFACE_STYLE_USAGE ( .BOTH. , #8478 ) ;
#3542 = LINE ( 'NONE', #7917, #4561 ) ;
#3543 =( GEOMETRIC_REPRESENTATION_CONTEXT ( 3 ) GLOBAL_UNCERTAINTY_ASSIGNED_CONTEXT ( ( #3535 ) ) GLOBAL_UNIT_ASSIGNED_CONTEXT ( ( #2015, #2708, #4789 ) ) REPRESENTATION_CONTEXT ( 'NONE', 'WORKASPACE' ) );
#3544 = UNCERTAINTY_MEASURE_WITH_UNIT (LENGTH_MEASURE( 1.000000000000000082E-05 ), #2620, 'distance_accuracy_value', 'NONE');
#3545 = PRESENTATION_STYLE_ASSIGNMENT (( #8437 ) ) ;
#3546 =( GEOMETRIC_REPRESENTATION_CONTEXT ( 3 ) GLOBAL_UNCERTAINTY_ASSIGNED_CONTEXT ( ( #1954 ) ) GLOBAL_UNIT_ASSIGNED_CONTEXT ( ( #6606, #3871, #8004 ) ) REPRESENTATION_CONTEXT ( 'NONE', 'WORKASPACE' ) );
#3547 = EDGE_CURVE ( 'NONE', #8083, #1641, #3572, .T. ) ;
#3548 = VECTOR ( 'NONE', #5125, 1000.000000000000000 ) ;
#3549 = VERTEX_POINT ( 'NONE', #9116 ) ;
#3550 = MECHANICAL_DESIGN_GEOMETRIC_PRESENTATION_REPRESENTATION (  '', ( #2973 ), #8268 ) ;
#3551 = CARTESIAN_POINT ( 'NONE',  ( 0.8049999999999999378, -1.550000000000000044, -1.399999999999999911 ) ) ;
#3552 = SURFACE_STYLE_USAGE ( .BOTH. , #3057 ) ;
#3553 = DIRECTION ( 'NONE',  ( 0.000000000000000000, 0.000000000000000000, -1.000000000000000000 ) ) ;
#3554 = LINE ( 'NONE', #2075, #3207 ) ;
#3555 = AXIS2_PLACEMENT_3D ( 'NONE', #4582, #1056, #4496 ) ;
#3556 = DIRECTION ( 'NONE',  ( 0.000000000000000000, 0.000000000000000000, 1.000000000000000000 ) ) ;
#3557 = ORIENTED_EDGE ( 'NONE', *, *, #255, .T. ) ;
#3558 = LINE ( 'NONE', #2920, #2076 ) ;
#3559 = EDGE_LOOP ( 'NONE', ( #5395, #4346, #9049, #6064 ) ) ;
#3560 = PRESENTATION_STYLE_ASSIGNMENT (( #6916 ) ) ;
#3561 = ADVANCED_FACE ( 'NONE', ( #34, #5570 ), #4866, .F. ) ;
#3562 = DIRECTION ( 'NONE',  ( 0.000000000000000000, 0.000000000000000000, -1.000000000000000000 ) ) ;
#3563 = STYLED_ITEM ( 'NONE', ( #5814 ), #5388 ) ;
#3564 = DIRECTION ( 'NONE',  ( -1.000000000000000000, 0.000000000000000000, 0.000000000000000000 ) ) ;
#3565 =( NAMED_UNIT ( * ) SI_UNIT ( $, .STERADIAN. ) SOLID_ANGLE_UNIT ( ) );
#3566 = DIRECTION ( 'NONE',  ( -1.000000000000000000, 0.000000000000000000, 0.000000000000000000 ) ) ;
#3567 = VERTEX_POINT ( 'NONE', #2987 ) ;
#3568 =( REPRESENTATION_RELATIONSHIP ('NONE','NONE', #6311, #4093 ) REPRESENTATION_RELATIONSHIP_WITH_TRANSFORMATION ( #8981 )SHAPE_REPRESENTATION_RELATIONSHIP( ) );
#3569 = DIRECTION ( 'NONE',  ( 0.7071067811865440200, -0.000000000000000000, -0.7071067811865511255 ) ) ;
#3570 = DIRECTION ( 'NONE',  ( 0.000000000000000000, -1.000000000000000000, 0.000000000000000000 ) ) ;
#3571 = ORIENTED_EDGE ( 'NONE', *, *, #8087, .F. ) ;
#3572 = LINE ( 'NONE', #8372, #3894 ) ;
#3573 =( NAMED_UNIT ( * ) PLANE_ANGLE_UNIT ( ) SI_UNIT ( $, .RADIAN. ) );
#3574 = ORIENTED_EDGE ( 'NONE', *, *, #2807, .T. ) ;
#3575 = EDGE_CURVE ( 'NONE', #6252, #8681, #5050, .T. ) ;
#3576 = DIRECTION ( 'NONE',  ( -1.000000000000000000, 0.000000000000000000, 0.000000000000000000 ) ) ;
#3577 = VERTEX_POINT ( 'NONE', #5894 ) ;
#3578 = ADVANCED_FACE ( 'NONE', ( #8694 ), #3713, .F. ) ;
#3579 = CYLINDRICAL_SURFACE ( 'NONE', #7556, 0.1499999999999999667 ) ;
#3580 = CARTESIAN_POINT ( 'NONE',  ( 0.7049999999999998490, -1.450000000000000400, -0.9000000000000000222 ) ) ;
#3581 = STYLED_ITEM ( 'NONE', ( #1420 ), #4040 ) ;
#3582 = ORIENTED_EDGE ( 'NONE', *, *, #666, .F. ) ;
#3583 =( NAMED_UNIT ( * ) SI_UNIT ( $, .STERADIAN. ) SOLID_ANGLE_UNIT ( ) );
#3584 = EDGE_CURVE ( 'NONE', #675, #8334, #4357, .T. ) ;
#3585 = LINE ( 'NONE', #5678, #2849 ) ;
#3586 = LINE ( 'NONE', #5100, #96 ) ;
#3587 = STYLED_ITEM ( 'NONE', ( #257 ), #3605 ) ;
#3588 = PRESENTATION_STYLE_ASSIGNMENT (( #7725 ) ) ;
#3589 = CARTESIAN_POINT ( 'NONE',  ( 1.300000000000000266, -0.2459324456745000387, -1.320000000000000062 ) ) ;
#3590 = LINE ( 'NONE', #8483, #2439 ) ;
#3591 = CARTESIAN_POINT ( 'NONE',  ( -1.629999999999999893, -1.180000000000000160, 1.698556084261999999 ) ) ;
#3592 = VERTEX_POINT ( 'NONE', #6593 ) ;
#3593 = AXIS2_PLACEMENT_3D ( 'NONE', #7251, #1566, #5065 ) ;
#3594 = PRESENTATION_LAYER_ASSIGNMENT (  '', '', ( #5335 ) ) ;
#3595 = AXIS2_PLACEMENT_3D ( 'NONE', #2592, #285, #8070 ) ;
#3596 =( LENGTH_UNIT ( ) NAMED_UNIT ( * ) SI_UNIT ( .MILLI., .METRE. ) );
#3597 = CARTESIAN_POINT ( 'NONE',  ( -8.131516293641283255E-17, 0.000000000000000000, 0.000000000000000000 ) ) ;
#3598 = SURFACE_STYLE_FILL_AREA ( #1609 ) ;
#3599 = EDGE_CURVE ( 'NONE', #1307, #6478, #3618, .T. ) ;
#3600 =( NAMED_UNIT ( * ) SI_UNIT ( $, .STERADIAN. ) SOLID_ANGLE_UNIT ( ) );
#3601 = AXIS2_PLACEMENT_3D ( 'NONE', #6277, #6953, #4150 ) ;
#3602 =( GEOMETRIC_REPRESENTATION_CONTEXT ( 3 ) GLOBAL_UNCERTAINTY_ASSIGNED_CONTEXT ( ( #4169 ) ) GLOBAL_UNIT_ASSIGNED_CONTEXT ( ( #7869, #7085, #7813 ) ) REPRESENTATION_CONTEXT ( 'NONE', 'WORKASPACE' ) );
#3603 = FACE_OUTER_BOUND ( 'NONE', #7436, .T. ) ;
#3604 = VERTEX_POINT ( 'NONE', #5759 ) ;
#3605 = ADVANCED_FACE ( 'NONE', ( #161 ), #5127, .T. ) ;
#3606 = MECHANICAL_DESIGN_GEOMETRIC_PRESENTATION_REPRESENTATION (  '', ( #8172 ), #4503 ) ;
#3607 = LINE ( 'NONE', #8643, #3839 ) ;
#3608 = DIRECTION ( 'NONE',  ( 0.000000000000000000, 0.000000000000000000, 1.000000000000000000 ) ) ;
#3609 = CARTESIAN_POINT ( 'NONE',  ( 1.750000000000000000, 1.550000000000000044, -1.302973369332799836 ) ) ;
#3610 = ORIENTED_EDGE ( 'NONE', *, *, #8825, .F. ) ;
#3611 = CARTESIAN_POINT ( 'NONE',  ( -1.750000000000000000, 1.550000000000000044, 0.000000000000000000 ) ) ;
#3612 = DIRECTION ( 'NONE',  ( -0.7071067811865442421, 1.703659351870407820E-16, 0.7071067811865507924 ) ) ;
#3613 = UNCERTAINTY_MEASURE_WITH_UNIT (LENGTH_MEASURE( 1.000000000000000082E-05 ), #1951, 'distance_accuracy_value', 'NONE');
#3614 = SURFACE_STYLE_USAGE ( .BOTH. , #4261 ) ;
#3615 = MECHANICAL_DESIGN_GEOMETRIC_PRESENTATION_REPRESENTATION (  '', ( #2451 ), #1095 ) ;
#3616 = LINE ( 'NONE', #2839, #1772 ) ;
#3617 = ORIENTED_EDGE ( 'NONE', *, *, #5575, .T. ) ;
#3618 = LINE ( 'NONE', #7847, #4327 ) ;
#3619 =( NAMED_UNIT ( * ) PLANE_ANGLE_UNIT ( ) SI_UNIT ( $, .RADIAN. ) );
#3620 = VERTEX_POINT ( 'NONE', #8557 ) ;
#3621 =( GEOMETRIC_REPRESENTATION_CONTEXT ( 3 ) GLOBAL_UNCERTAINTY_ASSIGNED_CONTEXT ( ( #1771 ) ) GLOBAL_UNIT_ASSIGNED_CONTEXT ( ( #8666, #5905, #8755 ) ) REPRESENTATION_CONTEXT ( 'NONE', 'WORKASPACE' ) );
#3622 =( NAMED_UNIT ( * ) SI_UNIT ( $, .STERADIAN. ) SOLID_ANGLE_UNIT ( ) );
#3623 = DIRECTION ( 'NONE',  ( 1.000000000000000000, 0.000000000000000000, 0.000000000000000000 ) ) ;
#3624 = ORIENTED_EDGE ( 'NONE', *, *, #8837, .T. ) ;
#3625 = LINE ( 'NONE', #676, #1536 ) ;
#3626 = UNCERTAINTY_MEASURE_WITH_UNIT (LENGTH_MEASURE( 1.000000000000000082E-05 ), #2608, 'distance_accuracy_value', 'NONE');
#3627 = VERTEX_POINT ( 'NONE', #7176 ) ;
#3628 = CARTESIAN_POINT ( 'NONE',  ( -1.750000000000000000, 1.449999999999999956, -1.101378079396600151 ) ) ;
#3629 = EDGE_CURVE ( 'NONE', #7401, #6730, #4452, .T. ) ;
#3630 = DIRECTION ( 'NONE',  ( 0.000000000000000000, 0.000000000000000000, -1.000000000000000000 ) ) ;
#3631 = PRODUCT ( 'Housing & Button & Contact & Terminal^SWT0115-020025SSA_rev0.4', 'Housing & Button & Contact & Terminal^SWT0115-020025SSA_rev0.4', '', ( #6650 ) ) ;
#3632 = MECHANICAL_DESIGN_GEOMETRIC_PRESENTATION_REPRESENTATION (  '', ( #6112 ), #1719 ) ;
#3633 = DIRECTION ( 'NONE',  ( -0.000000000000000000, -0.000000000000000000, 1.000000000000000000 ) ) ;
#3634 = CARTESIAN_POINT ( 'NONE',  ( 2.299999999999999822, -0.5000000000000000000, -1.399999999999999911 ) ) ;
#3635 = DIRECTION ( 'NONE',  ( 0.000000000000000000, -1.000000000000000000, 0.000000000000000000 ) ) ;
#3636 = DIRECTION ( 'NONE',  ( 0.000000000000000000, -0.000000000000000000, 1.000000000000000000 ) ) ;
#3637 = PRESENTATION_STYLE_ASSIGNMENT (( #5776 ) ) ;
#3638 = EDGE_CURVE ( 'NONE', #8055, #4241, #8750, .T. ) ;
#3639 = STYLED_ITEM ( 'NONE', ( #810 ), #1336 ) ;
#3640 = AXIS2_PLACEMENT_3D ( 'NONE', #4932, #696, #8394 ) ;
#3641 = VERTEX_POINT ( 'NONE', #1758 ) ;
#3642 = ADVANCED_FACE ( 'NONE', ( #7530 ), #388, .F. ) ;
#3643 = CARTESIAN_POINT ( 'NONE',  ( -1.610000000000000098, -0.7618257577072999887, -0.1000000000000000472 ) ) ;
#3644 = CARTESIAN_POINT ( 'NONE',  ( -0.9050000000000001377, -1.427698927807000029, -0.9513780793966000182 ) ) ;
#3645 =( GEOMETRIC_REPRESENTATION_CONTEXT ( 3 ) GLOBAL_UNCERTAINTY_ASSIGNED_CONTEXT ( ( #6544 ) ) GLOBAL_UNIT_ASSIGNED_CONTEXT ( ( #8809, #4659, #6577 ) ) REPRESENTATION_CONTEXT ( 'NONE', 'WORKASPACE' ) );
#3646 = ADVANCED_FACE ( 'NONE', ( #6067 ), #2558, .F. ) ;
#3647 = STYLED_ITEM ( 'NONE', ( #2720 ), #7709 ) ;
#3648 =( LENGTH_UNIT ( ) NAMED_UNIT ( * ) SI_UNIT ( .MILLI., .METRE. ) );
#3649 = LINE ( 'NONE', #8397, #1550 ) ;
#3650 = SURFACE_SIDE_STYLE ('',( #8543 ) ) ;
#3651 = ORIENTED_EDGE ( 'NONE', *, *, #7505, .F. ) ;
#3652 = CIRCLE ( 'NONE', #1280, 0.2000000000000000944 ) ;
#3653 = DIRECTION ( 'NONE',  ( -1.000000000000000000, 0.000000000000000000, 0.000000000000000000 ) ) ;
#3654 = STYLED_ITEM ( 'NONE', ( #9070 ), #7784 ) ;
#3655 = DIRECTION ( 'NONE',  ( 2.168404344971008868E-16, 1.000000000000000000, -0.000000000000000000 ) ) ;
#3656 = FACE_OUTER_BOUND ( 'NONE', #6216, .T. ) ;
#3657 =( LENGTH_UNIT ( ) NAMED_UNIT ( * ) SI_UNIT ( .MILLI., .METRE. ) );
#3658 = DIRECTION ( 'NONE',  ( 0.000000000000000000, 0.000000000000000000, 1.000000000000000000 ) ) ;
#3659 = ORIENTED_EDGE ( 'NONE', *, *, #7791, .F. ) ;
#3660 = CARTESIAN_POINT ( 'NONE',  ( 2.299999999999999822, 0.5000000000000000000, -1.399999999999999911 ) ) ;
#3661 = FILL_AREA_STYLE ('',( #815 ) ) ;
#3662 = CARTESIAN_POINT ( 'NONE',  ( 1.500000000000000000, 0.2540675543254985458, -1.399999999999999911 ) ) ;
#3663 = EDGE_LOOP ( 'NONE', ( #2725, #4000, #3080, #806 ) ) ;
#3664 = ADVANCED_FACE ( 'NONE', ( #8827, #1058, #3900 ), #4626, .T. ) ;
#3665 = DIRECTION ( 'NONE',  ( -1.000000000000000000, 0.000000000000000000, 0.000000000000000000 ) ) ;
#3666 =( LENGTH_UNIT ( ) NAMED_UNIT ( * ) SI_UNIT ( .MILLI., .METRE. ) );
#3667 = ORIENTED_EDGE ( 'NONE', *, *, #4591, .F. ) ;
#3668 = VERTEX_POINT ( 'NONE', #4163 ) ;
#3669 = PRESENTATION_STYLE_ASSIGNMENT (( #7186 ) ) ;
#3670 = CARTESIAN_POINT ( 'NONE',  ( 1.350000000000000089, 1.449999999999999956, -0.9513780793966000182 ) ) ;
#3671 = EDGE_LOOP ( 'NONE', ( #5343, #6823, #7404, #1698 ) ) ;
#3672 = SURFACE_SIDE_STYLE ('',( #3823 ) ) ;
#3673 = LINE ( 'NONE', #4462, #3847 ) ;
#3674 = SURFACE_STYLE_FILL_AREA ( #8707 ) ;
#3675 = CARTESIAN_POINT ( 'NONE',  ( -0.5799999999999987388, 0.4540675543254999447, -1.369999999999999885 ) ) ;
#3676 = CARTESIAN_POINT ( 'NONE',  ( -1.800000000000000044, 1.449999999999999956, 0.000000000000000000 ) ) ;
#3677 = CARTESIAN_POINT ( 'NONE',  ( 0.9049999999999999156, 2.500000000000000000, -0.6999999999999999556 ) ) ;
#3678 = SURFACE_SIDE_STYLE ('',( #7091 ) ) ;
#3679 = VECTOR ( 'NONE', #1928, 1000.000000000000000 ) ;
#3680 = PLANE ( 'NONE',  #6218 ) ;
#3681 = CARTESIAN_POINT ( 'NONE',  ( 1.179999999999999050, 0.4540675543254998892, -1.320000000000000062 ) ) ;
#3682 = VECTOR ( 'NONE', #6017, 1000.000000000000000 ) ;
#3683 = EDGE_LOOP ( 'NONE', ( #7673, #1392, #5816, #2890 ) ) ;
#3684 = AXIS2_PLACEMENT_3D ( 'NONE', #392, #3251, #1855 ) ;
#3685 = DIRECTION ( 'NONE',  ( -1.000000000000000000, 0.000000000000000000, 0.000000000000000000 ) ) ;
#3686 = CIRCLE ( 'NONE', #4280, 0.1199999999999999956 ) ;
#3687 = DIRECTION ( 'NONE',  ( 0.000000000000000000, 0.000000000000000000, 1.000000000000000000 ) ) ;
#3688 =( NAMED_UNIT ( * ) SI_UNIT ( $, .STERADIAN. ) SOLID_ANGLE_UNIT ( ) );
#3689 = STYLED_ITEM ( 'NONE', ( #2419 ), #633 ) ;
#3690 = VECTOR ( 'NONE', #2236, 1000.000000000000000 ) ;
#3691 = CARTESIAN_POINT ( 'NONE',  ( -1.750000000000000000, -0.4225320565518999594, 0.000000000000000000 ) ) ;
#3692 = SURFACE_STYLE_FILL_AREA ( #3060 ) ;
#3693 = EDGE_CURVE ( 'NONE', #5677, #1757, #2282, .T. ) ;
#3694 =( GEOMETRIC_REPRESENTATION_CONTEXT ( 3 ) GLOBAL_UNCERTAINTY_ASSIGNED_CONTEXT ( ( #8992 ) ) GLOBAL_UNIT_ASSIGNED_CONTEXT ( ( #4123, #2042, #7540 ) ) REPRESENTATION_CONTEXT ( 'NONE', 'WORKASPACE' ) );
#3695 = COLOUR_RGB ( '',1.000000000000000000, 1.000000000000000000, 1.000000000000000000 ) ;
#3696 = LINE ( 'NONE', #2365, #5305 ) ;
#3697 = EDGE_LOOP ( 'NONE', ( #481, #1214, #8079, #6259 ) ) ;
#3698 = SURFACE_SIDE_STYLE ('',( #5162 ) ) ;
#3699 = EDGE_CURVE ( 'NONE', #7625, #8171, #4855, .T. ) ;
#3700 = MECHANICAL_DESIGN_GEOMETRIC_PRESENTATION_REPRESENTATION (  '', ( #2073 ), #3261 ) ;
#3701 = CARTESIAN_POINT ( 'NONE',  ( -1.350000000000000089, -1.449999999999999956, -0.9013780793965999738 ) ) ;
#3702 =( NAMED_UNIT ( * ) PLANE_ANGLE_UNIT ( ) SI_UNIT ( $, .RADIAN. ) );
#3703 = COLOUR_RGB ( '',1.000000000000000000, 1.000000000000000000, 1.000000000000000000 ) ;
#3704 = CARTESIAN_POINT ( 'NONE',  ( -1.313397459622000163, 1.350000000000000089, 0.000000000000000000 ) ) ;
#3705 = LINE ( 'NONE', #2374, #3255 ) ;
#3706 = EDGE_LOOP ( 'NONE', ( #5630, #2624, #6886, #8864 ) ) ;
#3707 = DIRECTION ( 'NONE',  ( -1.000000000000000000, 0.000000000000000000, 0.000000000000000000 ) ) ;
#3708 = LINE ( 'NONE', #4446, #6133 ) ;
#3709 = CARTESIAN_POINT ( 'NONE',  ( 0.8499999999999998668, 0.000000000000000000, -0.5999999999999999778 ) ) ;
#3710 =( GEOMETRIC_REPRESENTATION_CONTEXT ( 3 ) GLOBAL_UNCERTAINTY_ASSIGNED_CONTEXT ( ( #4096 ) ) GLOBAL_UNIT_ASSIGNED_CONTEXT ( ( #145, #8728, #6274 ) ) REPRESENTATION_CONTEXT ( 'NONE', 'WORKASPACE' ) );
#3711 = ORIENTED_EDGE ( 'NONE', *, *, #6027, .F. ) ;
#3712 = COLOUR_RGB ( '',0.4117647058823529216, 0.4117647058823529216, 0.4117647058823529216 ) ;
#3713 = PLANE ( 'NONE',  #3737 ) ;
#3714 = MANIFOLD_SOLID_BREP ( '\X2\501289d2\X0\2', #6234 ) ;
#3715 = SURFACE_STYLE_FILL_AREA ( #2385 ) ;
#3716 = VERTEX_POINT ( 'NONE', #2687 ) ;
#3717 = CARTESIAN_POINT ( 'NONE',  ( -0.9050000000000001377, -1.449999999999999956, -1.102973369332799658 ) ) ;
#3718 =( LENGTH_UNIT ( ) NAMED_UNIT ( * ) SI_UNIT ( .MILLI., .METRE. ) );
#3719 = ORIENTED_EDGE ( 'NONE', *, *, #7013, .T. ) ;
#3720 = EDGE_CURVE ( 'NONE', #726, #4589, #4898, .T. ) ;
#3721 = DIRECTION ( 'NONE',  ( 0.000000000000000000, 0.000000000000000000, 1.000000000000000000 ) ) ;
#3722 = UNCERTAINTY_MEASURE_WITH_UNIT (LENGTH_MEASURE( 1.000000000000000082E-05 ), #337, 'distance_accuracy_value', 'NONE');
#3723 = ORIENTED_EDGE ( 'NONE', *, *, #3979, .F. ) ;
#3724 = CARTESIAN_POINT ( 'NONE',  ( -0.8750000000000001110, 1.071565949253934149E-16, 0.000000000000000000 ) ) ;
#3725 = CARTESIAN_POINT ( 'NONE',  ( -1.751000000000000112, -1.000000000000000000, -1.399000000000000021 ) ) ;
#3726 = VERTEX_POINT ( 'NONE', #6967 ) ;
#3727 = FILL_AREA_STYLE_COLOUR ( '', #7607 ) ;
#3728 = PRESENTATION_STYLE_ASSIGNMENT (( #891 ) ) ;
#3729 = ORIENTED_EDGE ( 'NONE', *, *, #1038, .F. ) ;
#3730 = DIRECTION ( 'NONE',  ( -1.000000000000000000, 0.000000000000000000, 0.000000000000000000 ) ) ;
#3731 = DIRECTION ( 'NONE',  ( 0.000000000000000000, -0.1166546987195020424, -0.9931725334838162889 ) ) ;
#3732 = VECTOR ( 'NONE', #7765, 1000.000000000000000 ) ;
#3733 = FACE_OUTER_BOUND ( 'NONE', #6094, .T. ) ;
#3734 = CARTESIAN_POINT ( 'NONE',  ( -1.350000000000000089, -1.550000000000000044, -0.9513780793966000182 ) ) ;
#3735 = SURFACE_STYLE_USAGE ( .BOTH. , #897 ) ;
#3736 = ORIENTED_EDGE ( 'NONE', *, *, #7705, .T. ) ;
#3737 = AXIS2_PLACEMENT_3D ( 'NONE', #7899, #772, #211 ) ;
#3738 = FILL_AREA_STYLE ('',( #6527 ) ) ;
#3739 = AXIS2_PLACEMENT_3D ( 'NONE', #974, #4506, #6601 ) ;
#3740 = PLANE ( 'NONE',  #7340 ) ;
#3741 =( LENGTH_UNIT ( ) NAMED_UNIT ( * ) SI_UNIT ( .MILLI., .METRE. ) );
#3742 = CARTESIAN_POINT ( 'NONE',  ( 0.8499999999999998668, 0.000000000000000000, 0.4999999999999998890 ) ) ;
#3743 = DIRECTION ( 'NONE',  ( -1.000000000000000000, 0.000000000000000000, 0.000000000000000000 ) ) ;
#3744 =( GEOMETRIC_REPRESENTATION_CONTEXT ( 3 ) GLOBAL_UNCERTAINTY_ASSIGNED_CONTEXT ( ( #6904 ) ) GLOBAL_UNIT_ASSIGNED_CONTEXT ( ( #659, #1947, #9063 ) ) REPRESENTATION_CONTEXT ( 'NONE', 'WORKASPACE' ) );
#3745 = PRESENTATION_LAYER_ASSIGNMENT (  '', '', ( #8163 ) ) ;
#3746 = EDGE_CURVE ( 'NONE', #7416, #18, #2133, .T. ) ;
#3747 = VERTEX_POINT ( 'NONE', #7653 ) ;
#3748 = CARTESIAN_POINT ( 'NONE',  ( -1.600000000000000089, -1.449999999999999956, -0.9513780793966000182 ) ) ;
#3749 = CYLINDRICAL_SURFACE ( 'NONE', #8545, 0.2000000000000000944 ) ;
#3750 = ADVANCED_FACE ( 'NONE', ( #1996 ), #7615, .F. ) ;
#3751 = SURFACE_STYLE_FILL_AREA ( #3065 ) ;
#3752 = VECTOR ( 'NONE', #7886, 1000.000000000000000 ) ;
#3753 =( GEOMETRIC_REPRESENTATION_CONTEXT ( 3 ) GLOBAL_UNCERTAINTY_ASSIGNED_CONTEXT ( ( #5704 ) ) GLOBAL_UNIT_ASSIGNED_CONTEXT ( ( #3277, #8996, #1926 ) ) REPRESENTATION_CONTEXT ( 'NONE', 'WORKASPACE' ) );
#3754 = VECTOR ( 'NONE', #1305, 1000.000000000000000 ) ;
#3755 = CARTESIAN_POINT ( 'NONE',  ( -1.300000000000000266, 1.550000000000000044, -0.6564291051182821191 ) ) ;
#3756 = DIRECTION ( 'NONE',  ( -1.000000000000000000, 5.421010862427602042E-16, -0.000000000000000000 ) ) ;
#3757 = VERTEX_POINT ( 'NONE', #7978 ) ;
#3758 = DIRECTION ( 'NONE',  ( 0.000000000000000000, -1.000000000000000000, 0.000000000000000000 ) ) ;
#3759 = ADVANCED_FACE ( 'NONE', ( #7105 ), #4486, .F. ) ;
#3760 = FILL_AREA_STYLE_COLOUR ( '', #4586 ) ;
#3761 = CARTESIAN_POINT ( 'NONE',  ( -1.500000000000000000, 0.2540675543254986013, -1.399999999999999911 ) ) ;
#3762 = ADVANCED_FACE ( 'NONE', ( #7927 ), #7162, .T. ) ;
#3763 = VECTOR ( 'NONE', #5541, 1000.000000000000000 ) ;
#3764 = ORIENTED_EDGE ( 'NONE', *, *, #5820, .T. ) ;
#3765 = SURFACE_STYLE_FILL_AREA ( #870 ) ;
#3766 =( NAMED_UNIT ( * ) PLANE_ANGLE_UNIT ( ) SI_UNIT ( $, .RADIAN. ) );
#3767 = VERTEX_POINT ( 'NONE', #3748 ) ;
#3768 = FACE_OUTER_BOUND ( 'NONE', #7789, .T. ) ;
#3769 = CARTESIAN_POINT ( 'NONE',  ( -1.350000000000000089, 1.974264068711928388, -0.9013780793965999738 ) ) ;
#3770 = VECTOR ( 'NONE', #3635, 1000.000000000000000 ) ;
#3771 = ORIENTED_EDGE ( 'NONE', *, *, #55, .T. ) ;
#3772 = COLOUR_RGB ( '',1.000000000000000000, 1.000000000000000000, 1.000000000000000000 ) ;
#3773 = EDGE_CURVE ( 'NONE', #5521, #4409, #2576, .T. ) ;
#3774 = CARTESIAN_POINT ( 'NONE',  ( -1.100000000000000089, -1.449999999999999956, -0.6564291051182821191 ) ) ;
#3775 = CARTESIAN_POINT ( 'NONE',  ( 0.9049999999999999156, 1.335834036457999918, -0.9513780793966000182 ) ) ;
#3776 = ORIENTED_EDGE ( 'NONE', *, *, #122, .T. ) ;
#3777 = CARTESIAN_POINT ( 'NONE',  ( -1.005000000000000115, -1.327698927806999940, -0.9513780793966000182 ) ) ;
#3778 = VECTOR ( 'NONE', #7851, 1000.000000000000000 ) ;
#3779 = AXIS2_PLACEMENT_3D ( 'NONE', #132, #8530, #3918 ) ;
#3780 = PRESENTATION_STYLE_ASSIGNMENT (( #272 ) ) ;
#3781 = DIRECTION ( 'NONE',  ( -1.000000000000000000, 0.000000000000000000, 0.000000000000000000 ) ) ;
#3782 = CARTESIAN_POINT ( 'NONE',  ( 1.004999999999999893, -1.427698927807000029, -1.399999999999999911 ) ) ;
#3783 =( LENGTH_UNIT ( ) NAMED_UNIT ( * ) SI_UNIT ( .MILLI., .METRE. ) );
#3784 = ORIENTED_EDGE ( 'NONE', *, *, #911, .F. ) ;
#3785 = LINE ( 'NONE', #6568, #1774 ) ;
#3786 =( LENGTH_UNIT ( ) NAMED_UNIT ( * ) SI_UNIT ( .MILLI., .METRE. ) );
#3787 = COLOUR_RGB ( '',1.000000000000000000, 1.000000000000000000, 1.000000000000000000 ) ;
#3788 = EDGE_CURVE ( 'NONE', #2446, #8456, #1615, .T. ) ;
#3789 = PRESENTATION_STYLE_ASSIGNMENT (( #5995 ) ) ;
#3790 = ORIENTED_EDGE ( 'NONE', *, *, #2415, .F. ) ;
#3791 = ADVANCED_FACE ( 'NONE', ( #1572 ), #199, .F. ) ;
#3792 = VECTOR ( 'NONE', #4983, 1000.000000000000000 ) ;
#3793 = DIRECTION ( 'NONE',  ( -0.000000000000000000, -1.000000000000000000, -0.000000000000000000 ) ) ;
#3794 = DIRECTION ( 'NONE',  ( 0.000000000000000000, -1.000000000000000000, 0.000000000000000000 ) ) ;
#3795 =( LENGTH_UNIT ( ) NAMED_UNIT ( * ) SI_UNIT ( .MILLI., .METRE. ) );
#3796 = DIRECTION ( 'NONE',  ( -0.000000000000000000, 1.000000000000000000, 0.000000000000000000 ) ) ;
#3797 = CARTESIAN_POINT ( 'NONE',  ( 0.9049999999999999156, -1.450000000000000400, -1.739999999999999769 ) ) ;
#3798 = AXIS2_PLACEMENT_3D ( 'NONE', #653, #2825, #3514 ) ;
#3799 = ORIENTED_EDGE ( 'NONE', *, *, #1511, .T. ) ;
#3800 = SURFACE_STYLE_FILL_AREA ( #6534 ) ;
#3801 = PRESENTATION_STYLE_ASSIGNMENT (( #3063 ) ) ;
#3802 = DIRECTION ( 'NONE',  ( -1.000000000000000000, 1.720845688168999895E-14, 8.992806499464000218E-14 ) ) ;
#3803 = PRESENTATION_STYLE_ASSIGNMENT (( #8819 ) ) ;
#3804 = DIRECTION ( 'NONE',  ( 0.000000000000000000, -1.000000000000000000, 0.000000000000000000 ) ) ;
#3805 = LINE ( 'NONE', #4443, #6624 ) ;
#3806 = VERTEX_POINT ( 'NONE', #8344 ) ;
#3807 = DIRECTION ( 'NONE',  ( 1.000000000000000000, -0.000000000000000000, -0.000000000000000000 ) ) ;
#3808 = DIRECTION ( 'NONE',  ( 0.000000000000000000, -1.000000000000000000, 0.000000000000000000 ) ) ;
#3809 = STYLED_ITEM ( 'NONE', ( #8537 ), #1495 ) ;
#3810 = CARTESIAN_POINT ( 'NONE',  ( 1.750000000000000000, -1.550000000000000044, -1.302973369332799836 ) ) ;
#3811 = EDGE_LOOP ( 'NONE', ( #5881, #8402, #5520, #3381 ) ) ;
#3812 =( NAMED_UNIT ( * ) PLANE_ANGLE_UNIT ( ) SI_UNIT ( $, .RADIAN. ) );
#3813 = DIRECTION ( 'NONE',  ( 0.000000000000000000, 0.000000000000000000, -1.000000000000000000 ) ) ;
#3814 = ORIENTED_EDGE ( 'NONE', *, *, #556, .T. ) ;
#3815 = DIRECTION ( 'NONE',  ( 0.000000000000000000, 1.000000000000000000, 0.000000000000000000 ) ) ;
#3816 = CARTESIAN_POINT ( 'NONE',  ( -1.005000000000000115, 1.435834036458000007, -1.399999999999999911 ) ) ;
#3817 = ORIENTED_EDGE ( 'NONE', *, *, #3958, .F. ) ;
#3818 = COLOUR_RGB ( '',1.000000000000000000, 1.000000000000000000, 1.000000000000000000 ) ;
#3819 = EDGE_CURVE ( 'NONE', #3035, #4802, #1662, .T. ) ;
#3820 = LINE ( 'NONE', #6602, #7080 ) ;
#3821 = UNCERTAINTY_MEASURE_WITH_UNIT (LENGTH_MEASURE( 1.000000000000000082E-05 ), #8309, 'distance_accuracy_value', 'NONE');
#3822 = ORIENTED_EDGE ( 'NONE', *, *, #4317, .T. ) ;
#3823 = SURFACE_STYLE_FILL_AREA ( #2943 ) ;
#3824 = DIRECTION ( 'NONE',  ( 0.000000000000000000, 1.000000000000000000, 0.000000000000000000 ) ) ;
#3825 = EDGE_LOOP ( 'NONE', ( #1432, #3822, #3814, #4474 ) ) ;
#3826 = EDGE_CURVE ( 'NONE', #2805, #5449, #4792, .T. ) ;
#3827 = ORIENTED_EDGE ( 'NONE', *, *, #3584, .F. ) ;
#3828 = DIRECTION ( 'NONE',  ( 0.000000000000000000, -1.000000000000000000, 0.000000000000000000 ) ) ;
#3829 = DIRECTION ( 'NONE',  ( 0.000000000000000000, 0.000000000000000000, -1.000000000000000000 ) ) ;
#3830 = DIRECTION ( 'NONE',  ( 0.000000000000000000, 0.000000000000000000, -1.000000000000000000 ) ) ;
#3831 = ORIENTED_EDGE ( 'NONE', *, *, #4713, .T. ) ;
#3832 = CARTESIAN_POINT ( 'NONE',  ( 1.242857142857142883, 1.974264068711928388, -0.7963999475630351155 ) ) ;
#3833 = STYLED_ITEM ( 'NONE', ( #5956 ), #2181 ) ;
#3834 = CARTESIAN_POINT ( 'NONE',  ( -2.299999999999999822, 1.000000000000000000, -1.399999999999999911 ) ) ;
#3835 = DIRECTION ( 'NONE',  ( 0.7071067811865519026, 0.000000000000000000, 0.7071067811865431318 ) ) ;
#3836 = CARTESIAN_POINT ( 'NONE',  ( 1.800000000000000044, -1.550000000000000044, -0.9513780793966000182 ) ) ;
#3837 = CARTESIAN_POINT ( 'NONE',  ( -1.629999999999999893, 1.300000000000000044, -0.1000000000000000472 ) ) ;
#3838 = EDGE_CURVE ( 'NONE', #627, #5194, #7839, .T. ) ;
#3839 = VECTOR ( 'NONE', #3655, 1000.000000000000000 ) ;
#3840 = AXIS2_PLACEMENT_3D ( 'NONE', #5374, #4270, #3324 ) ;
#3841 =( NAMED_UNIT ( * ) PLANE_ANGLE_UNIT ( ) SI_UNIT ( $, .RADIAN. ) );
#3842 = VERTEX_POINT ( 'NONE', #999 ) ;
#3843 = DIRECTION ( 'NONE',  ( 0.000000000000000000, 0.000000000000000000, 1.000000000000000000 ) ) ;
#3844 = CARTESIAN_POINT ( 'NONE',  ( 0.7049999999999998490, 1.449999999999999956, -0.6999999999999999556 ) ) ;
#3845 = CARTESIAN_POINT ( 'NONE',  ( 1.104999999999999760, -1.449999999999999956, -1.302973369332799836 ) ) ;
#3846 =( NAMED_UNIT ( * ) SI_UNIT ( $, .STERADIAN. ) SOLID_ANGLE_UNIT ( ) );
#3847 = VECTOR ( 'NONE', #5945, 1000.000000000000000 ) ;
#3848 = SURFACE_SIDE_STYLE ('',( #202 ) ) ;
#3849 =( NAMED_UNIT ( * ) SI_UNIT ( $, .STERADIAN. ) SOLID_ANGLE_UNIT ( ) );
#3850 = PRESENTATION_LAYER_ASSIGNMENT (  '', '', ( #3992 ) ) ;
#3851 = LINE ( 'NONE', #3761, #3855 ) ;
#3852 = AXIS2_PLACEMENT_3D ( 'NONE', #7716, #8706, #4511 ) ;
#3853 = VERTEX_POINT ( 'NONE', #8994 ) ;
#3854 = FILL_AREA_STYLE ('',( #5222 ) ) ;
#3855 = VECTOR ( 'NONE', #5293, 1000.000000000000000 ) ;
#3856 = CARTESIAN_POINT ( 'NONE',  ( 1.750000000000000000, -1.449999999999999956, -1.302973369332799836 ) ) ;
#3857 = AXIS2_PLACEMENT_3D ( 'NONE', #1409, #7049, #513 ) ;
#3858 = ORIENTED_EDGE ( 'NONE', *, *, #7680, .F. ) ;
#3859 = CARTESIAN_POINT ( 'NONE',  ( -1.750000000000000000, -1.550000000000000044, -1.302973369332799836 ) ) ;
#3860 = FACE_OUTER_BOUND ( 'NONE', #4556, .T. ) ;
#3861 = ORIENTED_EDGE ( 'NONE', *, *, #1543, .F. ) ;
#3862 = STYLED_ITEM ( 'NONE', ( #2250 ), #3154 ) ;
#3863 = FACE_OUTER_BOUND ( 'NONE', #6239, .T. ) ;
#3864 = STYLED_ITEM ( 'NONE', ( #2779 ), #6085 ) ;
#3865 = PRESENTATION_LAYER_ASSIGNMENT (  '', '', ( #4743 ) ) ;
#3866 = PRESENTATION_STYLE_ASSIGNMENT (( #4595 ) ) ;
#3867 = ORIENTED_EDGE ( 'NONE', *, *, #5911, .T. ) ;
#3868 =( NAMED_UNIT ( * ) PLANE_ANGLE_UNIT ( ) SI_UNIT ( $, .RADIAN. ) );
#3869 = COLOUR_RGB ( '',0.4117647058823529216, 0.4117647058823529216, 0.4117647058823529216 ) ;
#3870 = EDGE_CURVE ( 'NONE', #3429, #7838, #8138, .T. ) ;
#3871 =( NAMED_UNIT ( * ) PLANE_ANGLE_UNIT ( ) SI_UNIT ( $, .RADIAN. ) );
#3872 = VERTEX_POINT ( 'NONE', #4837 ) ;
#3873 = LINE ( 'NONE', #3087, #350 ) ;
#3874 = CARTESIAN_POINT ( 'NONE',  ( -1.750000000000000000, -1.327698927806999940, -1.399999999999999911 ) ) ;
#3875 = ADVANCED_FACE ( 'NONE', ( #2627 ), #458, .T. ) ;
#3876 = ORIENTED_EDGE ( 'NONE', *, *, #2913, .T. ) ;
#3877 = DIRECTION ( 'NONE',  ( 0.000000000000000000, 0.000000000000000000, 1.000000000000000000 ) ) ;
#3878 = CARTESIAN_POINT ( 'NONE',  ( 1.299999999999998934, -0.4459324456745000220, -1.369999999999999885 ) ) ;
#3879 = SURFACE_STYLE_FILL_AREA ( #986 ) ;
#3880 = CARTESIAN_POINT ( 'NONE',  ( 0.9049999999999999156, 2.500000000000000000, -1.739999999999999769 ) ) ;
#3881 = EDGE_CURVE ( 'NONE', #886, #6297, #1924, .T. ) ;
#3882 =( REPRESENTATION_RELATIONSHIP ('NONE','NONE', #6311, #11 ) REPRESENTATION_RELATIONSHIP_WITH_TRANSFORMATION ( #3303 )SHAPE_REPRESENTATION_RELATIONSHIP( ) );
#3883 = EDGE_LOOP ( 'NONE', ( #8116, #4587, #898, #2219 ) ) ;
#3884 = FILL_AREA_STYLE_COLOUR ( '', #7190 ) ;
#3885 = CARTESIAN_POINT ( 'NONE',  ( -1.200000000000000400, 0.4540675543254998892, -1.299999999999998712 ) ) ;
#3886 =( NAMED_UNIT ( * ) PLANE_ANGLE_UNIT ( ) SI_UNIT ( $, .RADIAN. ) );
#3887 = STYLED_ITEM ( 'NONE', ( #6184 ), #3875 ) ;
#3888 = ORIENTED_EDGE ( 'NONE', *, *, #8673, .T. ) ;
#3889 =( GEOMETRIC_REPRESENTATION_CONTEXT ( 3 ) GLOBAL_UNCERTAINTY_ASSIGNED_CONTEXT ( ( #1873 ) ) GLOBAL_UNIT_ASSIGNED_CONTEXT ( ( #8330, #2004, #5347 ) ) REPRESENTATION_CONTEXT ( 'NONE', 'WORKASPACE' ) );
#3890 =( LENGTH_UNIT ( ) NAMED_UNIT ( * ) SI_UNIT ( .MILLI., .METRE. ) );
#3891 = CYLINDRICAL_SURFACE ( 'NONE', #1101, 0.1200000000000000372 ) ;
#3892 = PLANE ( 'NONE',  #4232 ) ;
#3893 =( NAMED_UNIT ( * ) SI_UNIT ( $, .STERADIAN. ) SOLID_ANGLE_UNIT ( ) );
#3894 = VECTOR ( 'NONE', #6351, 1000.000000000000000 ) ;
#3895 = SURFACE_STYLE_USAGE ( .BOTH. , #5257 ) ;
#3896 = VECTOR ( 'NONE', #6902, 1000.000000000000000 ) ;
#3897 = EDGE_CURVE ( 'NONE', #735, #5194, #1215, .T. ) ;
#3898 = DIRECTION ( 'NONE',  ( -1.000000000000000000, 0.000000000000000000, 0.000000000000000000 ) ) ;
#3899 = ORIENTED_EDGE ( 'NONE', *, *, #5651, .F. ) ;
#3900 = FACE_BOUND ( 'NONE', #2844, .T. ) ;
#3901 = STYLED_ITEM ( 'NONE', ( #8223 ), #3664 ) ;
#3902 = MECHANICAL_DESIGN_GEOMETRIC_PRESENTATION_REPRESENTATION (  '', ( #3185 ), #7880 ) ;
#3903 = COLOUR_RGB ( '',1.000000000000000000, 1.000000000000000000, 1.000000000000000000 ) ;
#3904 = VERTEX_POINT ( 'NONE', #4964 ) ;
#3905 = ADVANCED_FACE ( 'NONE', ( #8476 ), #4184, .F. ) ;
#3906 = CIRCLE ( 'NONE', #1973, 0.1200000000000000372 ) ;
#3907 =( LENGTH_UNIT ( ) NAMED_UNIT ( * ) SI_UNIT ( .MILLI., .METRE. ) );
#3908 = ORIENTED_EDGE ( 'NONE', *, *, #5872, .T. ) ;
#3909 =( LENGTH_UNIT ( ) NAMED_UNIT ( * ) SI_UNIT ( .MILLI., .METRE. ) );
#3910 =( NAMED_UNIT ( * ) SI_UNIT ( $, .STERADIAN. ) SOLID_ANGLE_UNIT ( ) );
#3911 =( GEOMETRIC_REPRESENTATION_CONTEXT ( 3 ) GLOBAL_UNCERTAINTY_ASSIGNED_CONTEXT ( ( #5091 ) ) GLOBAL_UNIT_ASSIGNED_CONTEXT ( ( #3373, #5959, #1885 ) ) REPRESENTATION_CONTEXT ( 'NONE', 'WORKASPACE' ) );
#3912 = CARTESIAN_POINT ( 'NONE',  ( -0.9050000000000001377, -1.550000000000000044, -0.9000000000000000222 ) ) ;
#3913 = UNCERTAINTY_MEASURE_WITH_UNIT (LENGTH_MEASURE( 1.000000000000000082E-05 ), #1580, 'distance_accuracy_value', 'NONE');
#3914 = VERTEX_POINT ( 'NONE', #8573 ) ;
#3915 = CARTESIAN_POINT ( 'NONE',  ( 0.9049999999999999156, 2.500000000000000000, -0.6999999999999999556 ) ) ;
#3916 = DIRECTION ( 'NONE',  ( -3.252606517456513302E-16, -1.000000000000000000, 0.000000000000000000 ) ) ;
#3917 = COLOUR_RGB ( '',1.000000000000000000, 1.000000000000000000, 1.000000000000000000 ) ;
#3918 = DIRECTION ( 'NONE',  ( 0.000000000000000000, 0.000000000000000000, 1.000000000000000000 ) ) ;
#3919 = VERTEX_POINT ( 'NONE', #3628 ) ;
#3920 = CARTESIAN_POINT ( 'NONE',  ( -1.750000000000000000, 1.000000000000000000, -1.399000000000000021 ) ) ;
#3921 = CARTESIAN_POINT ( 'NONE',  ( 1.750000000000000000, 0.5000000000000000000, -1.399999999999999911 ) ) ;
#3922 = FACE_OUTER_BOUND ( 'NONE', #5250, .T. ) ;
#3923 = VECTOR ( 'NONE', #3802, 1000.000000000000000 ) ;
#3924 = ORIENTED_EDGE ( 'NONE', *, *, #8682, .F. ) ;
#3925 = AXIS2_PLACEMENT_3D ( 'NONE', #6761, #7465, #5465 ) ;
#3926 = EDGE_CURVE ( 'NONE', #3620, #3320, #682, .T. ) ;
#3927 = CARTESIAN_POINT ( 'NONE',  ( 1.100000000000000089, 1.974264068711928388, -0.6564291051182821191 ) ) ;
#3928 = DIRECTION ( 'NONE',  ( 0.000000000000000000, 0.1166546987195020424, 0.9931725334838162889 ) ) ;
#3929 = SURFACE_SIDE_STYLE ('',( #7293 ) ) ;
#3930 = CIRCLE ( 'NONE', #7731, 0.1999999999999999833 ) ;
#3931 = EDGE_CURVE ( 'NONE', #27, #6697, #2900, .T. ) ;
#3932 = CIRCLE ( 'NONE', #196, 0.1200000000000000927 ) ;
#3933 = EDGE_LOOP ( 'NONE', ( #328, #6442, #4935, #7943 ) ) ;
#3934 = FILL_AREA_STYLE ('',( #1751 ) ) ;
#3935 = FILL_AREA_STYLE ('',( #6677 ) ) ;
#3936 = DIRECTION ( 'NONE',  ( 0.000000000000000000, 0.000000000000000000, 1.000000000000000000 ) ) ;
#3937 = EDGE_CURVE ( 'NONE', #7242, #5976, #3585, .T. ) ;
#3938 = LINE ( 'NONE', #1186, #63 ) ;
#3939 = STYLED_ITEM ( 'NONE', ( #1075 ), #1227 ) ;
#3940 = VECTOR ( 'NONE', #5120, 1000.000000000000000 ) ;
#3941 = CARTESIAN_POINT ( 'NONE',  ( -1.750000000000000000, 1.550000000000000044, -1.302973369332799836 ) ) ;
#3942 = CARTESIAN_POINT ( 'NONE',  ( 1.750000000000000000, 1.449999999999999956, -0.1000000000000000472 ) ) ;
#3943 = VERTEX_POINT ( 'NONE', #5720 ) ;
#3944 = DIRECTION ( 'NONE',  ( 0.000000000000000000, 0.000000000000000000, -1.000000000000000000 ) ) ;
#3945 = ORIENTED_EDGE ( 'NONE', *, *, #7705, .F. ) ;
#3946 =( GEOMETRIC_REPRESENTATION_CONTEXT ( 3 ) GLOBAL_UNCERTAINTY_ASSIGNED_CONTEXT ( ( #716 ) ) GLOBAL_UNIT_ASSIGNED_CONTEXT ( ( #5749, #3702, #8213 ) ) REPRESENTATION_CONTEXT ( 'NONE', 'WORKASPACE' ) );
#3947 = FILL_AREA_STYLE_COLOUR ( '', #1372 ) ;
#3948 = MECHANICAL_DESIGN_GEOMETRIC_PRESENTATION_REPRESENTATION (  '', ( #7469 ), #8804 ) ;
#3949 = DIRECTION ( 'NONE',  ( -4.336808689942041895E-16, -1.000000000000000000, 0.000000000000000000 ) ) ;
#3950 = ORIENTED_EDGE ( 'NONE', *, *, #4108, .T. ) ;
#3951 = LINE ( 'NONE', #8176, #5519 ) ;
#3952 = DIRECTION ( 'NONE',  ( 0.000000000000000000, 0.000000000000000000, 1.000000000000000000 ) ) ;
#3953 = ORIENTED_EDGE ( 'NONE', *, *, #3194, .T. ) ;
#3954 =( NAMED_UNIT ( * ) PLANE_ANGLE_UNIT ( ) SI_UNIT ( $, .RADIAN. ) );
#3955 = COLOUR_RGB ( '',1.000000000000000000, 1.000000000000000000, 1.000000000000000000 ) ;
#3956 = PRESENTATION_LAYER_ASSIGNMENT (  '', '', ( #7913 ) ) ;
#3957 = CARTESIAN_POINT ( 'NONE',  ( -0.7050000000000000711, 1.449999999999999956, -0.9000000000000000222 ) ) ;
#3958 = EDGE_CURVE ( 'NONE', #1290, #7242, #3441, .T. ) ;
#3959 = DIRECTION ( 'NONE',  ( 0.000000000000000000, 0.000000000000000000, -1.000000000000000000 ) ) ;
#3960 = ORIENTED_EDGE ( 'NONE', *, *, #7527, .F. ) ;
#3961 = FILL_AREA_STYLE_COLOUR ( '', #5328 ) ;
#3962 = CARTESIAN_POINT ( 'NONE',  ( 1.680000000000000160, -0.8709128788536000254, 0.000000000000000000 ) ) ;
#3963 = ORIENTED_EDGE ( 'NONE', *, *, #6781, .T. ) ;
#3964 = DIRECTION ( 'NONE',  ( -1.000000000000000000, 0.000000000000000000, 0.000000000000000000 ) ) ;
#3965 = ORIENTED_EDGE ( 'NONE', *, *, #6865, .T. ) ;
#3966 = LINE ( 'NONE', #3266, #8482 ) ;
#3967 = CARTESIAN_POINT ( 'NONE',  ( -1.300000000000000266, 1.399999999999999911, -0.1000000000000000472 ) ) ;
#3968 = DIRECTION ( 'NONE',  ( 1.000000000000000000, -0.000000000000000000, 0.000000000000000000 ) ) ;
#3969 = ORIENTED_EDGE ( 'NONE', *, *, #8222, .F. ) ;
#3970 = DIRECTION ( 'NONE',  ( -0.9999885501087122375, -0.004785358029999060500, 0.000000000000000000 ) ) ;
#3971 = CARTESIAN_POINT ( 'NONE',  ( -1.313397459622000163, 1.350000000000000089, 0.000000000000000000 ) ) ;
#3972 = SURFACE_SIDE_STYLE ('',( #370 ) ) ;
#3973 = CARTESIAN_POINT ( 'NONE',  ( 0.8975754043573518359, -1.495413498676497976, -0.8359663956170227950 ) ) ;
#3974 = ORIENTED_EDGE ( 'NONE', *, *, #719, .T. ) ;
#3975 = DIRECTION ( 'NONE',  ( -0.000000000000000000, 1.000000000000000000, -0.000000000000000000 ) ) ;
#3976 = PLANE ( 'NONE',  #4488 ) ;
#3977 = EDGE_LOOP ( 'NONE', ( #8853, #4091, #343, #3960, #6137, #4785, #7316, #6244, #3120, #2027, #5440, #6498, #4554, #4738, #5073, #275 ) ) ;
#3978 = AXIS2_PLACEMENT_3D ( 'NONE', #8908, #1315, #2893 ) ;
#3979 = EDGE_CURVE ( 'NONE', #3767, #8184, #7866, .T. ) ;
#3980 = PLANE ( 'NONE',  #8103 ) ;
#3981 = DIRECTION ( 'NONE',  ( 1.000000000000000000, -0.000000000000000000, -0.000000000000000000 ) ) ;
#3982 = SURFACE_SIDE_STYLE ('',( #8120 ) ) ;
#3983 = EDGE_CURVE ( 'NONE', #5666, #9157, #5631, .T. ) ;
#3984 = VERTEX_POINT ( 'NONE', #1355 ) ;
#3985 = DIRECTION ( 'NONE',  ( 0.4166666666666983820, -0.9090593428862949743, 0.000000000000000000 ) ) ;
#3986 = EDGE_CURVE ( 'NONE', #5449, #2842, #594, .T. ) ;
#3987 = ORIENTED_EDGE ( 'NONE', *, *, #6301, .T. ) ;
#3988 =( NAMED_UNIT ( * ) SI_UNIT ( $, .STERADIAN. ) SOLID_ANGLE_UNIT ( ) );
#3989 = ORIENTED_EDGE ( 'NONE', *, *, #5917, .F. ) ;
#3990 =( GEOMETRIC_REPRESENTATION_CONTEXT ( 3 ) GLOBAL_UNCERTAINTY_ASSIGNED_CONTEXT ( ( #3613 ) ) GLOBAL_UNIT_ASSIGNED_CONTEXT ( ( #1951, #9068, #3482 ) ) REPRESENTATION_CONTEXT ( 'NONE', 'WORKASPACE' ) );
#3991 =( LENGTH_UNIT ( ) NAMED_UNIT ( * ) SI_UNIT ( .MILLI., .METRE. ) );
#3992 = STYLED_ITEM ( 'NONE', ( #3225 ), #6254 ) ;
#3993 = FACE_OUTER_BOUND ( 'NONE', #3387, .T. ) ;
#3994 =( NAMED_UNIT ( * ) PLANE_ANGLE_UNIT ( ) SI_UNIT ( $, .RADIAN. ) );
#3995 = ORIENTED_EDGE ( 'NONE', *, *, #8110, .T. ) ;
#3996 = CYLINDRICAL_SURFACE ( 'NONE', #5260, 0.1200000000000000927 ) ;
#3997 = COLOUR_RGB ( '',1.000000000000000000, 1.000000000000000000, 1.000000000000000000 ) ;
#3998 = CARTESIAN_POINT ( 'NONE',  ( 1.750000000000000000, -1.000000000000000000, -1.399999999999999911 ) ) ;
#3999 =( GEOMETRIC_REPRESENTATION_CONTEXT ( 3 ) GLOBAL_UNCERTAINTY_ASSIGNED_CONTEXT ( ( #5628 ) ) GLOBAL_UNIT_ASSIGNED_CONTEXT ( ( #5931, #962, #8824 ) ) REPRESENTATION_CONTEXT ( 'NONE', 'WORKASPACE' ) );
#4000 = ORIENTED_EDGE ( 'NONE', *, *, #2999, .F. ) ;
#4001 = CARTESIAN_POINT ( 'NONE',  ( -0.8500000000000000888, 1.040949779275250140E-16, -0.5999999999999999778 ) ) ;
#4002 = ORIENTED_EDGE ( 'NONE', *, *, #7166, .F. ) ;
#4003 = STYLED_ITEM ( 'NONE', ( #6138 ), #3215 ) ;
#4004 = EDGE_CURVE ( 'NONE', #5933, #8969, #3453, .T. ) ;
#4005 =( LENGTH_UNIT ( ) NAMED_UNIT ( * ) SI_UNIT ( .MILLI., .METRE. ) );
#4006 = ORIENTED_EDGE ( 'NONE', *, *, #1941, .T. ) ;
#4007 = VECTOR ( 'NONE', #4539, 1000.000000000000000 ) ;
#4008 = PRESENTATION_LAYER_ASSIGNMENT (  '', '', ( #1335 ) ) ;
#4009 = DIRECTION ( 'NONE',  ( -0.000000000000000000, -0.000000000000000000, -1.000000000000000000 ) ) ;
#4010 = LINE ( 'NONE', #6751, #8167 ) ;
#4011 = UNCERTAINTY_MEASURE_WITH_UNIT (LENGTH_MEASURE( 1.000000000000000082E-05 ), #40, 'distance_accuracy_value', 'NONE');
#4012 =( GEOMETRIC_REPRESENTATION_CONTEXT ( 3 ) GLOBAL_UNCERTAINTY_ASSIGNED_CONTEXT ( ( #6243 ) ) GLOBAL_UNIT_ASSIGNED_CONTEXT ( ( #883, #7188, #3126 ) ) REPRESENTATION_CONTEXT ( 'NONE', 'WORKASPACE' ) );
#4013 = EDGE_LOOP ( 'NONE', ( #1559, #5924 ) ) ;
#4014 = FILL_AREA_STYLE_COLOUR ( '', #1778 ) ;
#4015 = CIRCLE ( 'NONE', #1466, 0.1999999999999999833 ) ;
#4016 =( LENGTH_UNIT ( ) NAMED_UNIT ( * ) SI_UNIT ( .MILLI., .METRE. ) );
#4017 = CARTESIAN_POINT ( 'NONE',  ( -1.350000000000000089, 1.974264068711928388, -0.9013780793965999738 ) ) ;
#4018 =( NAMED_UNIT ( * ) PLANE_ANGLE_UNIT ( ) SI_UNIT ( $, .RADIAN. ) );
#4019 =( NAMED_UNIT ( * ) PLANE_ANGLE_UNIT ( ) SI_UNIT ( $, .RADIAN. ) );
#4020 = CYLINDRICAL_SURFACE ( 'NONE', #8514, 0.1200000000000000927 ) ;
#4021 = FACE_OUTER_BOUND ( 'NONE', #9076, .T. ) ;
#4022 = CARTESIAN_POINT ( 'NONE',  ( -1.500000000000000000, 0.2540675543254986013, -1.320000000000000062 ) ) ;
#4023 = EDGE_LOOP ( 'NONE', ( #3528, #5897, #5761, #1893, #5806 ) ) ;
#4024 = FILL_AREA_STYLE_COLOUR ( '', #3903 ) ;
#4025 = DIRECTION ( 'NONE',  ( -0.000000000000000000, -1.000000000000000000, -0.000000000000000000 ) ) ;
#4026 = CARTESIAN_POINT ( 'NONE',  ( 1.750000000000000000, 0.5000000000000000000, -1.300000000000000044 ) ) ;
#4027 = ADVANCED_FACE ( 'NONE', ( #9093 ), #1989, .T. ) ;
#4028 = ORIENTED_EDGE ( 'NONE', *, *, #6459, .T. ) ;
#4029 = VERTEX_POINT ( 'NONE', #8396 ) ;
#4030 = ADVANCED_FACE ( 'NONE', ( #9012 ), #9107, .F. ) ;
#4031 = CARTESIAN_POINT ( 'NONE',  ( -1.350000000000000089, 1.974264068711928388, -1.051378079396599885 ) ) ;
#4032 = ORIENTED_EDGE ( 'NONE', *, *, #7591, .F. ) ;
#4033 = FILL_AREA_STYLE_COLOUR ( '', #1987 ) ;
#4034 = STYLED_ITEM ( 'NONE', ( #3490 ), #3561 ) ;
#4035 = STYLED_ITEM ( 'NONE', ( #5444 ), #4851 ) ;
#4036 = DIRECTION ( 'NONE',  ( 0.000000000000000000, 0.000000000000000000, -1.000000000000000000 ) ) ;
#4037 = VERTEX_POINT ( 'NONE', #2729 ) ;
#4038 = DIRECTION ( 'NONE',  ( 0.000000000000000000, 1.000000000000000000, 0.000000000000000000 ) ) ;
#4039 = DIRECTION ( 'NONE',  ( 1.000000000000000000, 0.000000000000000000, 0.000000000000000000 ) ) ;
#4040 = ADVANCED_FACE ( 'NONE', ( #2031 ), #9139, .T. ) ;
#4041 = ORIENTED_EDGE ( 'NONE', *, *, #2487, .T. ) ;
#4042 = AXIS2_PLACEMENT_3D ( 'NONE', #1561, #7773, #2221 ) ;
#4043 = DIRECTION ( 'NONE',  ( 1.000000000000000000, 0.000000000000000000, 0.000000000000000000 ) ) ;
#4044 = DIRECTION ( 'NONE',  ( 0.000000000000000000, -1.000000000000000000, 0.000000000000000000 ) ) ;
#4045 = ORIENTED_EDGE ( 'NONE', *, *, #8547, .F. ) ;
#4046 = CARTESIAN_POINT ( 'NONE',  ( -0.8395382766172907463, 1.549999999999999822, -0.7467356025454507940 ) ) ;
#4047 = VERTEX_POINT ( 'NONE', #698 ) ;
#4048 = ADVANCED_FACE ( 'NONE', ( #750 ), #2866, .T. ) ;
#4049 = AXIS2_PLACEMENT_3D ( 'NONE', #7289, #3636, #1650 ) ;
#4050 =( NAMED_UNIT ( * ) SI_UNIT ( $, .STERADIAN. ) SOLID_ANGLE_UNIT ( ) );
#4051 = LINE ( 'NONE', #7499, #4631 ) ;
#4052 = DIRECTION ( 'NONE',  ( 0.000000000000000000, 0.000000000000000000, -1.000000000000000000 ) ) ;
#4053 = ORIENTED_EDGE ( 'NONE', *, *, #2415, .T. ) ;
#4054 = DIRECTION ( 'NONE',  ( 1.000000000000000000, 0.000000000000000000, 0.000000000000000000 ) ) ;
#4055 = CARTESIAN_POINT ( 'NONE',  ( -1.500000000000000222, -0.2459324456744985399, -1.369999999999999885 ) ) ;
#4056 = LINE ( 'NONE', #8905, #6070 ) ;
#4057 = CARTESIAN_POINT ( 'NONE',  ( 0.2799999999999990830, 0.4540675543254998892, -1.320000000000000062 ) ) ;
#4058 = LINE ( 'NONE', #2495, #5676 ) ;
#4059 = MECHANICAL_DESIGN_GEOMETRIC_PRESENTATION_REPRESENTATION (  '', ( #6837 ), #8613 ) ;
#4060 = DIRECTION ( 'NONE',  ( 0.000000000000000000, 0.000000000000000000, 1.000000000000000000 ) ) ;
#4061 = VECTOR ( 'NONE', #106, 1000.000000000000000 ) ;
#4062 = VECTOR ( 'NONE', #8071, 1000.000000000000000 ) ;
#4063 = EDGE_CURVE ( 'NONE', #4685, #4812, #6485, .T. ) ;
#4064 = ORIENTED_EDGE ( 'NONE', *, *, #6245, .T. ) ;
#4065 = COLOUR_RGB ( '',1.000000000000000000, 1.000000000000000000, 1.000000000000000000 ) ;
#4066 = CARTESIAN_POINT ( 'NONE',  ( 0.000000000000000000, 0.000000000000000000, -1.399000000000000021 ) ) ;
#4067 = AXIS2_PLACEMENT_3D ( 'NONE', #5947, #5990, #5193 ) ;
#4068 = DIRECTION ( 'NONE',  ( 0.000000000000000000, 0.000000000000000000, -1.000000000000000000 ) ) ;
#4069 = DIRECTION ( 'NONE',  ( -1.000000000000000000, 0.000000000000000000, 0.000000000000000000 ) ) ;
#4070 =( LENGTH_UNIT ( ) NAMED_UNIT ( * ) SI_UNIT ( .MILLI., .METRE. ) );
#4071 = CARTESIAN_POINT ( 'NONE',  ( -1.750000000000000000, 1.000000000000000000, -1.399999999999999911 ) ) ;
#4072 = FACE_OUTER_BOUND ( 'NONE', #1240, .T. ) ;
#4073 = ORIENTED_EDGE ( 'NONE', *, *, #8717, .T. ) ;
#4074 = CYLINDRICAL_SURFACE ( 'NONE', #4592, 0.1200000000000000372 ) ;
#4075 = VERTEX_POINT ( 'NONE', #5692 ) ;
#4076 = VERTEX_POINT ( 'NONE', #5784 ) ;
#4077 = AXIS2_PLACEMENT_3D ( 'NONE', #2808, #5680, #5723 ) ;
#4078 =( NAMED_UNIT ( * ) SI_UNIT ( $, .STERADIAN. ) SOLID_ANGLE_UNIT ( ) );
#4079 = DIRECTION ( 'NONE',  ( 0.000000000000000000, 1.000000000000000000, 0.000000000000000000 ) ) ;
#4080 = CARTESIAN_POINT ( 'NONE',  ( 1.500000000000000222, -0.2459324456744986509, -1.399999999999999911 ) ) ;
#4081 = VERTEX_POINT ( 'NONE', #2322 ) ;
#4082 = SURFACE_SIDE_STYLE ('',( #8181 ) ) ;
#4083 = SURFACE_STYLE_USAGE ( .BOTH. , #1248 ) ;
#4084 = DIRECTION ( 'NONE',  ( 1.000000000000000000, 0.000000000000000000, 0.000000000000000000 ) ) ;
#4085 = UNCERTAINTY_MEASURE_WITH_UNIT (LENGTH_MEASURE( 1.000000000000000082E-05 ), #4480, 'distance_accuracy_value', 'NONE');
#4086 = VERTEX_POINT ( 'NONE', #8540 ) ;
#4087 = PLANE ( 'NONE',  #3402 ) ;
#4088 = ORIENTED_EDGE ( 'NONE', *, *, #6744, .F. ) ;
#4089 = CARTESIAN_POINT ( 'NONE',  ( 1.350000000000000089, -1.300000000000000044, 0.000000000000000000 ) ) ;
#4090 = APPLICATION_PROTOCOL_DEFINITION ( 'draft international standard', 'automotive_design', 1998, #4521 ) ;
#4091 = ORIENTED_EDGE ( 'NONE', *, *, #7958, .F. ) ;
#4092 =( GEOMETRIC_REPRESENTATION_CONTEXT ( 3 ) GLOBAL_UNCERTAINTY_ASSIGNED_CONTEXT ( ( #4734 ) ) GLOBAL_UNIT_ASSIGNED_CONTEXT ( ( #3909, #2265, #3214 ) ) REPRESENTATION_CONTEXT ( 'NONE', 'WORKASPACE' ) );
#4093 = SHAPE_REPRESENTATION ( 'Housing & Button & Contact & Terminal^SWT0115-020025SSA_rev0.4', ( #1253 ), #950 ) ;
#4094 = EDGE_CURVE ( 'NONE', #8693, #4860, #8638, .T. ) ;
#4095 = DIRECTION ( 'NONE',  ( 0.000000000000000000, 0.000000000000000000, -1.000000000000000000 ) ) ;
#4096 = UNCERTAINTY_MEASURE_WITH_UNIT (LENGTH_MEASURE( 1.000000000000000082E-05 ), #145, 'distance_accuracy_value', 'NONE');
#4097 = EDGE_LOOP ( 'NONE', ( #417, #9037, #198, #4726 ) ) ;
#4098 = STYLED_ITEM ( 'NONE', ( #5647 ), #1488 ) ;
#4099 =( LENGTH_UNIT ( ) NAMED_UNIT ( * ) SI_UNIT ( .MILLI., .METRE. ) );
#4100 = EDGE_CURVE ( 'NONE', #1077, #8875, #7829, .T. ) ;
#4101 = VECTOR ( 'NONE', #7704, 1000.000000000000000 ) ;
#4102 = DIRECTION ( 'NONE',  ( -0.4166666666666983820, -0.9090593428862949743, 0.000000000000000000 ) ) ;
#4103 =( NAMED_UNIT ( * ) SI_UNIT ( $, .STERADIAN. ) SOLID_ANGLE_UNIT ( ) );
#4104 = DIRECTION ( 'NONE',  ( 0.000000000000000000, 0.000000000000000000, 1.000000000000000000 ) ) ;
#4105 = CARTESIAN_POINT ( 'NONE',  ( 1.750000000000000000, 0.9799999999999999822, 0.000000000000000000 ) ) ;
#4106 = LINE ( 'NONE', #3510, #5017 ) ;
#4107 = VERTEX_POINT ( 'NONE', #7056 ) ;
#4108 = EDGE_CURVE ( 'NONE', #7234, #5337, #7101, .T. ) ;
#4109 = PRESENTATION_STYLE_ASSIGNMENT (( #7100 ) ) ;
#4110 = CARTESIAN_POINT ( 'NONE',  ( -1.750000000000000000, -1.000000000000000000, -1.399999999999999911 ) ) ;
#4111 = VERTEX_POINT ( 'NONE', #1518 ) ;
#4112 = CARTESIAN_POINT ( 'NONE',  ( -1.610000000000000098, -0.5425320565518999549, -0.1000000000000000472 ) ) ;
#4113 = ORIENTED_EDGE ( 'NONE', *, *, #6411, .T. ) ;
#4114 = SURFACE_SIDE_STYLE ('',( #4248 ) ) ;
#4115 = ORIENTED_EDGE ( 'NONE', *, *, #5642, .F. ) ;
#4116 = CARTESIAN_POINT ( 'NONE',  ( -1.600000000000000089, -1.550000000000000044, -1.101378079396600151 ) ) ;
#4117 = CARTESIAN_POINT ( 'NONE',  ( 1.750000000000000000, 1.335834036457999918, -0.9513780793966000182 ) ) ;
#4118 = PRESENTATION_LAYER_ASSIGNMENT (  '', '', ( #3833 ) ) ;
#4119 = SURFACE_SIDE_STYLE ('',( #4213 ) ) ;
#4120 = ORIENTED_EDGE ( 'NONE', *, *, #4773, .T. ) ;
#4121 = DIRECTION ( 'NONE',  ( 1.000000000000000000, 0.000000000000000000, 0.000000000000000000 ) ) ;
#4122 = STYLED_ITEM ( 'NONE', ( #3480 ), #546 ) ;
#4123 =( LENGTH_UNIT ( ) NAMED_UNIT ( * ) SI_UNIT ( .MILLI., .METRE. ) );
#4124 = ORIENTED_EDGE ( 'NONE', *, *, #6459, .F. ) ;
#4125 = CARTESIAN_POINT ( 'NONE',  ( 1.750000000000000000, -1.550000000000000044, 0.000000000000000000 ) ) ;
#4126 = LINE ( 'NONE', #2094, #1931 ) ;
#4127 = EDGE_LOOP ( 'NONE', ( #922, #7169, #3817, #8527 ) ) ;
#4128 = DIRECTION ( 'NONE',  ( 1.000000000000000000, 0.000000000000000000, 0.000000000000000000 ) ) ;
#4129 = AXIS2_PLACEMENT_3D ( 'NONE', #2279, #2187, #7213 ) ;
#4130 = ORIENTED_EDGE ( 'NONE', *, *, #5713, .T. ) ;
#4131 = CIRCLE ( 'NONE', #2816, 0.1500000000000000777 ) ;
#4132 = AXIS2_PLACEMENT_3D ( 'NONE', #6213, #1154, #4084 ) ;
#4133 = PLANE ( 'NONE',  #6980 ) ;
#4134 = PRESENTATION_STYLE_ASSIGNMENT (( #4180 ) ) ;
#4135 = COLOUR_RGB ( '',0.4117647058823529216, 0.4117647058823529216, 0.4117647058823529216 ) ;
#4136 = CIRCLE ( 'NONE', #5369, 0.1200000000000000927 ) ;
#4137 = LINE ( 'NONE', #6942, #2062 ) ;
#4138 = EDGE_CURVE ( 'NONE', #3726, #7484, #5837, .T. ) ;
#4139 = VERTEX_POINT ( 'NONE', #6530 ) ;
#4140 = AXIS2_PLACEMENT_3D ( 'NONE', #7627, #7121, #7073 ) ;
#4141 = CARTESIAN_POINT ( 'NONE',  ( -1.600000000000000089, -1.550000000000000044, -0.9513780793966000182 ) ) ;
#4142 = ADVANCED_FACE ( 'NONE', ( #5740 ), #2179, .T. ) ;
#4143 = DIRECTION ( 'NONE',  ( 2.891205793294676177E-14, 1.000000000000000000, 0.000000000000000000 ) ) ;
#4144 = MECHANICAL_DESIGN_GEOMETRIC_PRESENTATION_REPRESENTATION (  '', ( #1030 ), #414 ) ;
#4145 = FILL_AREA_STYLE ('',( #2019 ) ) ;
#4146 = DIRECTION ( 'NONE',  ( 1.000000000000000000, 0.000000000000000000, 0.000000000000000000 ) ) ;
#4147 = CYLINDRICAL_SURFACE ( 'NONE', #2449, 0.1499999999999999667 ) ;
#4148 = ADVANCED_FACE ( 'NONE', ( #947 ), #1091, .T. ) ;
#4149 = VECTOR ( 'NONE', #7041, 1000.000000000000000 ) ;
#4150 = DIRECTION ( 'NONE',  ( 0.000000000000000000, 0.000000000000000000, -1.000000000000000000 ) ) ;
#4151 = CIRCLE ( 'NONE', #6025, 0.2000000000000000944 ) ;
#4152 = ORIENTED_EDGE ( 'NONE', *, *, #3599, .T. ) ;
#4153 = AXIS2_PLACEMENT_3D ( 'NONE', #6081, #8093, #4043 ) ;
#4154 = FACE_OUTER_BOUND ( 'NONE', #7319, .T. ) ;
#4155 = CARTESIAN_POINT ( 'NONE',  ( -0.9050000000000001377, -1.449999999999999956, -1.302973369332799836 ) ) ;
#4156 =( NAMED_UNIT ( * ) SI_UNIT ( $, .STERADIAN. ) SOLID_ANGLE_UNIT ( ) );
#4157 = ADVANCED_FACE ( 'NONE', ( #2497 ), #4665, .F. ) ;
#4158 = SURFACE_STYLE_FILL_AREA ( #1942 ) ;
#4159 = DIRECTION ( 'NONE',  ( 0.000000000000000000, 0.000000000000000000, -1.000000000000000000 ) ) ;
#4160 = VERTEX_POINT ( 'NONE', #2412 ) ;
#4161 = SURFACE_STYLE_USAGE ( .BOTH. , #7651 ) ;
#4162 = ORIENTED_EDGE ( 'NONE', *, *, #6888, .T. ) ;
#4163 = CARTESIAN_POINT ( 'NONE',  ( -1.005000000000000115, 1.335834036457999918, -1.399999999999999911 ) ) ;
#4164 = DIRECTION ( 'NONE',  ( 0.000000000000000000, 0.000000000000000000, 1.000000000000000000 ) ) ;
#4165 = DIRECTION ( 'NONE',  ( 0.000000000000000000, 0.9931725334838162889, -0.1166546987195020285 ) ) ;
#4166 = CARTESIAN_POINT ( 'NONE',  ( -0.7049999999999999600, -1.549999999999999822, -0.9000000000000000222 ) ) ;
#4167 = EDGE_LOOP ( 'NONE', ( #8086, #3341, #4267, #1142 ) ) ;
#4168 = AXIS2_PLACEMENT_3D ( 'NONE', #6139, #8730, #8198 ) ;
#4169 = UNCERTAINTY_MEASURE_WITH_UNIT (LENGTH_MEASURE( 1.000000000000000082E-05 ), #7869, 'distance_accuracy_value', 'NONE');
#4170 = EDGE_CURVE ( 'NONE', #6048, #7150, #6970, .T. ) ;
#4171 = CARTESIAN_POINT ( 'NONE',  ( -1.250000000000000000, -1.449999999999999956, -0.9513780793966000182 ) ) ;
#4172 = ORIENTED_EDGE ( 'NONE', *, *, #2289, .T. ) ;
#4173 = EDGE_CURVE ( 'NONE', #4540, #4160, #4570, .T. ) ;
#4174 = CARTESIAN_POINT ( 'NONE',  ( 1.610000000000000098, 0.8599999999999999867, 0.000000000000000000 ) ) ;
#4175 = VERTEX_POINT ( 'NONE', #1706 ) ;
#4176 = AXIS2_PLACEMENT_3D ( 'NONE', #3774, #8658, #1731 ) ;
#4177 = CYLINDRICAL_SURFACE ( 'NONE', #338, 0.1999999999999999833 ) ;
#4178 = ORIENTED_EDGE ( 'NONE', *, *, #3367, .T. ) ;
#4179 = SURFACE_STYLE_USAGE ( .BOTH. , #543 ) ;
#4180 = SURFACE_STYLE_USAGE ( .BOTH. , #6307 ) ;
#4181 = STYLED_ITEM ( 'NONE', ( #7512 ), #4209 ) ;
#4182 = UNCERTAINTY_MEASURE_WITH_UNIT (LENGTH_MEASURE( 1.000000000000000082E-05 ), #668, 'distance_accuracy_value', 'NONE');
#4183 = ORIENTED_EDGE ( 'NONE', *, *, #3926, .T. ) ;
#4184 = CYLINDRICAL_SURFACE ( 'NONE', #8600, 0.1999999999999999833 ) ;
#4185 = FILL_AREA_STYLE ('',( #640 ) ) ;
#4186 = AXIS2_PLACEMENT_3D ( 'NONE', #2814, #2910, #4194 ) ;
#4187 = CIRCLE ( 'NONE', #3018, 0.1200000000000000372 ) ;
#4188 = PRESENTATION_LAYER_ASSIGNMENT (  '', '', ( #8164 ) ) ;
#4189 = CARTESIAN_POINT ( 'NONE',  ( -0.2999999999999997113, 0.4540675543254998892, -1.320000000000000062 ) ) ;
#4190 =( NAMED_UNIT ( * ) SI_UNIT ( $, .STERADIAN. ) SOLID_ANGLE_UNIT ( ) );
#4191 = LINE ( 'NONE', #9127, #8962 ) ;
#4192 = CARTESIAN_POINT ( 'NONE',  ( -0.8500000000000000888, 1.040949779275250140E-16, 0.4999999999999998890 ) ) ;
#4193 = CARTESIAN_POINT ( 'NONE',  ( 1.750000000000000000, -1.327698927806999940, -0.9513780793966000182 ) ) ;
#4194 = DIRECTION ( 'NONE',  ( -1.000000000000000000, -1.264902534566420788E-14, 0.000000000000000000 ) ) ;
#4195 = ORIENTED_EDGE ( 'NONE', *, *, #46, .F. ) ;
#4196 = LINE ( 'NONE', #5781, #1080 ) ;
#4197 =( GEOMETRIC_REPRESENTATION_CONTEXT ( 3 ) GLOBAL_UNCERTAINTY_ASSIGNED_CONTEXT ( ( #7320 ) ) GLOBAL_UNIT_ASSIGNED_CONTEXT ( ( #3786, #1032, #6569 ) ) REPRESENTATION_CONTEXT ( 'NONE', 'WORKASPACE' ) );
#4198 = PRESENTATION_STYLE_ASSIGNMENT (( #1370 ) ) ;
#4199 = EDGE_CURVE ( 'NONE', #7308, #4589, #7379, .T. ) ;
#4200 = AXIS2_PLACEMENT_3D ( 'NONE', #677, #8175, #8322 ) ;
#4201 =( NAMED_UNIT ( * ) SI_UNIT ( $, .STERADIAN. ) SOLID_ANGLE_UNIT ( ) );
#4202 = CARTESIAN_POINT ( 'NONE',  ( 1.750000000000000000, 1.000000000000000000, -1.300000000000000044 ) ) ;
#4203 = ADVANCED_FACE ( 'NONE', ( #2456 ), #1046, .T. ) ;
#4204 = ORIENTED_EDGE ( 'NONE', *, *, #632, .T. ) ;
#4205 = CYLINDRICAL_SURFACE ( 'NONE', #1327, 0.1999999999999998723 ) ;
#4206 = AXIS2_PLACEMENT_3D ( 'NONE', #6725, #1714, #3238 ) ;
#4207 =( GEOMETRIC_REPRESENTATION_CONTEXT ( 3 ) GLOBAL_UNCERTAINTY_ASSIGNED_CONTEXT ( ( #2522 ) ) GLOBAL_UNIT_ASSIGNED_CONTEXT ( ( #7438, #7535, #2783 ) ) REPRESENTATION_CONTEXT ( 'NONE', 'WORKASPACE' ) );
#4208 = ORIENTED_EDGE ( 'NONE', *, *, #4497, .F. ) ;
#4209 = ADVANCED_FACE ( 'NONE', ( #2022, #9130 ), #5595, .T. ) ;
#4210 = DIRECTION ( 'NONE',  ( -0.000000000000000000, -1.000000000000000000, -0.000000000000000000 ) ) ;
#4211 = CARTESIAN_POINT ( 'NONE',  ( -1.750000000000000000, 1.550000000000000044, -1.399999999999999911 ) ) ;
#4212 = DIRECTION ( 'NONE',  ( -0.000000000000000000, -0.000000000000000000, 1.000000000000000000 ) ) ;
#4213 = SURFACE_STYLE_FILL_AREA ( #6342 ) ;
#4214 = ORIENTED_EDGE ( 'NONE', *, *, #5269, .F. ) ;
#4215 =( GEOMETRIC_REPRESENTATION_CONTEXT ( 3 ) GLOBAL_UNCERTAINTY_ASSIGNED_CONTEXT ( ( #5001 ) ) GLOBAL_UNIT_ASSIGNED_CONTEXT ( ( #968, #530, #4770 ) ) REPRESENTATION_CONTEXT ( 'NONE', 'WORKASPACE' ) );
#4216 = VECTOR ( 'NONE', #1737, 1000.000000000000000 ) ;
#4217 = SURFACE_STYLE_FILL_AREA ( #3661 ) ;
#4218 = CARTESIAN_POINT ( 'NONE',  ( -0.9050000000000001377, 1.335834036457999918, -0.9513780793966000182 ) ) ;
#4219 = CARTESIAN_POINT ( 'NONE',  ( -1.299999999999998712, 0.4540675543254998892, -1.399999999999999911 ) ) ;
#4220 = VECTOR ( 'NONE', #5846, 1000.000000000000000 ) ;
#4221 = FACE_OUTER_BOUND ( 'NONE', #4263, .T. ) ;
#4222 = VERTEX_POINT ( 'NONE', #4843 ) ;
#4223 = DIRECTION ( 'NONE',  ( 1.000000000000000000, 0.000000000000000000, 0.000000000000000000 ) ) ;
#4224 = ORIENTED_EDGE ( 'NONE', *, *, #5468, .T. ) ;
#4225 = EDGE_CURVE ( 'NONE', #7261, #6075, #645, .T. ) ;
#4226 = DIRECTION ( 'NONE',  ( -1.000000000000000000, 0.000000000000000000, 0.000000000000000000 ) ) ;
#4227 = CARTESIAN_POINT ( 'NONE',  ( -1.594948974278317833, -1.550000000000000266, -1.151378079396599974 ) ) ;
#4228 = CARTESIAN_POINT ( 'NONE',  ( -0.9050000000000001377, 1.449999999999999956, -0.9513780793966000182 ) ) ;
#4229 = FILL_AREA_STYLE_COLOUR ( '', #2835 ) ;
#4230 = ORIENTED_EDGE ( 'NONE', *, *, #5095, .T. ) ;
#4231 = DIRECTION ( 'NONE',  ( -0.000000000000000000, -0.000000000000000000, -1.000000000000000000 ) ) ;
#4232 = AXIS2_PLACEMENT_3D ( 'NONE', #5254, #1098, #3936 ) ;
#4233 = MECHANICAL_DESIGN_GEOMETRIC_PRESENTATION_REPRESENTATION (  '', ( #7192 ), #4092 ) ;
#4234 = CARTESIAN_POINT ( 'NONE',  ( -1.750000000000000000, -1.449999999999999956, -1.302973369332799836 ) ) ;
#4235 = FACE_OUTER_BOUND ( 'NONE', #5476, .T. ) ;
#4236 =( LENGTH_UNIT ( ) NAMED_UNIT ( * ) SI_UNIT ( .MILLI., .METRE. ) );
#4237 =( LENGTH_UNIT ( ) NAMED_UNIT ( * ) SI_UNIT ( .MILLI., .METRE. ) );
#4238 = VECTOR ( 'NONE', #283, 1000.000000000000000 ) ;
#4239 =( LENGTH_UNIT ( ) NAMED_UNIT ( * ) SI_UNIT ( .MILLI., .METRE. ) );
#4240 =( GEOMETRIC_REPRESENTATION_CONTEXT ( 3 ) GLOBAL_UNCERTAINTY_ASSIGNED_CONTEXT ( ( #1958 ) ) GLOBAL_UNIT_ASSIGNED_CONTEXT ( ( #8230, #1903, #8979 ) ) REPRESENTATION_CONTEXT ( 'NONE', 'WORKASPACE' ) );
#4241 = VERTEX_POINT ( 'NONE', #1978 ) ;
#4242 = CARTESIAN_POINT ( 'NONE',  ( -2.299999999999999822, 0.5000000000000000000, -1.399999999999999911 ) ) ;
#4243 = PRESENTATION_LAYER_ASSIGNMENT (  '', '', ( #989 ) ) ;
#4244 = DIRECTION ( 'NONE',  ( 0.000000000000000000, 0.000000000000000000, -1.000000000000000000 ) ) ;
#4245 = VERTEX_POINT ( 'NONE', #4022 ) ;
#4246 = EDGE_CURVE ( 'NONE', #1294, #7853, #2813, .T. ) ;
#4247 = ORIENTED_EDGE ( 'NONE', *, *, #4063, .T. ) ;
#4248 = SURFACE_STYLE_FILL_AREA ( #2736 ) ;
#4249 = LINE ( 'NONE', #2834, #6294 ) ;
#4250 = EDGE_CURVE ( 'NONE', #6182, #4685, #6276, .T. ) ;
#4251 = DIRECTION ( 'NONE',  ( 0.000000000000000000, 1.000000000000000000, -0.000000000000000000 ) ) ;
#4252 = SURFACE_STYLE_FILL_AREA ( #6839 ) ;
#4253 = SURFACE_SIDE_STYLE ('',( #6250 ) ) ;
#4254 = PRESENTATION_STYLE_ASSIGNMENT (( #8364 ) ) ;
#4255 = ORIENTED_EDGE ( 'NONE', *, *, #5989, .F. ) ;
#4256 =( NAMED_UNIT ( * ) PLANE_ANGLE_UNIT ( ) SI_UNIT ( $, .RADIAN. ) );
#4257 = CARTESIAN_POINT ( 'NONE',  ( 1.004999999999999893, -1.427698927807000029, -1.300754277287799798 ) ) ;
#4258 = UNCERTAINTY_MEASURE_WITH_UNIT (LENGTH_MEASURE( 1.000000000000000082E-05 ), #7405, 'distance_accuracy_value', 'NONE');
#4259 = PRESENTATION_LAYER_ASSIGNMENT (  '', '', ( #4988 ) ) ;
#4260 = EDGE_CURVE ( 'NONE', #2799, #670, #9045, .T. ) ;
#4261 = SURFACE_SIDE_STYLE ('',( #6255 ) ) ;
#4262 = PRESENTATION_STYLE_ASSIGNMENT (( #2792 ) ) ;
#4263 = EDGE_LOOP ( 'NONE', ( #5093, #6906, #6889, #1444 ) ) ;
#4264 = PLANE ( 'NONE',  #3447 ) ;
#4265 = CARTESIAN_POINT ( 'NONE',  ( -0.8499902675924053685, -0.004067554325499201512, 0.4999999999999998890 ) ) ;
#4266 = PRESENTATION_STYLE_ASSIGNMENT (( #3442 ) ) ;
#4267 = ORIENTED_EDGE ( 'NONE', *, *, #3526, .F. ) ;
#4268 =( GEOMETRIC_REPRESENTATION_CONTEXT ( 3 ) GLOBAL_UNCERTAINTY_ASSIGNED_CONTEXT ( ( #3347 ) ) GLOBAL_UNIT_ASSIGNED_CONTEXT ( ( #3795, #2494, #6712 ) ) REPRESENTATION_CONTEXT ( 'NONE', 'WORKASPACE' ) );
#4269 = SURFACE_STYLE_USAGE ( .BOTH. , #5623 ) ;
#4270 = DIRECTION ( 'NONE',  ( 0.000000000000000000, 0.000000000000000000, -1.000000000000000000 ) ) ;
#4271 = ORIENTED_EDGE ( 'NONE', *, *, #4764, .F. ) ;
#4272 = CARTESIAN_POINT ( 'NONE',  ( 1.313397459622000163, -1.350000000000000089, 0.000000000000000000 ) ) ;
#4273 = COLOUR_RGB ( '',0.7686274509803920907, 0.7686274509803920907, 0.7686274509803920907 ) ;
#4274 = UNCERTAINTY_MEASURE_WITH_UNIT (LENGTH_MEASURE( 1.000000000000000082E-05 ), #2815, 'distance_accuracy_value', 'NONE');
#4275 = ORIENTED_EDGE ( 'NONE', *, *, #8547, .T. ) ;
#4276 = DIRECTION ( 'NONE',  ( 0.000000000000000000, 0.000000000000000000, -1.000000000000000000 ) ) ;
#4277 = COLOUR_RGB ( '',0.4117647058823529216, 0.4117647058823529216, 0.4117647058823529216 ) ;
#4278 =( NAMED_UNIT ( * ) PLANE_ANGLE_UNIT ( ) SI_UNIT ( $, .RADIAN. ) );
#4279 = AXIS2_PLACEMENT_3D ( 'NONE', #782, #8525, #8622 ) ;
#4280 = AXIS2_PLACEMENT_3D ( 'NONE', #6135, #7751, #2882 ) ;
#4281 = LINE ( 'NONE', #49, #7250 ) ;
#4282 = SURFACE_STYLE_USAGE ( .BOTH. , #1976 ) ;
#4283 = CARTESIAN_POINT ( 'NONE',  ( -1.750000000000000000, -1.449999999999999956, -0.1000000000000000472 ) ) ;
#4284 = SURFACE_STYLE_USAGE ( .BOTH. , #1508 ) ;
#4285 = DIRECTION ( 'NONE',  ( 0.000000000000000000, -1.000000000000000000, 0.000000000000000000 ) ) ;
#4286 = DIRECTION ( 'NONE',  ( 1.000000000000000000, 0.000000000000000000, 0.000000000000000000 ) ) ;
#4287 = VECTOR ( 'NONE', #2700, 1000.000000000000000 ) ;
#4288 = STYLED_ITEM ( 'NONE', ( #8233 ), #5629 ) ;
#4289 = ORIENTED_EDGE ( 'NONE', *, *, #5424, .T. ) ;
#4290 = CARTESIAN_POINT ( 'NONE',  ( -2.299999999999999822, 1.000000000000000000, -1.399999999999999911 ) ) ;
#4291 = FACE_OUTER_BOUND ( 'NONE', #1676, .T. ) ;
#4292 = CARTESIAN_POINT ( 'NONE',  ( -1.350000000000000089, 1.974264068711928388, -1.051378079396599885 ) ) ;
#4293 =( GEOMETRIC_REPRESENTATION_CONTEXT ( 3 ) GLOBAL_UNCERTAINTY_ASSIGNED_CONTEXT ( ( #913 ) ) GLOBAL_UNIT_ASSIGNED_CONTEXT ( ( #3527, #2889, #2795 ) ) REPRESENTATION_CONTEXT ( 'NONE', 'WORKASPACE' ) );
#4294 = SURFACE_SIDE_STYLE ('',( #1462 ) ) ;
#4295 = MECHANICAL_DESIGN_GEOMETRIC_PRESENTATION_REPRESENTATION (  '', ( #1039 ), #8275 ) ;
#4296 =( NAMED_UNIT ( * ) PLANE_ANGLE_UNIT ( ) SI_UNIT ( $, .RADIAN. ) );
#4297 = DIRECTION ( 'NONE',  ( 1.000000000000000000, 0.000000000000000000, 0.000000000000000000 ) ) ;
#4298 = COLOUR_RGB ( '',0.4117647058823529216, 0.4117647058823529216, 0.4117647058823529216 ) ;
#4299 = DIRECTION ( 'NONE',  ( 0.000000000000000000, 0.000000000000000000, -1.000000000000000000 ) ) ;
#4300 = ORIENTED_EDGE ( 'NONE', *, *, #7004, .F. ) ;
#4301 = SURFACE_SIDE_STYLE ('',( #3800 ) ) ;
#4302 = FILL_AREA_STYLE ('',( #4395 ) ) ;
#4303 = FILL_AREA_STYLE ('',( #2188 ) ) ;
#4304 = DIRECTION ( 'NONE',  ( 1.000000000000000000, 0.000000000000000000, 0.000000000000000000 ) ) ;
#4305 = ORIENTED_EDGE ( 'NONE', *, *, #5578, .F. ) ;
#4306 = SURFACE_STYLE_FILL_AREA ( #1479 ) ;
#4307 = EDGE_CURVE ( 'NONE', #5860, #7537, #9050, .T. ) ;
#4308 = CARTESIAN_POINT ( 'NONE',  ( -1.750000000000000000, -1.327698927806999940, -0.9513780793966000182 ) ) ;
#4309 = ORIENTED_EDGE ( 'NONE', *, *, #5755, .T. ) ;
#4310 = SURFACE_SIDE_STYLE ('',( #3765 ) ) ;
#4311 = FILL_AREA_STYLE ('',( #7120 ) ) ;
#4312 = SURFACE_STYLE_FILL_AREA ( #4824 ) ;
#4313 = ORIENTED_EDGE ( 'NONE', *, *, #785, .F. ) ;
#4314 = DIRECTION ( 'NONE',  ( -1.000000000000000000, 1.264902534566420788E-14, 0.000000000000000000 ) ) ;
#4315 = DIRECTION ( 'NONE',  ( 0.000000000000000000, 1.000000000000000000, 0.000000000000000000 ) ) ;
#4316 = ORIENTED_EDGE ( 'NONE', *, *, #8168, .T. ) ;
#4317 = EDGE_CURVE ( 'NONE', #1119, #9119, #1883, .T. ) ;
#4318 = DIRECTION ( 'NONE',  ( 0.000000000000000000, 0.000000000000000000, -1.000000000000000000 ) ) ;
#4319 = EDGE_CURVE ( 'NONE', #1485, #679, #3906, .T. ) ;
#4320 =( NAMED_UNIT ( * ) SI_UNIT ( $, .STERADIAN. ) SOLID_ANGLE_UNIT ( ) );
#4321 = ORIENTED_EDGE ( 'NONE', *, *, #2745, .F. ) ;
#4322 = VECTOR ( 'NONE', #1858, 1000.000000000000000 ) ;
#4323 = CARTESIAN_POINT ( 'NONE',  ( 1.750000000000000000, 0.4999999999999997780, -1.399000000000000021 ) ) ;
#4324 = EDGE_CURVE ( 'NONE', #7614, #8229, #8959, .T. ) ;
#4325 = CARTESIAN_POINT ( 'NONE',  ( -8.131516293641283255E-17, 0.000000000000000000, 0.000000000000000000 ) ) ;
#4326 = CARTESIAN_POINT ( 'NONE',  ( -1.300000000000000266, 1.300000000000000044, 0.000000000000000000 ) ) ;
#4327 = VECTOR ( 'NONE', #6449, 1000.000000000000000 ) ;
#4328 = SURFACE_SIDE_STYLE ('',( #838 ) ) ;
#4329 = CARTESIAN_POINT ( 'NONE',  ( -1.399999999999999911, 1.300000000000000044, 0.000000000000000000 ) ) ;
#4330 = PRESENTATION_LAYER_ASSIGNMENT (  '', '', ( #4181 ) ) ;
#4331 = CARTESIAN_POINT ( 'NONE',  ( 0.7049999999999998490, 1.449999999999999956, -0.9000000000000000222 ) ) ;
#4332 = SURFACE_SIDE_STYLE ('',( #7 ) ) ;
#4333 = STYLED_ITEM ( 'NONE', ( #8502 ), #3759 ) ;
#4334 = ORIENTED_EDGE ( 'NONE', *, *, #6136, .F. ) ;
#4335 = VECTOR ( 'NONE', #4341, 1000.000000000000000 ) ;
#4336 = MECHANICAL_DESIGN_GEOMETRIC_PRESENTATION_REPRESENTATION (  '', ( #3306 ), #1526 ) ;
#4337 = STYLED_ITEM ( 'NONE', ( #2952 ), #4373 ) ;
#4338 = DIRECTION ( 'NONE',  ( -0.000000000000000000, 1.000000000000000000, -0.000000000000000000 ) ) ;
#4339 = CARTESIAN_POINT ( 'NONE',  ( 1.594948974278317833, -1.550000000000000266, -0.9513780793966000182 ) ) ;
#4340 = FILL_AREA_STYLE ('',( #193 ) ) ;
#4341 = DIRECTION ( 'NONE',  ( 0.000000000000000000, 1.000000000000000000, 0.000000000000000000 ) ) ;
#4342 = AXIS2_PLACEMENT_3D ( 'NONE', #4613, #1834, #4666 ) ;
#4343 = EDGE_CURVE ( 'NONE', #3914, #8815, #8311, .T. ) ;
#4344 = STYLED_ITEM ( 'NONE', ( #5090 ), #4619 ) ;
#4345 = DIRECTION ( 'NONE',  ( -0.000000000000000000, -0.000000000000000000, -1.000000000000000000 ) ) ;
#4346 = ORIENTED_EDGE ( 'NONE', *, *, #880, .F. ) ;
#4347 = CARTESIAN_POINT ( 'NONE',  ( 1.242857142857142883, -1.550000000000000266, -0.7963999475630351155 ) ) ;
#4348 = PLANE ( 'NONE',  #3355 ) ;
#4349 = DIRECTION ( 'NONE',  ( 0.000000000000000000, 0.000000000000000000, 1.000000000000000000 ) ) ;
#4350 = DIRECTION ( 'NONE',  ( 1.000000000000000000, 0.000000000000000000, 0.000000000000000000 ) ) ;
#4351 = ORIENTED_EDGE ( 'NONE', *, *, #3077, .T. ) ;
#4352 = DIRECTION ( 'NONE',  ( -1.000000000000000000, 0.000000000000000000, 0.000000000000000000 ) ) ;
#4353 = DIRECTION ( 'NONE',  ( 0.000000000000000000, -1.000000000000000000, 0.000000000000000000 ) ) ;
#4354 = CYLINDRICAL_SURFACE ( 'NONE', #4875, 0.1199999999999999956 ) ;
#4355 = CARTESIAN_POINT ( 'NONE',  ( -1.629999999999999893, 1.300000000000000044, 0.000000000000000000 ) ) ;
#4356 = ORIENTED_EDGE ( 'NONE', *, *, #6191, .F. ) ;
#4357 = LINE ( 'NONE', #7315, #3010 ) ;
#4358 = CARTESIAN_POINT ( 'NONE',  ( -0.9050000000000001377, 1.550000000000000044, -1.102973369332799658 ) ) ;
#4359 = ORIENTED_EDGE ( 'NONE', *, *, #6713, .T. ) ;
#4360 = CIRCLE ( 'NONE', #2307, 0.1200000000000000927 ) ;
#4361 = STYLED_ITEM ( 'NONE', ( #3287 ), #9061 ) ;
#4362 = CARTESIAN_POINT ( 'NONE',  ( 1.800000000000000044, -1.300000000000000044, 0.000000000000000000 ) ) ;
#4363 = FILL_AREA_STYLE_COLOUR ( '', #4273 ) ;
#4364 = VERTEX_POINT ( 'NONE', #6521 ) ;
#4365 = CARTESIAN_POINT ( 'NONE',  ( -1.005000000000000115, 1.435834036458000007, -0.9513780793966000182 ) ) ;
#4366 = LINE ( 'NONE', #2848, #3110 ) ;
#4367 = UNCERTAINTY_MEASURE_WITH_UNIT (LENGTH_MEASURE( 1.000000000000000082E-05 ), #158, 'distance_accuracy_value', 'NONE');
#4368 = AXIS2_PLACEMENT_3D ( 'NONE', #9022, #1109, #4079 ) ;
#4369 = ORIENTED_EDGE ( 'NONE', *, *, #470, .T. ) ;
#4370 = EDGE_CURVE ( 'NONE', #3943, #8570, #6474, .T. ) ;
#4371 = LINE ( 'NONE', #5903, #5994 ) ;
#4372 = COLOUR_RGB ( '',1.000000000000000000, 1.000000000000000000, 1.000000000000000000 ) ;
#4373 = ADVANCED_FACE ( 'NONE', ( #3733 ), #7873, .F. ) ;
#4374 = CARTESIAN_POINT ( 'NONE',  ( -1.750000000000000000, 1.550000000000000044, -1.302973369332799836 ) ) ;
#4375 = VECTOR ( 'NONE', #8307, 1000.000000000000000 ) ;
#4376 =( LENGTH_UNIT ( ) NAMED_UNIT ( * ) SI_UNIT ( .MILLI., .METRE. ) );
#4377 = DIRECTION ( 'NONE',  ( 1.000000000000000000, 0.000000000000000000, 0.000000000000000000 ) ) ;
#4378 = CARTESIAN_POINT ( 'NONE',  ( 1.729999999999999982, -0.5425320565518999549, -3.001529453595000341 ) ) ;
#4379 = DIRECTION ( 'NONE',  ( 0.000000000000000000, 0.000000000000000000, 1.000000000000000000 ) ) ;
#4380 = ADVANCED_FACE ( 'NONE', ( #1556 ), #895, .T. ) ;
#4381 = MECHANICAL_DESIGN_GEOMETRIC_PRESENTATION_REPRESENTATION (  '', ( #4820 ), #1268 ) ;
#4382 = MECHANICAL_DESIGN_GEOMETRIC_PRESENTATION_REPRESENTATION (  '', ( #2013 ), #5386 ) ;
#4383 = ORIENTED_EDGE ( 'NONE', *, *, #2821, .F. ) ;
#4384 = DIRECTION ( 'NONE',  ( 0.000000000000000000, 0.000000000000000000, 1.000000000000000000 ) ) ;
#4385 = CARTESIAN_POINT ( 'NONE',  ( -0.9050000000000001377, 2.500000000000000000, -0.6999999999999999556 ) ) ;
#4386 = CARTESIAN_POINT ( 'NONE',  ( -1.610000000000000098, -0.7618257577072999887, 0.000000000000000000 ) ) ;
#4387 = PRESENTATION_STYLE_ASSIGNMENT (( #8724 ) ) ;
#4388 = MECHANICAL_DESIGN_GEOMETRIC_PRESENTATION_REPRESENTATION (  '', ( #4538 ), #825 ) ;
#4389 = SURFACE_STYLE_FILL_AREA ( #7208 ) ;
#4390 = LINE ( 'NONE', #903, #2715 ) ;
#4391 = CARTESIAN_POINT ( 'NONE',  ( 1.350000000000000089, 1.300000000000000044, 0.000000000000000000 ) ) ;
#4392 = ORIENTED_EDGE ( 'NONE', *, *, #1945, .T. ) ;
#4393 = FILL_AREA_STYLE ('',( #6437 ) ) ;
#4394 = AXIS2_PLACEMENT_3D ( 'NONE', #5972, #8736, #5123 ) ;
#4395 = FILL_AREA_STYLE_COLOUR ( '', #6762 ) ;
#4396 = EDGE_CURVE ( 'NONE', #735, #4245, #3590, .T. ) ;
#4397 = CARTESIAN_POINT ( 'NONE',  ( 1.500000000000000000, 0.2540675543254985458, -1.320000000000000062 ) ) ;
#4398 = CARTESIAN_POINT ( 'NONE',  ( 0.8049999999999998268, -1.450000000000000400, -1.739999999999999769 ) ) ;
#4399 = CARTESIAN_POINT ( 'NONE',  ( 0.9049999999999999156, 1.550000000000000044, -1.302973369332799836 ) ) ;
#4400 = CARTESIAN_POINT ( 'NONE',  ( -1.100000000000000089, -1.550000000000000266, -0.6564291051182821191 ) ) ;
#4401 = ORIENTED_EDGE ( 'NONE', *, *, #3501, .F. ) ;
#4402 = CARTESIAN_POINT ( 'NONE',  ( 0.9049999999999999156, 1.550000000000000044, -0.9000000000000000222 ) ) ;
#4403 = LINE ( 'NONE', #155, #7042 ) ;
#4404 = DIRECTION ( 'NONE',  ( 0.000000000000000000, 0.000000000000000000, 1.000000000000000000 ) ) ;
#4405 = DIRECTION ( 'NONE',  ( 0.000000000000000000, 0.000000000000000000, 1.000000000000000000 ) ) ;
#4406 = EDGE_LOOP ( 'NONE', ( #2347, #449, #5946, #7864, #6913 ) ) ;
#4407 = ORIENTED_EDGE ( 'NONE', *, *, #9146, .F. ) ;
#4408 = CIRCLE ( 'NONE', #384, 0.2000000000000000944 ) ;
#4409 = VERTEX_POINT ( 'NONE', #4969 ) ;
#4410 = LINE ( 'NONE', #830, #8320 ) ;
#4411 = CARTESIAN_POINT ( 'NONE',  ( 0.000000000000000000, 0.000000000000000000, -1.320000000000000062 ) ) ;
#4412 = ORIENTED_EDGE ( 'NONE', *, *, #9133, .T. ) ;
#4413 = AXIS2_PLACEMENT_3D ( 'NONE', #4431, #3553, #8588 ) ;
#4414 = PRESENTATION_STYLE_ASSIGNMENT (( #6464 ) ) ;
#4415 =( NAMED_UNIT ( * ) PLANE_ANGLE_UNIT ( ) SI_UNIT ( $, .RADIAN. ) );
#4416 = PLANE ( 'NONE',  #1712 ) ;
#4417 = CARTESIAN_POINT ( 'NONE',  ( 1.751000000000000334, 1.000000000000000000, -1.399999999999999911 ) ) ;
#4418 = DIRECTION ( 'NONE',  ( 0.000000000000000000, 0.000000000000000000, 1.000000000000000000 ) ) ;
#4419 = AXIS2_PLACEMENT_3D ( 'NONE', #5483, #7621, #2785 ) ;
#4420 =( NAMED_UNIT ( * ) PLANE_ANGLE_UNIT ( ) SI_UNIT ( $, .RADIAN. ) );
#4421 = EDGE_CURVE ( 'NONE', #7853, #2899, #2129, .T. ) ;
#4422 = CARTESIAN_POINT ( 'NONE',  ( 1.350000000000000089, -1.550000000000000266, -1.051378079396599885 ) ) ;
#4423 =( NAMED_UNIT ( * ) SI_UNIT ( $, .STERADIAN. ) SOLID_ANGLE_UNIT ( ) );
#4424 = ORIENTED_EDGE ( 'NONE', *, *, #170, .F. ) ;
#4425 = AXIS2_PLACEMENT_3D ( 'NONE', #2689, #5478, #8316 ) ;
#4426 = EDGE_CURVE ( 'NONE', #4075, #3395, #2716, .T. ) ;
#4427 = PRESENTATION_LAYER_ASSIGNMENT (  '', '', ( #7369 ) ) ;
#4428 = CIRCLE ( 'NONE', #5571, 0.8499999999999999778 ) ;
#4429 = DIRECTION ( 'NONE',  ( 0.000000000000000000, 1.000000000000000000, 0.000000000000000000 ) ) ;
#4430 = ADVANCED_FACE ( 'NONE', ( #840 ), #3680, .T. ) ;
#4431 = CARTESIAN_POINT ( 'NONE',  ( 1.300000000000000266, 0.2540675543254999891, -1.399999999999999911 ) ) ;
#4432 = AXIS2_PLACEMENT_3D ( 'NONE', #5925, #8816, #1796 ) ;
#4433 = VECTOR ( 'NONE', #7930, 1000.000000000000000 ) ;
#4434 = DIRECTION ( 'NONE',  ( 0.000000000000000000, 0.000000000000000000, 1.000000000000000000 ) ) ;
#4435 = EDGE_CURVE ( 'NONE', #3260, #5553, #7411, .T. ) ;
#4436 = DIRECTION ( 'NONE',  ( 0.000000000000000000, 0.000000000000000000, -1.000000000000000000 ) ) ;
#4437 = COLOUR_RGB ( '',0.4117647058823529216, 0.4117647058823529216, 0.4117647058823529216 ) ;
#4438 = PRESENTATION_LAYER_ASSIGNMENT (  '', '', ( #6009 ) ) ;
#4439 = EDGE_LOOP ( 'NONE', ( #5199, #4115, #8467, #5292 ) ) ;
#4440 = FACE_OUTER_BOUND ( 'NONE', #5421, .T. ) ;
#4441 =( LENGTH_UNIT ( ) NAMED_UNIT ( * ) SI_UNIT ( .MILLI., .METRE. ) );
#4442 = EDGE_CURVE ( 'NONE', #5829, #2531, #362, .T. ) ;
#4443 = CARTESIAN_POINT ( 'NONE',  ( -1.750000000000000000, -0.5000000000000000000, -1.300000000000000044 ) ) ;
#4444 = ORIENTED_EDGE ( 'NONE', *, *, #1884, .F. ) ;
#4445 = LINE ( 'NONE', #7894, #4937 ) ;
#4446 = CARTESIAN_POINT ( 'NONE',  ( -1.729999999999999982, -0.4225320565518999594, -0.1000000000000000472 ) ) ;
#4447 = UNCERTAINTY_MEASURE_WITH_UNIT (LENGTH_MEASURE( 1.000000000000000082E-05 ), #2564, 'distance_accuracy_value', 'NONE');
#4448 = COLOUR_RGB ( '',0.7686274509803920907, 0.7686274509803920907, 0.7686274509803920907 ) ;
#4449 = PLANE ( 'NONE',  #1927 ) ;
#4450 = DIRECTION ( 'NONE',  ( 0.000000000000000000, 1.000000000000000000, 0.000000000000000000 ) ) ;
#4451 = VERTEX_POINT ( 'NONE', #4787 ) ;
#4452 = LINE ( 'NONE', #7267, #4475 ) ;
#4453 = ORIENTED_EDGE ( 'NONE', *, *, #8039, .T. ) ;
#4454 = EDGE_CURVE ( 'NONE', #8083, #8693, #2050, .T. ) ;
#4455 = ORIENTED_EDGE ( 'NONE', *, *, #8975, .F. ) ;
#4456 = UNCERTAINTY_MEASURE_WITH_UNIT (LENGTH_MEASURE( 1.000000000000000082E-05 ), #6776, 'distance_accuracy_value', 'NONE');
#4457 = DIRECTION ( 'NONE',  ( -0.000000000000000000, -1.000000000000000000, -0.000000000000000000 ) ) ;
#4458 = EDGE_CURVE ( 'NONE', #2345, #234, #3448, .T. ) ;
#4459 = CYLINDRICAL_SURFACE ( 'NONE', #408, 0.8750000000000000000 ) ;
#4460 = UNCERTAINTY_MEASURE_WITH_UNIT (LENGTH_MEASURE( 1.000000000000000082E-05 ), #7102, 'distance_accuracy_value', 'NONE');
#4461 = ORIENTED_EDGE ( 'NONE', *, *, #5975, .F. ) ;
#4462 = CARTESIAN_POINT ( 'NONE',  ( -0.2799999999999985834, 0.4540675543254998892, -1.320000000000000062 ) ) ;
#4463 = ORIENTED_EDGE ( 'NONE', *, *, #3693, .F. ) ;
#4464 = SURFACE_SIDE_STYLE ('',( #3674 ) ) ;
#4465 = FILL_AREA_STYLE_COLOUR ( '', #4528 ) ;
#4466 = CARTESIAN_POINT ( 'NONE',  ( 1.310482053673000191, 1.355049631228999907, 0.000000000000000000 ) ) ;
#4467 = ORIENTED_EDGE ( 'NONE', *, *, #4605, .T. ) ;
#4468 = UNCERTAINTY_MEASURE_WITH_UNIT (LENGTH_MEASURE( 1.000000000000000082E-05 ), #5958, 'distance_accuracy_value', 'NONE');
#4469 = DIRECTION ( 'NONE',  ( 0.000000000000000000, -1.000000000000000000, 0.000000000000000000 ) ) ;
#4470 = CARTESIAN_POINT ( 'NONE',  ( 1.750999999999999890, -0.5000000000000000000, -1.399999999999999911 ) ) ;
#4471 = SURFACE_STYLE_USAGE ( .BOTH. , #2403 ) ;
#4472 =( NAMED_UNIT ( * ) SI_UNIT ( $, .STERADIAN. ) SOLID_ANGLE_UNIT ( ) );
#4473 = FACE_OUTER_BOUND ( 'NONE', #712, .T. ) ;
#4474 = ORIENTED_EDGE ( 'NONE', *, *, #873, .T. ) ;
#4475 = VECTOR ( 'NONE', #8972, 1000.000000000000000 ) ;
#4476 =( NAMED_UNIT ( * ) SI_UNIT ( $, .STERADIAN. ) SOLID_ANGLE_UNIT ( ) );
#4477 = VECTOR ( 'NONE', #7274, 1000.000000000000000 ) ;
#4478 = CARTESIAN_POINT ( 'NONE',  ( 1.313397459622000163, -1.350000000000000089, 0.000000000000000000 ) ) ;
#4479 = SURFACE_STYLE_FILL_AREA ( #8589 ) ;
#4480 =( LENGTH_UNIT ( ) NAMED_UNIT ( * ) SI_UNIT ( .MILLI., .METRE. ) );
#4481 = MECHANICAL_DESIGN_GEOMETRIC_PRESENTATION_REPRESENTATION (  '', ( #8008 ), #5208 ) ;
#4482 = VECTOR ( 'NONE', #8491, 1000.000000000000000 ) ;
#4483 = STYLED_ITEM ( 'NONE', ( #8496 ), #4142 ) ;
#4484 = DIRECTION ( 'NONE',  ( 1.000000000000000000, 0.000000000000000000, 0.000000000000000000 ) ) ;
#4485 = ORIENTED_EDGE ( 'NONE', *, *, #7380, .F. ) ;
#4486 = CYLINDRICAL_SURFACE ( 'NONE', #5332, 0.2000000000000000944 ) ;
#4487 = CARTESIAN_POINT ( 'NONE',  ( 0.9049999999999999156, 1.435834036458000007, -0.9513780793966000182 ) ) ;
#4488 = AXIS2_PLACEMENT_3D ( 'NONE', #326, #4060, #6671 ) ;
#4489 = CIRCLE ( 'NONE', #32, 0.1200000000000000927 ) ;
#4490 =( GEOMETRIC_REPRESENTATION_CONTEXT ( 3 ) GLOBAL_UNCERTAINTY_ASSIGNED_CONTEXT ( ( #3544 ) ) GLOBAL_UNIT_ASSIGNED_CONTEXT ( ( #2620, #1870, #7675 ) ) REPRESENTATION_CONTEXT ( 'NONE', 'WORKASPACE' ) );
#4491 = DIRECTION ( 'NONE',  ( 0.000000000000000000, 1.000000000000000000, 0.000000000000000000 ) ) ;
#4492 = ORIENTED_EDGE ( 'NONE', *, *, #1321, .T. ) ;
#4493 = EDGE_CURVE ( 'NONE', #5382, #3549, #1262, .T. ) ;
#4494 = SURFACE_SIDE_STYLE ('',( #249 ) ) ;
#4495 = LINE ( 'NONE', #6500, #5689 ) ;
#4496 = DIRECTION ( 'NONE',  ( 0.000000000000000000, 0.000000000000000000, -1.000000000000000000 ) ) ;
#4497 = EDGE_CURVE ( 'NONE', #7050, #6736, #5363, .T. ) ;
#4498 = MECHANICAL_DESIGN_GEOMETRIC_PRESENTATION_REPRESENTATION (  '', ( #7876 ), #178 ) ;
#4499 = ORIENTED_EDGE ( 'NONE', *, *, #8152, .T. ) ;
#4500 = FILL_AREA_STYLE ('',( #6405 ) ) ;
#4501 = ORIENTED_EDGE ( 'NONE', *, *, #4454, .F. ) ;
#4502 =( LENGTH_UNIT ( ) NAMED_UNIT ( * ) SI_UNIT ( .MILLI., .METRE. ) );
#4503 =( GEOMETRIC_REPRESENTATION_CONTEXT ( 3 ) GLOBAL_UNCERTAINTY_ASSIGNED_CONTEXT ( ( #5184 ) ) GLOBAL_UNIT_ASSIGNED_CONTEXT ( ( #7603, #7684, #6952 ) ) REPRESENTATION_CONTEXT ( 'NONE', 'WORKASPACE' ) );
#4504 = ORIENTED_EDGE ( 'NONE', *, *, #5839, .F. ) ;
#4505 = VECTOR ( 'NONE', #7061, 1000.000000000000000 ) ;
#4506 = DIRECTION ( 'NONE',  ( 0.000000000000000000, -1.000000000000000000, 0.000000000000000000 ) ) ;
#4507 =( LENGTH_UNIT ( ) NAMED_UNIT ( * ) SI_UNIT ( .MILLI., .METRE. ) );
#4508 = VERTEX_POINT ( 'NONE', #6797 ) ;
#4509 = CARTESIAN_POINT ( 'NONE',  ( -1.680000000000000160, -0.8709128788536000254, -0.1000000000000000472 ) ) ;
#4510 =( GEOMETRIC_REPRESENTATION_CONTEXT ( 3 ) GLOBAL_UNCERTAINTY_ASSIGNED_CONTEXT ( ( #1018 ) ) GLOBAL_UNIT_ASSIGNED_CONTEXT ( ( #6722, #6949, #5548 ) ) REPRESENTATION_CONTEXT ( 'NONE', 'WORKASPACE' ) );
#4511 = DIRECTION ( 'NONE',  ( 0.000000000000000000, 0.000000000000000000, -1.000000000000000000 ) ) ;
#4512 = PRESENTATION_STYLE_ASSIGNMENT (( #5139 ) ) ;
#4513 = FILL_AREA_STYLE ('',( #3727 ) ) ;
#4514 = EDGE_CURVE ( 'NONE', #6398, #6252, #4051, .T. ) ;
#4515 = CARTESIAN_POINT ( 'NONE',  ( 1.300000000000000266, 1.350000000000000089, -0.1999999999999999833 ) ) ;
#4516 = ORIENTED_EDGE ( 'NONE', *, *, #3931, .T. ) ;
#4517 = SURFACE_SIDE_STYLE ('',( #5276 ) ) ;
#4518 = DIRECTION ( 'NONE',  ( 1.000000000000000000, 0.000000000000000000, 0.000000000000000000 ) ) ;
#4519 = STYLED_ITEM ( 'NONE', ( #213 ), #6828 ) ;
#4520 = SURFACE_STYLE_USAGE ( .BOTH. , #7333 ) ;
#4521 = APPLICATION_CONTEXT ( 'automotive_design' ) ;
#4522 = VERTEX_POINT ( 'NONE', #6844 ) ;
#4523 = LINE ( 'NONE', #7338, #7472 ) ;
#4524 = FILL_AREA_STYLE ('',( #5833 ) ) ;
#4525 =( LENGTH_UNIT ( ) NAMED_UNIT ( * ) SI_UNIT ( .MILLI., .METRE. ) );
#4526 = PRESENTATION_STYLE_ASSIGNMENT (( #3283 ) ) ;
#4527 = DIRECTION ( 'NONE',  ( 1.000000000000000000, 0.000000000000000000, 0.000000000000000000 ) ) ;
#4528 = COLOUR_RGB ( '',1.000000000000000000, 1.000000000000000000, 1.000000000000000000 ) ;
#4529 = AXIS2_PLACEMENT_3D ( 'NONE', #6529, #3058, #8677 ) ;
#4530 = PLANE ( 'NONE',  #6484 ) ;
#4531 = ORIENTED_EDGE ( 'NONE', *, *, #6430, .T. ) ;
#4532 = CARTESIAN_POINT ( 'NONE',  ( 1.104999999999999760, 1.550000000000000044, -1.102973369332799658 ) ) ;
#4533 = SURFACE_SIDE_STYLE ('',( #6631 ) ) ;
#4534 = DIRECTION ( 'NONE',  ( 0.000000000000000000, -1.000000000000000000, 0.000000000000000000 ) ) ;
#4535 = CARTESIAN_POINT ( 'NONE',  ( -1.300000000000000266, 1.394276524789999971, -0.004873037745000015873 ) ) ;
#4536 = CARTESIAN_POINT ( 'NONE',  ( 0.7499914125815339005, 0.003589018522499203001, 0.4999999999999998890 ) ) ;
#4537 = ADVANCED_FACE ( 'NONE', ( #5540 ), #4133, .T. ) ;
#4538 = STYLED_ITEM ( 'NONE', ( #6622 ), #1610 ) ;
#4539 = DIRECTION ( 'NONE',  ( 1.000000000000000000, 0.000000000000000000, 0.000000000000000000 ) ) ;
#4540 = VERTEX_POINT ( 'NONE', #591 ) ;
#4541 = SURFACE_STYLE_FILL_AREA ( #8041 ) ;
#4542 = ADVANCED_FACE ( 'NONE', ( #9084 ), #7548, .F. ) ;
#4543 = CARTESIAN_POINT ( 'NONE',  ( -1.005000000000000115, 1.335834036457999918, -0.9513780793966000182 ) ) ;
#4544 = VERTEX_POINT ( 'NONE', #3497 ) ;
#4545 = SURFACE_SIDE_STYLE ('',( #1724 ) ) ;
#4546 =( NAMED_UNIT ( * ) PLANE_ANGLE_UNIT ( ) SI_UNIT ( $, .RADIAN. ) );
#4547 = EDGE_LOOP ( 'NONE', ( #3417, #9111, #8718, #7014 ) ) ;
#4548 = EDGE_CURVE ( 'NONE', #4222, #9017, #1224, .T. ) ;
#4549 = UNCERTAINTY_MEASURE_WITH_UNIT (LENGTH_MEASURE( 1.000000000000000082E-05 ), #2249, 'distance_accuracy_value', 'NONE');
#4550 = UNCERTAINTY_MEASURE_WITH_UNIT (LENGTH_MEASURE( 1.000000000000000082E-05 ), #7922, 'distance_accuracy_value', 'NONE');
#4551 =( LENGTH_UNIT ( ) NAMED_UNIT ( * ) SI_UNIT ( .MILLI., .METRE. ) );
#4552 = CARTESIAN_POINT ( 'NONE',  ( -1.005000000000000115, -1.327698927806999940, -0.9513780793966000182 ) ) ;
#4553 = UNCERTAINTY_MEASURE_WITH_UNIT (LENGTH_MEASURE( 1.000000000000000082E-05 ), #4441, 'distance_accuracy_value', 'NONE');
#4554 = ORIENTED_EDGE ( 'NONE', *, *, #7692, .T. ) ;
#4555 = DIRECTION ( 'NONE',  ( -0.000000000000000000, -0.000000000000000000, -1.000000000000000000 ) ) ;
#4556 = EDGE_LOOP ( 'NONE', ( #7678, #2921, #2489, #273, #445, #432, #590, #2010, #7583, #2642, #8611, #650, #1093, #1802, #1207, #5262, #5312, #8791, #2237, #4499, #2082, #3711, #783, #2300, #1490, #1006 ) ) ;
#4557 = FILL_AREA_STYLE_COLOUR ( '', #2012 ) ;
#4558 = ORIENTED_EDGE ( 'NONE', *, *, #4199, .T. ) ;
#4559 = CARTESIAN_POINT ( 'NONE',  ( -0.8050000000000000488, -1.549999999999999822, -0.7267949192431123473 ) ) ;
#4560 = DIRECTION ( 'NONE',  ( 0.000000000000000000, -1.000000000000000000, 0.000000000000000000 ) ) ;
#4561 = VECTOR ( 'NONE', #5591, 1000.000000000000000 ) ;
#4562 = SURFACE_STYLE_USAGE ( .BOTH. , #5242 ) ;
#4563 = VERTEX_POINT ( 'NONE', #2938 ) ;
#4564 =( LENGTH_UNIT ( ) NAMED_UNIT ( * ) SI_UNIT ( .MILLI., .METRE. ) );
#4565 = CIRCLE ( 'NONE', #7226, 0.1200000000000000927 ) ;
#4566 = CARTESIAN_POINT ( 'NONE',  ( -2.737238820496000091, -3.500000000000000000, -1.302973369332799836 ) ) ;
#4567 = LINE ( 'NONE', #5245, #8386 ) ;
#4568 = EDGE_CURVE ( 'NONE', #7609, #3919, #8425, .T. ) ;
#4569 = CARTESIAN_POINT ( 'NONE',  ( 1.610000000000000098, 0.7618257577072999887, -0.1000000000000000472 ) ) ;
#4570 = LINE ( 'NONE', #3144, #6363 ) ;
#4571 =( LENGTH_UNIT ( ) NAMED_UNIT ( * ) SI_UNIT ( .MILLI., .METRE. ) );
#4572 = PRESENTATION_LAYER_ASSIGNMENT (  '', '', ( #7783 ) ) ;
#4573 = EDGE_CURVE ( 'NONE', #4076, #4765, #3625, .T. ) ;
#4574 = ORIENTED_EDGE ( 'NONE', *, *, #8717, .F. ) ;
#4575 = CARTESIAN_POINT ( 'NONE',  ( -1.350000000000000089, 1.550000000000000044, -0.9513780793966000182 ) ) ;
#4576 = B_SPLINE_CURVE_WITH_KNOTS ( 'NONE', 3,
 ( #2553, #8821, #5219, #476, #2504, #2845 ),
 .UNSPECIFIED., .F., .F.,
 ( 4, 2, 4 ),
 ( -2.828458554420624180E-06, 0.0001153992975605823456, 0.0002336270536755853298 ),
 .UNSPECIFIED. ) ;
#4577 = STYLED_ITEM ( 'NONE', ( #5469 ), #730 ) ;
#4578 = CIRCLE ( 'NONE', #5290, 0.1999999999999999833 ) ;
#4579 = PRESENTATION_STYLE_ASSIGNMENT (( #7929 ) ) ;
#4580 = CIRCLE ( 'NONE', #1925, 0.2000000000000000944 ) ;
#4581 =( NAMED_UNIT ( * ) PLANE_ANGLE_UNIT ( ) SI_UNIT ( $, .RADIAN. ) );
#4582 = CARTESIAN_POINT ( 'NONE',  ( -1.350000000000000089, 1.449999999999999956, -0.9013780793965999738 ) ) ;
#4583 =( GEOMETRIC_REPRESENTATION_CONTEXT ( 3 ) GLOBAL_UNCERTAINTY_ASSIGNED_CONTEXT ( ( #2333 ) ) GLOBAL_UNIT_ASSIGNED_CONTEXT ( ( #4955, #3619, #5573 ) ) REPRESENTATION_CONTEXT ( 'NONE', 'WORKASPACE' ) );
#4584 = ORIENTED_EDGE ( 'NONE', *, *, #5539, .T. ) ;
#4585 = SURFACE_STYLE_USAGE ( .BOTH. , #6778 ) ;
#4586 = COLOUR_RGB ( '',1.000000000000000000, 1.000000000000000000, 1.000000000000000000 ) ;
#4587 = ORIENTED_EDGE ( 'NONE', *, *, #7015, .F. ) ;
#4588 = LINE ( 'NONE', #6553, #5375 ) ;
#4589 = VERTEX_POINT ( 'NONE', #2846 ) ;
#4590 = SURFACE_STYLE_USAGE ( .BOTH. , #4328 ) ;
#4591 = EDGE_CURVE ( 'NONE', #6587, #6533, #5928, .T. ) ;
#4592 = AXIS2_PLACEMENT_3D ( 'NONE', #385, #6871, #3985 ) ;
#4593 = DIRECTION ( 'NONE',  ( 0.000000000000000000, 0.000000000000000000, 1.000000000000000000 ) ) ;
#4594 = AXIS2_PLACEMENT_3D ( 'NONE', #5455, #5411, #6266 ) ;
#4595 = SURFACE_STYLE_USAGE ( .BOTH. , #5984 ) ;
#4596 = ORIENTED_EDGE ( 'NONE', *, *, #5190, .T. ) ;
#4597 =( NAMED_UNIT ( * ) PLANE_ANGLE_UNIT ( ) SI_UNIT ( $, .RADIAN. ) );
#4598 = CIRCLE ( 'NONE', #4153, 0.8499999999999999778 ) ;
#4599 = FACE_OUTER_BOUND ( 'NONE', #5221, .T. ) ;
#4600 = SURFACE_STYLE_FILL_AREA ( #3046 ) ;
#4601 = EDGE_CURVE ( 'NONE', #2434, #8696, #7717, .T. ) ;
#4602 = PRODUCT_DEFINITION_SHAPE ( 'NONE', 'NONE',  #2645 ) ;
#4603 = ORIENTED_EDGE ( 'NONE', *, *, #8554, .F. ) ;
#4604 = DIRECTION ( 'NONE',  ( -1.000000000000000000, 0.000000000000000000, 0.000000000000000000 ) ) ;
#4605 = EDGE_CURVE ( 'NONE', #4086, #8206, #6415, .T. ) ;
#4606 = DIRECTION ( 'NONE',  ( 0.7071067811865439090, -0.000000000000000000, -0.7071067811865512365 ) ) ;
#4607 = DIRECTION ( 'NONE',  ( 0.000000000000000000, 1.000000000000000000, 0.000000000000000000 ) ) ;
#4608 = ORIENTED_EDGE ( 'NONE', *, *, #3575, .F. ) ;
#4609 = EDGE_CURVE ( 'NONE', #2955, #3806, #4410, .T. ) ;
#4610 = LINE ( 'NONE', #7245, #6815 ) ;
#4611 = CARTESIAN_POINT ( 'NONE',  ( -1.751000000000000112, -1.000000000000000000, -1.399000000000000021 ) ) ;
#4612 = DIRECTION ( 'NONE',  ( 1.000000000000000000, -3.252606517456513302E-16, 0.000000000000000000 ) ) ;
#4613 = CARTESIAN_POINT ( 'NONE',  ( -1.100000000000000089, 1.974264068711928388, -0.6564291051182821191 ) ) ;
#4614 = UNCERTAINTY_MEASURE_WITH_UNIT (LENGTH_MEASURE( 1.000000000000000082E-05 ), #7354, 'distance_accuracy_value', 'NONE');
#4615 = ORIENTED_EDGE ( 'NONE', *, *, #2357, .T. ) ;
#4616 = MECHANICAL_DESIGN_GEOMETRIC_PRESENTATION_REPRESENTATION (  '', ( #6963 ), #1174 ) ;
#4617 =( LENGTH_UNIT ( ) NAMED_UNIT ( * ) SI_UNIT ( .MILLI., .METRE. ) );
#4618 = LINE ( 'NONE', #2717, #4655 ) ;
#4619 = ADVANCED_FACE ( 'NONE', ( #6265 ), #2801, .T. ) ;
#4620 = DIRECTION ( 'NONE',  ( 0.000000000000000000, 0.000000000000000000, -1.000000000000000000 ) ) ;
#4621 = CARTESIAN_POINT ( 'NONE',  ( 1.299999999999998712, 0.4540675543254999447, -1.399999999999999911 ) ) ;
#4622 = STYLED_ITEM ( 'NONE', ( #8159 ), #4148 ) ;
#4623 = ORIENTED_EDGE ( 'NONE', *, *, #3526, .T. ) ;
#4624 = SURFACE_SIDE_STYLE ('',( #5805 ) ) ;
#4625 = ORIENTED_EDGE ( 'NONE', *, *, #2408, .T. ) ;
#4626 = PLANE ( 'NONE',  #3155 ) ;
#4627 = DIRECTION ( 'NONE',  ( 0.000000000000000000, 0.000000000000000000, -1.000000000000000000 ) ) ;
#4628 = COLOUR_RGB ( '',1.000000000000000000, 1.000000000000000000, 1.000000000000000000 ) ;
#4629 = VECTOR ( 'NONE', #3096, 1000.000000000000000 ) ;
#4630 = VERTEX_POINT ( 'NONE', #4272 ) ;
#4631 = VECTOR ( 'NONE', #6177, 1000.000000000000000 ) ;
#4632 = DIRECTION ( 'NONE',  ( 0.000000000000000000, 0.000000000000000000, -1.000000000000000000 ) ) ;
#4633 = CARTESIAN_POINT ( 'NONE',  ( 1.610000000000000098, -0.4000000000000000222, 0.000000000000000000 ) ) ;
#4634 = VERTEX_POINT ( 'NONE', #732 ) ;
#4635 = SURFACE_STYLE_FILL_AREA ( #2516 ) ;
#4636 = CARTESIAN_POINT ( 'NONE',  ( 0.9049999999999999156, -1.449999999999999956, -0.6999999999999999556 ) ) ;
#4637 = CIRCLE ( 'NONE', #8628, 0.8499999999999999778 ) ;
#4638 = CARTESIAN_POINT ( 'NONE',  ( -8.131516293641283255E-17, 0.000000000000000000, 0.4999999999999998890 ) ) ;
#4639 = UNCERTAINTY_MEASURE_WITH_UNIT (LENGTH_MEASURE( 1.000000000000000082E-05 ), #3000, 'distance_accuracy_value', 'NONE');
#4640 = ORIENTED_EDGE ( 'NONE', *, *, #5424, .F. ) ;
#4641 = LINE ( 'NONE', #8983, #581 ) ;
#4642 = DIRECTION ( 'NONE',  ( -1.000000000000000000, 0.000000000000000000, -0.000000000000000000 ) ) ;
#4643 = ORIENTED_EDGE ( 'NONE', *, *, #7256, .F. ) ;
#4644 = VECTOR ( 'NONE', #4518, 1000.000000000000000 ) ;
#4645 = SURFACE_STYLE_USAGE ( .BOTH. , #2136 ) ;
#4646 = AXIS2_PLACEMENT_3D ( 'NONE', #7412, #4560, #8989 ) ;
#4647 = SURFACE_STYLE_FILL_AREA ( #1820 ) ;
#4648 = ORIENTED_EDGE ( 'NONE', *, *, #5265, .T. ) ;
#4649 = LINE ( 'NONE', #6843, #8260 ) ;
#4650 = CARTESIAN_POINT ( 'NONE',  ( 1.300000000000000266, -1.399999999999999911, -0.006350832689599908258 ) ) ;
#4651 = DIRECTION ( 'NONE',  ( -1.000000000000000000, 0.000000000000000000, 0.000000000000000000 ) ) ;
#4652 = UNCERTAINTY_MEASURE_WITH_UNIT (LENGTH_MEASURE( 1.000000000000000082E-05 ), #8123, 'distance_accuracy_value', 'NONE');
#4653 =( GEOMETRIC_REPRESENTATION_CONTEXT ( 3 ) GLOBAL_UNCERTAINTY_ASSIGNED_CONTEXT ( ( #8150 ) ) GLOBAL_UNIT_ASSIGNED_CONTEXT ( ( #6400, #5849, #2377 ) ) REPRESENTATION_CONTEXT ( 'NONE', 'WORKASPACE' ) );
#4654 = ADVANCED_FACE ( 'NONE', ( #7129 ), #3579, .F. ) ;
#4655 = VECTOR ( 'NONE', #5508, 1000.000000000000000 ) ;
#4656 = ORIENTED_EDGE ( 'NONE', *, *, #3547, .T. ) ;
#4657 = EDGE_CURVE ( 'NONE', #1788, #5295, #5622, .T. ) ;
#4658 = DIRECTION ( 'NONE',  ( -1.000000000000000000, 0.000000000000000000, 0.000000000000000000 ) ) ;
#4659 =( NAMED_UNIT ( * ) PLANE_ANGLE_UNIT ( ) SI_UNIT ( $, .RADIAN. ) );
#4660 = PRESENTATION_LAYER_ASSIGNMENT (  '', '', ( #4519 ) ) ;
#4661 = MECHANICAL_DESIGN_GEOMETRIC_PRESENTATION_REPRESENTATION (  '', ( #7448 ), #5518 ) ;
#4662 = DIRECTION ( 'NONE',  ( -1.000000000000000000, 0.000000000000000000, 0.000000000000000000 ) ) ;
#4663 = ORIENTED_EDGE ( 'NONE', *, *, #3599, .F. ) ;
#4664 = EDGE_CURVE ( 'NONE', #8932, #4978, #8148, .T. ) ;
#4665 = PLANE ( 'NONE',  #5773 ) ;
#4666 = DIRECTION ( 'NONE',  ( 0.000000000000000000, 0.000000000000000000, -1.000000000000000000 ) ) ;
#4667 = CIRCLE ( 'NONE', #8498, 0.2000000000000000944 ) ;
#4668 = ORIENTED_EDGE ( 'NONE', *, *, #8142, .T. ) ;
#4669 = CARTESIAN_POINT ( 'NONE',  ( -1.300000000000000266, -1.449999999999999956, -0.1000000000000000472 ) ) ;
#4670 = VECTOR ( 'NONE', #1206, 1000.000000000000000 ) ;
#4671 = VECTOR ( 'NONE', #5285, 1000.000000000000000 ) ;
#4672 = FILL_AREA_STYLE_COLOUR ( '', #4065 ) ;
#4673 = ORIENTED_EDGE ( 'NONE', *, *, #2404, .F. ) ;
#4674 = ORIENTED_EDGE ( 'NONE', *, *, #104, .T. ) ;
#4675 = EDGE_CURVE ( 'NONE', #8225, #2899, #5132, .T. ) ;
#4676 = SURFACE_STYLE_FILL_AREA ( #3854 ) ;
#4677 = COLOUR_RGB ( '',1.000000000000000000, 1.000000000000000000, 1.000000000000000000 ) ;
#4678 = ORIENTED_EDGE ( 'NONE', *, *, #3384, .T. ) ;
#4679 = DIRECTION ( 'NONE',  ( 0.000000000000000000, 0.000000000000000000, 1.000000000000000000 ) ) ;
#4680 = DIRECTION ( 'NONE',  ( 0.000000000000000000, 0.000000000000000000, -1.000000000000000000 ) ) ;
#4681 = ORIENTED_EDGE ( 'NONE', *, *, #1821, .T. ) ;
#4682 = DIRECTION ( 'NONE',  ( 0.000000000000000000, 1.000000000000000000, 0.000000000000000000 ) ) ;
#4683 =( GEOMETRIC_REPRESENTATION_CONTEXT ( 3 ) GLOBAL_UNCERTAINTY_ASSIGNED_CONTEXT ( ( #8231 ) ) GLOBAL_UNIT_ASSIGNED_CONTEXT ( ( #1281, #6195, #7246 ) ) REPRESENTATION_CONTEXT ( 'NONE', 'WORKASPACE' ) );
#4684 = SURFACE_STYLE_USAGE ( .BOTH. , #3487 ) ;
#4685 = VERTEX_POINT ( 'NONE', #1810 ) ;
#4686 = SURFACE_STYLE_FILL_AREA ( #3171 ) ;
#4687 = SURFACE_SIDE_STYLE ('',( #1073 ) ) ;
#4688 = ORIENTED_EDGE ( 'NONE', *, *, #6295, .F. ) ;
#4689 =( GEOMETRIC_REPRESENTATION_CONTEXT ( 3 ) GLOBAL_UNCERTAINTY_ASSIGNED_CONTEXT ( ( #6652 ) ) GLOBAL_UNIT_ASSIGNED_CONTEXT ( ( #4729, #3954, #1247 ) ) REPRESENTATION_CONTEXT ( 'NONE', 'WORKASPACE' ) );
#4690 = PRESENTATION_STYLE_ASSIGNMENT (( #1864 ) ) ;
#4691 =( NAMED_UNIT ( * ) PLANE_ANGLE_UNIT ( ) SI_UNIT ( $, .RADIAN. ) );
#4692 = VERTEX_POINT ( 'NONE', #172 ) ;
#4693 = CARTESIAN_POINT ( 'NONE',  ( -1.750000000000000000, 0.5000000000000000000, -1.399000000000000021 ) ) ;
#4694 = LINE ( 'NONE', #7500, #2875 ) ;
#4695 =( LENGTH_UNIT ( ) NAMED_UNIT ( * ) SI_UNIT ( .MILLI., .METRE. ) );
#4696 = VERTEX_POINT ( 'NONE', #5229 ) ;
#4697 = LINE ( 'NONE', #7459, #7672 ) ;
#4698 = CARTESIAN_POINT ( 'NONE',  ( 1.300000000000000266, 1.760000000000000009, 0.000000000000000000 ) ) ;
#4699 = DIRECTION ( 'NONE',  ( 1.000000000000000000, 0.000000000000000000, 0.000000000000000000 ) ) ;
#4700 = DIRECTION ( 'NONE',  ( 0.4166666666666983820, -0.9090593428862949743, 0.000000000000000000 ) ) ;
#4701 = DIRECTION ( 'NONE',  ( 0.000000000000000000, 0.000000000000000000, 1.000000000000000000 ) ) ;
#4702 = EDGE_CURVE ( 'NONE', #1722, #4877, #8749, .T. ) ;
#4703 = SURFACE_SIDE_STYLE ('',( #1089 ) ) ;
#4704 = ORIENTED_EDGE ( 'NONE', *, *, #8752, .T. ) ;
#4705 = AXIS2_PLACEMENT_3D ( 'NONE', #837, #8479, #2811 ) ;
#4706 = EDGE_CURVE ( 'NONE', #7077, #1437, #1638, .T. ) ;
#4707 = DIRECTION ( 'NONE',  ( 0.000000000000000000, 0.000000000000000000, 1.000000000000000000 ) ) ;
#4708 =( NAMED_UNIT ( * ) SI_UNIT ( $, .STERADIAN. ) SOLID_ANGLE_UNIT ( ) );
#4709 = EDGE_CURVE ( 'NONE', #8815, #6048, #5908, .T. ) ;
#4710 = SURFACE_SIDE_STYLE ('',( #817 ) ) ;
#4711 = ORIENTED_EDGE ( 'NONE', *, *, #5552, .T. ) ;
#4712 = MECHANICAL_DESIGN_GEOMETRIC_PRESENTATION_REPRESENTATION (  '', ( #2649 ), #1453 ) ;
#4713 = EDGE_CURVE ( 'NONE', #704, #228, #1063, .T. ) ;
#4714 = LINE ( 'NONE', #4155, #7032 ) ;
#4715 = EDGE_CURVE ( 'NONE', #9017, #8184, #7322, .T. ) ;
#4716 = SURFACE_STYLE_USAGE ( .BOTH. , #8122 ) ;
#4717 = DIRECTION ( 'NONE',  ( 0.000000000000000000, 0.000000000000000000, 1.000000000000000000 ) ) ;
#4718 = DIRECTION ( 'NONE',  ( -0.000000000000000000, -0.000000000000000000, -1.000000000000000000 ) ) ;
#4719 = AXIS2_PLACEMENT_3D ( 'NONE', #4633, #3344, #3952 ) ;
#4720 = EDGE_LOOP ( 'NONE', ( #294, #5238, #7183, #8734 ) ) ;
#4721 = FILL_AREA_STYLE ('',( #1234 ) ) ;
#4722 = ORIENTED_EDGE ( 'NONE', *, *, #386, .F. ) ;
#4723 = VECTOR ( 'NONE', #4210, 1000.000000000000000 ) ;
#4724 = ADVANCED_FACE ( 'NONE', ( #924 ), #8134, .F. ) ;
#4725 = FACE_OUTER_BOUND ( 'NONE', #5141, .T. ) ;
#4726 = ORIENTED_EDGE ( 'NONE', *, *, #6788, .F. ) ;
#4727 = DIRECTION ( 'NONE',  ( -1.000000000000000000, 0.000000000000000000, 0.000000000000000000 ) ) ;
#4728 = ORIENTED_EDGE ( 'NONE', *, *, #1418, .T. ) ;
#4729 =( LENGTH_UNIT ( ) NAMED_UNIT ( * ) SI_UNIT ( .MILLI., .METRE. ) );
#4730 = UNCERTAINTY_MEASURE_WITH_UNIT (LENGTH_MEASURE( 1.000000000000000082E-05 ), #1653, 'distance_accuracy_value', 'NONE');
#4731 =( GEOMETRIC_REPRESENTATION_CONTEXT ( 3 ) GLOBAL_UNCERTAINTY_ASSIGNED_CONTEXT ( ( #7576 ) ) GLOBAL_UNIT_ASSIGNED_CONTEXT ( ( #6251, #6290, #3386 ) ) REPRESENTATION_CONTEXT ( 'NONE', 'WORKASPACE' ) );
#4732 = SURFACE_STYLE_USAGE ( .BOTH. , #395 ) ;
#4733 = APPLICATION_PROTOCOL_DEFINITION ( 'draft international standard', 'automotive_design', 1998, #3282 ) ;
#4734 = UNCERTAINTY_MEASURE_WITH_UNIT (LENGTH_MEASURE( 1.000000000000000082E-05 ), #3909, 'distance_accuracy_value', 'NONE');
#4735 = AXIS2_PLACEMENT_3D ( 'NONE', #208, #5974, #2335 ) ;
#4736 = ORIENTED_EDGE ( 'NONE', *, *, #8975, .T. ) ;
#4737 = SURFACE_SIDE_STYLE ('',( #4686 ) ) ;
#4738 = ORIENTED_EDGE ( 'NONE', *, *, #8035, .F. ) ;
#4739 = VECTOR ( 'NONE', #8844, 1000.000000000000000 ) ;
#4740 = DIRECTION ( 'NONE',  ( 0.000000000000000000, 0.000000000000000000, 1.000000000000000000 ) ) ;
#4741 = ORIENTED_EDGE ( 'NONE', *, *, #3095, .F. ) ;
#4742 = AXIS2_PLACEMENT_3D ( 'NONE', #5175, #7352, #6204 ) ;
#4744 = UNCERTAINTY_MEASURE_WITH_UNIT (LENGTH_MEASURE( 1.000000000000000082E-05 ), #4551, 'distance_accuracy_value', 'NONE');
#4743 = STYLED_ITEM ( 'NONE', ( #3637 ), #5214 ) ;
#4745 = EDGE_CURVE ( 'NONE', #5568, #2565, #878, .T. ) ;
#4746 = CARTESIAN_POINT ( 'NONE',  ( 1.004999999999999893, -1.327698927806999940, -1.399999999999999911 ) ) ;
#4747 = FACE_OUTER_BOUND ( 'NONE', #7877, .T. ) ;
#4748 = FILL_AREA_STYLE_COLOUR ( '', #3250 ) ;
#4749 = UNCERTAINTY_MEASURE_WITH_UNIT (LENGTH_MEASURE( 1.000000000000000082E-05 ), #3111, 'distance_accuracy_value', 'NONE');
#4750 = TOROIDAL_SURFACE ( 'NONE', #1036, 0.7500000000000000000, 0.1000000000000000056 ) ;
#4751 = ORIENTED_EDGE ( 'NONE', *, *, #334, .F. ) ;
#4752 = SURFACE_STYLE_FILL_AREA ( #7417 ) ;
#4753 = AXIS2_PLACEMENT_3D ( 'NONE', #4411, #9169, #7233 ) ;
#4754 = CARTESIAN_POINT ( 'NONE',  ( 0.6200000000000014388, 0.4540675543254998892, -1.320000000000000062 ) ) ;
#4755 = DIRECTION ( 'NONE',  ( -0.000000000000000000, -1.000000000000000000, -0.000000000000000000 ) ) ;
#4756 =( NAMED_UNIT ( * ) SI_UNIT ( $, .STERADIAN. ) SOLID_ANGLE_UNIT ( ) );
#4757 = DIRECTION ( 'NONE',  ( 0.000000000000000000, -2.608128533680000140E-14, -1.000000000000000000 ) ) ;
#4758 = CARTESIAN_POINT ( 'NONE',  ( -1.750000000000000000, 1.449999999999999956, -1.302973369332799836 ) ) ;
#4759 = ORIENTED_EDGE ( 'NONE', *, *, #5866, .T. ) ;
#4760 = DIRECTION ( 'NONE',  ( 0.000000000000000000, -1.000000000000000000, 0.000000000000000000 ) ) ;
#4761 = DIRECTION ( 'NONE',  ( -1.000000000000000000, 0.000000000000000000, 0.000000000000000000 ) ) ;
#4763 = EDGE_LOOP ( 'NONE', ( #5145, #820, #6945, #6836 ) ) ;
#4762 = VECTOR ( 'NONE', #3038, 1000.000000000000000 ) ;
#4764 = EDGE_CURVE ( 'NONE', #8550, #3094, #3388, .T. ) ;
#4765 = VERTEX_POINT ( 'NONE', #2746 ) ;
#4766 = ORIENTED_EDGE ( 'NONE', *, *, #216, .F. ) ;
#4767 = EDGE_CURVE ( 'NONE', #504, #7492, #1111, .T. ) ;
#4768 = STYLED_ITEM ( 'NONE', ( #3294 ), #3642 ) ;
#4769 = AXIS2_PLACEMENT_3D ( 'NONE', #1658, #2962, #1565 ) ;
#4770 =( NAMED_UNIT ( * ) SI_UNIT ( $, .STERADIAN. ) SOLID_ANGLE_UNIT ( ) );
#4771 = ORIENTED_EDGE ( 'NONE', *, *, #184, .T. ) ;
#4772 = LINE ( 'NONE', #8282, #5686 ) ;
#4773 = EDGE_CURVE ( 'NONE', #4634, #7453, #3302, .T. ) ;
#4774 = CONTEXT_DEPENDENT_SHAPE_REPRESENTATION ( #3568, #2248 ) ;
#4775 = CARTESIAN_POINT ( 'NONE',  ( -1.350000000000000089, -1.449999999999999956, -0.9013780793965999738 ) ) ;
#4776 = COLOUR_RGB ( '',0.4117647058823529216, 0.4117647058823529216, 0.4117647058823529216 ) ;
#4777 = MECHANICAL_DESIGN_GEOMETRIC_PRESENTATION_REPRESENTATION (  '', ( #5058 ), #5920 ) ;
#4778 = ORIENTED_EDGE ( 'NONE', *, *, #7963, .F. ) ;
#4779 =( GEOMETRIC_REPRESENTATION_CONTEXT ( 3 ) GLOBAL_UNCERTAINTY_ASSIGNED_CONTEXT ( ( #1480 ) ) GLOBAL_UNIT_ASSIGNED_CONTEXT ( ( #4564, #189, #4476 ) ) REPRESENTATION_CONTEXT ( 'NONE', 'WORKASPACE' ) );
#4780 = FACE_OUTER_BOUND ( 'NONE', #6456, .T. ) ;
#4781 = CARTESIAN_POINT ( 'NONE',  ( -1.300000000000000266, -1.399999999999999911, -0.1000000000000000472 ) ) ;
#4782 = EDGE_LOOP ( 'NONE', ( #8789, #5351, #2837, #1104 ) ) ;
#4783 = DIRECTION ( 'NONE',  ( -0.000000000000000000, -1.000000000000000000, -0.000000000000000000 ) ) ;
#4784 = CARTESIAN_POINT ( 'NONE',  ( 0.000000000000000000, 1.399999999999999911, 0.000000000000000000 ) ) ;
#4785 = ORIENTED_EDGE ( 'NONE', *, *, #6503, .T. ) ;
#4786 = CARTESIAN_POINT ( 'NONE',  ( 0.08499999999998439359, -0.4459324456745000220, -2.584999999999999520 ) ) ;
#4787 = CARTESIAN_POINT ( 'NONE',  ( -1.399999999999999911, 1.300000000000000044, 0.000000000000000000 ) ) ;
#4788 = FACE_OUTER_BOUND ( 'NONE', #7126, .T. ) ;
#4789 =( NAMED_UNIT ( * ) SI_UNIT ( $, .STERADIAN. ) SOLID_ANGLE_UNIT ( ) );
#4790 = VERTEX_POINT ( 'NONE', #6128 ) ;
#4791 = VECTOR ( 'NONE', #4606, 999.9999999999998863 ) ;
#4792 = LINE ( 'NONE', #7600, #6045 ) ;
#4793 = EDGE_CURVE ( 'NONE', #4589, #833, #7695, .T. ) ;
#4794 = DIRECTION ( 'NONE',  ( 0.000000000000000000, 0.000000000000000000, -1.000000000000000000 ) ) ;
#4795 = SURFACE_STYLE_FILL_AREA ( #4145 ) ;
#4796 = CARTESIAN_POINT ( 'NONE',  ( -1.300000000000000266, 0.2540675543254999891, -1.369999999999999885 ) ) ;
#4797 = DIRECTION ( 'NONE',  ( -0.000000000000000000, -1.000000000000000000, -0.000000000000000000 ) ) ;
#4798 =( NAMED_UNIT ( * ) SI_UNIT ( $, .STERADIAN. ) SOLID_ANGLE_UNIT ( ) );
#4799 = DIRECTION ( 'NONE',  ( 0.000000000000000000, -1.000000000000000000, 0.000000000000000000 ) ) ;
#4800 = AXIS2_PLACEMENT_3D ( 'NONE', #1328, #4159, #608 ) ;
#4801 = PLANE ( 'NONE',  #3857 ) ;
#4802 = VERTEX_POINT ( 'NONE', #7489 ) ;
#4803 =( GEOMETRIC_REPRESENTATION_CONTEXT ( 3 ) GLOBAL_UNCERTAINTY_ASSIGNED_CONTEXT ( ( #4749 ) ) GLOBAL_UNIT_ASSIGNED_CONTEXT ( ( #3111, #7386, #3849 ) ) REPRESENTATION_CONTEXT ( 'NONE', 'WORKASPACE' ) );
#4804 =( NAMED_UNIT ( * ) SI_UNIT ( $, .STERADIAN. ) SOLID_ANGLE_UNIT ( ) );
#4805 = VECTOR ( 'NONE', #2810, 1000.000000000000000 ) ;
#4806 = DIRECTION ( 'NONE',  ( -1.000000000000000000, 0.000000000000000000, 0.000000000000000000 ) ) ;
#4807 =( NAMED_UNIT ( * ) SI_UNIT ( $, .STERADIAN. ) SOLID_ANGLE_UNIT ( ) );
#4808 = EDGE_LOOP ( 'NONE', ( #7612, #8522, #6727, #1718 ) ) ;
#4809 = ORIENTED_EDGE ( 'NONE', *, *, #6634, .F. ) ;
#4810 = DIRECTION ( 'NONE',  ( -0.000000000000000000, 0.000000000000000000, -1.000000000000000000 ) ) ;
#4811 = CARTESIAN_POINT ( 'NONE',  ( 0.7049999999999998490, 2.500000000000000000, -0.9000000000000000222 ) ) ;
#4812 = VERTEX_POINT ( 'NONE', #6165 ) ;
#4813 = VECTOR ( 'NONE', #5770, 1000.000000000000000 ) ;
#4814 = COLOUR_RGB ( '',0.4117647058823529216, 0.4117647058823529216, 0.4117647058823529216 ) ;
#4815 = SURFACE_STYLE_FILL_AREA ( #578 ) ;
#4816 = VERTEX_POINT ( 'NONE', #8884 ) ;
#4817 = EDGE_CURVE ( 'NONE', #6697, #7897, #7842, .T. ) ;
#4818 = SURFACE_STYLE_FILL_AREA ( #5441 ) ;
#4819 = UNCERTAINTY_MEASURE_WITH_UNIT (LENGTH_MEASURE( 1.000000000000000082E-05 ), #7690, 'distance_accuracy_value', 'NONE');
#4820 = STYLED_ITEM ( 'NONE', ( #2971 ), #1312 ) ;
#4821 = EDGE_CURVE ( 'NONE', #8948, #6283, #3256, .T. ) ;
#4822 = PRESENTATION_LAYER_ASSIGNMENT (  '', '', ( #8953 ) ) ;
#4823 = ORIENTED_EDGE ( 'NONE', *, *, #8028, .F. ) ;
#4824 = FILL_AREA_STYLE ('',( #4994 ) ) ;
#4825 = ORIENTED_EDGE ( 'NONE', *, *, #3638, .F. ) ;
#4826 = EDGE_CURVE ( 'NONE', #7077, #4692, #6076, .T. ) ;
#4827 = DIRECTION ( 'NONE',  ( 0.000000000000000000, 0.000000000000000000, 1.000000000000000000 ) ) ;
#4828 = COLOUR_RGB ( '',1.000000000000000000, 1.000000000000000000, 1.000000000000000000 ) ;
#4829 = ORIENTED_EDGE ( 'NONE', *, *, #6684, .F. ) ;
#4830 = CIRCLE ( 'NONE', #514, 0.1999999999999998723 ) ;
#4831 = DIRECTION ( 'NONE',  ( 0.000000000000000000, 1.000000000000000000, 0.000000000000000000 ) ) ;
#4832 = UNCERTAINTY_MEASURE_WITH_UNIT (LENGTH_MEASURE( 1.000000000000000082E-05 ), #6387, 'distance_accuracy_value', 'NONE');
#4833 = ORIENTED_EDGE ( 'NONE', *, *, #3189, .T. ) ;
#4834 = MECHANICAL_DESIGN_GEOMETRIC_PRESENTATION_REPRESENTATION (  '', ( #8811 ), #1894 ) ;
#4835 = DIRECTION ( 'NONE',  ( 0.000000000000000000, 1.000000000000000000, 0.000000000000000000 ) ) ;
#4836 = MECHANICAL_DESIGN_GEOMETRIC_PRESENTATION_REPRESENTATION (  '', ( #2342 ), #4971 ) ;
#4837 = CARTESIAN_POINT ( 'NONE',  ( 1.299999999999998712, 0.4540675543254998892, -1.320000000000000062 ) ) ;
#4838 = CARTESIAN_POINT ( 'NONE',  ( -1.594948974278317833, -1.449999999999999956, -1.151378079396599974 ) ) ;
#4839 = FILL_AREA_STYLE_COLOUR ( '', #629 ) ;
#4840 = PLANE ( 'NONE',  #2355 ) ;
#4841 = SURFACE_STYLE_FILL_AREA ( #5511 ) ;
#4842 = LINE ( 'NONE', #9001, #8778 ) ;
#4843 = CARTESIAN_POINT ( 'NONE',  ( -1.454978131833564836, -1.550000000000000044, -1.008520936539456958 ) ) ;
#4844 = LINE ( 'NONE', #688, #3017 ) ;
#4845 = EDGE_CURVE ( 'NONE', #4076, #3567, #9026, .T. ) ;
#4846 = ORIENTED_EDGE ( 'NONE', *, *, #274, .F. ) ;
#4847 = FACE_OUTER_BOUND ( 'NONE', #8040, .T. ) ;
#4848 = EDGE_CURVE ( 'NONE', #8570, #7450, #2273, .T. ) ;
#4849 =( NAMED_UNIT ( * ) PLANE_ANGLE_UNIT ( ) SI_UNIT ( $, .RADIAN. ) );
#4850 = FILL_AREA_STYLE_COLOUR ( '', #1805 ) ;
#4851 = ADVANCED_FACE ( 'NONE', ( #584 ), #442, .F. ) ;
#4852 = ORIENTED_EDGE ( 'NONE', *, *, #6301, .F. ) ;
#4853 = PRESENTATION_LAYER_ASSIGNMENT (  '', '', ( #680 ) ) ;
#4854 = ORIENTED_EDGE ( 'NONE', *, *, #3026, .F. ) ;
#4855 = LINE ( 'NONE', #7698, #3454 ) ;
#4856 =( NAMED_UNIT ( * ) SI_UNIT ( $, .STERADIAN. ) SOLID_ANGLE_UNIT ( ) );
#4857 = CARTESIAN_POINT ( 'NONE',  ( 1.750000000000000000, -1.550000000000000044, -1.302973369332799836 ) ) ;
#4858 = AXIS2_PLACEMENT_3D ( 'NONE', #4796, #8299, #6805 ) ;
#4859 = DIRECTION ( 'NONE',  ( -0.000000000000000000, 1.000000000000000000, -0.000000000000000000 ) ) ;
#4860 = VERTEX_POINT ( 'NONE', #6830 ) ;
#4861 = SURFACE_STYLE_USAGE ( .BOTH. , #2038 ) ;
#4862 = PRESENTATION_STYLE_ASSIGNMENT (( #3614 ) ) ;
#4863 = DIRECTION ( 'NONE',  ( -3.469446951953612296E-14, 1.000000000000000000, 0.000000000000000000 ) ) ;
#4864 = ORIENTED_EDGE ( 'NONE', *, *, #7124, .T. ) ;
#4865 = PRESENTATION_LAYER_ASSIGNMENT (  '', '', ( #261 ) ) ;
#4866 = PLANE ( 'NONE',  #7275 ) ;
#4867 = PRESENTATION_LAYER_ASSIGNMENT (  '', '', ( #1169 ) ) ;
#4868 = ORIENTED_EDGE ( 'NONE', *, *, #6147, .F. ) ;
#4869 = CARTESIAN_POINT ( 'NONE',  ( -1.750000000000000000, -1.550000000000000044, -1.302973369332799836 ) ) ;
#4870 = ORIENTED_EDGE ( 'NONE', *, *, #961, .T. ) ;
#4871 = CIRCLE ( 'NONE', #9004, 0.1200000000000000927 ) ;
#4872 = PRESENTATION_LAYER_ASSIGNMENT (  '', '', ( #8566 ) ) ;
#4873 = DIRECTION ( 'NONE',  ( 1.000000000000000000, 0.000000000000000000, 0.000000000000000000 ) ) ;
#4874 =( NAMED_UNIT ( * ) PLANE_ANGLE_UNIT ( ) SI_UNIT ( $, .RADIAN. ) );
#4875 = AXIS2_PLACEMENT_3D ( 'NONE', #8691, #5124, #3808 ) ;
#4876 = SURFACE_STYLE_USAGE ( .BOTH. , #8947 ) ;
#4877 = VERTEX_POINT ( 'NONE', #8980 ) ;
#4878 = DIRECTION ( 'NONE',  ( -0.4166666666666983820, -0.9090593428862949743, 0.000000000000000000 ) ) ;
#4879 = ADVANCED_FACE ( 'NONE', ( #488 ), #3348, .F. ) ;
#4880 = FILL_AREA_STYLE ('',( #2058 ) ) ;
#4881 = CARTESIAN_POINT ( 'NONE',  ( 1.300000000000000266, -0.2459324456745000387, -1.320000000000000062 ) ) ;
#4882 = DIRECTION ( 'NONE',  ( 0.000000000000000000, 0.000000000000000000, -1.000000000000000000 ) ) ;
#4883 = SURFACE_STYLE_FILL_AREA ( #1977 ) ;
#4884 = CIRCLE ( 'NONE', #8281, 0.1499999999999999667 ) ;
#4885 =( NAMED_UNIT ( * ) PLANE_ANGLE_UNIT ( ) SI_UNIT ( $, .RADIAN. ) );
#4886 = DIRECTION ( 'NONE',  ( 1.000000000000000000, 1.264902534566420788E-14, 0.000000000000000000 ) ) ;
#4887 = PLANE ( 'NONE',  #1935 ) ;
#4888 = EDGE_CURVE ( 'NONE', #6283, #287, #2090, .T. ) ;
#4889 = AXIS2_PLACEMENT_3D ( 'NONE', #4391, #853, #2416 ) ;
#4890 =( GEOMETRIC_REPRESENTATION_CONTEXT ( 3 ) GLOBAL_UNCERTAINTY_ASSIGNED_CONTEXT ( ( #5368 ) ) GLOBAL_UNIT_ASSIGNED_CONTEXT ( ( #6378, #1455, #5685 ) ) REPRESENTATION_CONTEXT ( 'NONE', 'WORKASPACE' ) );
#4891 = ORIENTED_EDGE ( 'NONE', *, *, #3881, .F. ) ;
#4892 = FILL_AREA_STYLE_COLOUR ( '', #4828 ) ;
#4893 = FILL_AREA_STYLE_COLOUR ( '', #5962 ) ;
#4894 = SURFACE_STYLE_USAGE ( .BOTH. , #4933 ) ;
#4895 = SURFACE_STYLE_USAGE ( .BOTH. , #4977 ) ;
#4896 = ORIENTED_EDGE ( 'NONE', *, *, #4573, .F. ) ;
#4897 = ORIENTED_EDGE ( 'NONE', *, *, #3254, .T. ) ;
#4898 = LINE ( 'NONE', #5606, #7564 ) ;
#4899 = EDGE_CURVE ( 'NONE', #6730, #495, #1388, .T. ) ;
#4900 = DIRECTION ( 'NONE',  ( 0.000000000000000000, 1.000000000000000000, 0.000000000000000000 ) ) ;
#4901 = DIRECTION ( 'NONE',  ( 0.000000000000000000, 0.000000000000000000, -1.000000000000000000 ) ) ;
#4902 = ORIENTED_EDGE ( 'NONE', *, *, #2821, .T. ) ;
#4903 = MECHANICAL_DESIGN_GEOMETRIC_PRESENTATION_REPRESENTATION (  '', ( #3290 ), #5765 ) ;
#4904 = PLANE ( 'NONE',  #8812 ) ;
#4905 = UNCERTAINTY_MEASURE_WITH_UNIT (LENGTH_MEASURE( 1.000000000000000082E-05 ), #2667, 'distance_accuracy_value', 'NONE');
#4906 = PLANE ( 'NONE',  #5448 ) ;
#4907 = ORIENTED_EDGE ( 'NONE', *, *, #8654, .F. ) ;
#4908 = ORIENTED_EDGE ( 'NONE', *, *, #2217, .F. ) ;
#4909 = MECHANICAL_DESIGN_GEOMETRIC_PRESENTATION_REPRESENTATION (  '', ( #8745 ), #5043 ) ;
#4910 = ORIENTED_EDGE ( 'NONE', *, *, #146, .F. ) ;
#4911 = AXIS2_PLACEMENT_3D ( 'NONE', #8080, #5296, #7389 ) ;
#4912 = SURFACE_SIDE_STYLE ('',( #4999 ) ) ;
#4913 = CARTESIAN_POINT ( 'NONE',  ( 0.7049999999999998490, 2.500000000000000000, -0.9000000000000000222 ) ) ;
#4914 = COLOUR_RGB ( '',1.000000000000000000, 1.000000000000000000, 1.000000000000000000 ) ;
#4915 = EDGE_LOOP ( 'NONE', ( #1838, #4124, #7661, #882 ) ) ;
#4916 = CARTESIAN_POINT ( 'NONE',  ( 1.729999999999999982, -0.7618257577072999887, 1.698556084261999999 ) ) ;
#4917 = COLOUR_RGB ( '',1.000000000000000000, 1.000000000000000000, 1.000000000000000000 ) ;
#4918 = MECHANICAL_DESIGN_GEOMETRIC_PRESENTATION_REPRESENTATION (  '', ( #5342 ), #3753 ) ;
#4919 = DIRECTION ( 'NONE',  ( 0.000000000000000000, 0.000000000000000000, 1.000000000000000000 ) ) ;
#4920 = CARTESIAN_POINT ( 'NONE',  ( -0.9050000000000001377, 1.435834036458000007, -0.9513780793966000182 ) ) ;
#4921 = DIRECTION ( 'NONE',  ( 0.000000000000000000, -0.000000000000000000, 1.000000000000000000 ) ) ;
#4922 = CARTESIAN_POINT ( 'NONE',  ( 0.7049999999999998490, 2.500000000000000000, -0.6999999999999999556 ) ) ;
#4923 = FACE_OUTER_BOUND ( 'NONE', #3933, .T. ) ;
#4924 = AXIS2_PLACEMENT_3D ( 'NONE', #8064, #1740, #7370 ) ;
#4925 = EDGE_CURVE ( 'NONE', #3531, #2492, #6293, .T. ) ;
#4926 = VERTEX_POINT ( 'NONE', #4950 ) ;
#4927 = VECTOR ( 'NONE', #5826, 1000.000000000000000 ) ;
#4928 = PLANE ( 'NONE',  #7759 ) ;
#4929 = EDGE_CURVE ( 'NONE', #292, #813, #1341, .T. ) ;
#4930 = CARTESIAN_POINT ( 'NONE',  ( 1.300000000000000266, 1.449999999999999956, -0.1000000000000000472 ) ) ;
#4931 =( GEOMETRIC_REPRESENTATION_CONTEXT ( 3 ) GLOBAL_UNCERTAINTY_ASSIGNED_CONTEXT ( ( #5187 ) ) GLOBAL_UNIT_ASSIGNED_CONTEXT ( ( #3991, #1061, #3210 ) ) REPRESENTATION_CONTEXT ( 'NONE', 'WORKASPACE' ) );
#4932 = CARTESIAN_POINT ( 'NONE',  ( 0.8049999999999998268, 1.449999999999999956, -1.739999999999999769 ) ) ;
#4933 = SURFACE_SIDE_STYLE ('',( #6198 ) ) ;
#4934 =( NAMED_UNIT ( * ) PLANE_ANGLE_UNIT ( ) SI_UNIT ( $, .RADIAN. ) );
#4935 = ORIENTED_EDGE ( 'NONE', *, *, #5475, .F. ) ;
#4936 = LINE ( 'NONE', #7743, #2826 ) ;
#4937 = VECTOR ( 'NONE', #3807, 1000.000000000000000 ) ;
#4938 = VERTEX_POINT ( 'NONE', #2884 ) ;
#4939 = FILL_AREA_STYLE_COLOUR ( '', #6060 ) ;
#4940 = CARTESIAN_POINT ( 'NONE',  ( -0.8500000000000000888, 1.040949779275250140E-16, -0.1000000000000000472 ) ) ;
#4941 = SURFACE_SIDE_STYLE ('',( #7656 ) ) ;
#4942 = DIRECTION ( 'NONE',  ( 1.000000000000000000, 0.000000000000000000, 0.000000000000000000 ) ) ;
#4943 = CARTESIAN_POINT ( 'NONE',  ( 1.100000000000000089, 1.449999999999999956, -0.6564291051182821191 ) ) ;
#4944 = CARTESIAN_POINT ( 'NONE',  ( 1.300000000000000266, 1.760000000000000009, -0.6564291051182821191 ) ) ;
#4945 = EDGE_LOOP ( 'NONE', ( #5484, #1332, #7529, #1773, #4120, #588 ) ) ;
#4946 = MECHANICAL_DESIGN_GEOMETRIC_PRESENTATION_REPRESENTATION (  '', ( #2313 ), #958 ) ;
#4947 = AXIS2_PLACEMENT_3D ( 'NONE', #1911, #6936, #3311 ) ;
#4948 = DIRECTION ( 'NONE',  ( 0.000000000000000000, -1.000000000000000000, 0.000000000000000000 ) ) ;
#4949 =( LENGTH_UNIT ( ) NAMED_UNIT ( * ) SI_UNIT ( .MILLI., .METRE. ) );
#4950 = CARTESIAN_POINT ( 'NONE',  ( -1.750000000000000000, -1.550000000000000044, -0.9513780793966000182 ) ) ;
#4951 = EDGE_CURVE ( 'NONE', #6297, #7104, #7116, .T. ) ;
#4952 = CARTESIAN_POINT ( 'NONE',  ( -1.300000000000000266, -1.399999999999999911, -0.006350832689599908258 ) ) ;
#4953 = ORIENTED_EDGE ( 'NONE', *, *, #4493, .T. ) ;
#4954 = CIRCLE ( 'NONE', #7608, 0.1000000000000000472 ) ;
#4955 =( LENGTH_UNIT ( ) NAMED_UNIT ( * ) SI_UNIT ( .MILLI., .METRE. ) );
#4956 = ORIENTED_EDGE ( 'NONE', *, *, #5089, .T. ) ;
#4957 =( NAMED_UNIT ( * ) PLANE_ANGLE_UNIT ( ) SI_UNIT ( $, .RADIAN. ) );
#4958 = ORIENTED_EDGE ( 'NONE', *, *, #440, .T. ) ;
#4959 = VECTOR ( 'NONE', #7367, 1000.000000000000000 ) ;
#4960 =( LENGTH_UNIT ( ) NAMED_UNIT ( * ) SI_UNIT ( .MILLI., .METRE. ) );
#4961 = FILL_AREA_STYLE ('',( #2154 ) ) ;
#4962 = VERTEX_POINT ( 'NONE', #2145 ) ;
#4963 = FILL_AREA_STYLE_COLOUR ( '', #3869 ) ;
#4964 = CARTESIAN_POINT ( 'NONE',  ( -2.299999999999999822, 1.000000000000000000, -1.399999999999999911 ) ) ;
#4965 = DIRECTION ( 'NONE',  ( 0.000000000000000000, -1.000000000000000000, 0.000000000000000000 ) ) ;
#4966 = DIRECTION ( 'NONE',  ( -0.000000000000000000, -0.000000000000000000, -1.000000000000000000 ) ) ;
#4967 = CARTESIAN_POINT ( 'NONE',  ( -1.800000000000000044, 1.550000000000000044, -0.9513780793966000182 ) ) ;
#4968 = CARTESIAN_POINT ( 'NONE',  ( 1.750000000000000000, -1.327698927806999940, -0.9513780793966000182 ) ) ;
#4969 = CARTESIAN_POINT ( 'NONE',  ( -0.7049999999999999600, -1.550000000000000044, -0.6999999999999999556 ) ) ;
#4970 =( GEOMETRIC_REPRESENTATION_CONTEXT ( 3 ) GLOBAL_UNCERTAINTY_ASSIGNED_CONTEXT ( ( #2788 ) ) GLOBAL_UNIT_ASSIGNED_CONTEXT ( ( #2917, #5019, #5061 ) ) REPRESENTATION_CONTEXT ( 'NONE', 'WORKASPACE' ) );
#4971 =( GEOMETRIC_REPRESENTATION_CONTEXT ( 3 ) GLOBAL_UNCERTAINTY_ASSIGNED_CONTEXT ( ( #3913 ) ) GLOBAL_UNIT_ASSIGNED_CONTEXT ( ( #1580, #4581, #2505 ) ) REPRESENTATION_CONTEXT ( 'NONE', 'WORKASPACE' ) );
#4972 = ORIENTED_EDGE ( 'NONE', *, *, #657, .F. ) ;
#4973 = LINE ( 'NONE', #3832, #7131 ) ;
#4974 = CARTESIAN_POINT ( 'NONE',  ( -1.729999999999999982, 0.4000000000000000222, 0.000000000000000000 ) ) ;
#4975 = PLANE ( 'NONE',  #2017 ) ;
#4976 = ADVANCED_FACE ( 'NONE', ( #2982 ), #7753, .T. ) ;
#4977 = SURFACE_SIDE_STYLE ('',( #7156 ) ) ;
#4978 = VERTEX_POINT ( 'NONE', #2929 ) ;
#4979 = VERTEX_POINT ( 'NONE', #5705 ) ;
#4980 = CARTESIAN_POINT ( 'NONE',  ( -1.300000000000000266, -0.2459324456744999832, -1.369999999999999885 ) ) ;
#4981 = DIRECTION ( 'NONE',  ( 0.000000000000000000, 0.000000000000000000, -1.000000000000000000 ) ) ;
#4982 = ADVANCED_FACE ( 'NONE', ( #7843 ), #4354, .F. ) ;
#4983 = DIRECTION ( 'NONE',  ( -0.000000000000000000, -0.000000000000000000, -1.000000000000000000 ) ) ;
#4984 = LINE ( 'NONE', #5751, #5443 ) ;
#4985 = ORIENTED_EDGE ( 'NONE', *, *, #2011, .F. ) ;
#4986 = CARTESIAN_POINT ( 'NONE',  ( -1.800000000000000044, -0.5000000000000000000, -1.399999999999999911 ) ) ;
#4987 = LINE ( 'NONE', #6974, #4101 ) ;
#4988 = STYLED_ITEM ( 'NONE', ( #6995 ), #1665 ) ;
#4989 = DIRECTION ( 'NONE',  ( 1.000000000000000000, 0.000000000000000000, 0.000000000000000000 ) ) ;
#4990 = DIRECTION ( 'NONE',  ( 0.000000000000000000, 1.000000000000000000, 0.000000000000000000 ) ) ;
#4991 = EDGE_CURVE ( 'NONE', #3223, #7234, #3025, .T. ) ;
#4992 = VERTEX_POINT ( 'NONE', #865 ) ;
#4993 = SURFACE_SIDE_STYLE ('',( #2093 ) ) ;
#4994 = FILL_AREA_STYLE_COLOUR ( '', #7528 ) ;
#4995 = VERTEX_POINT ( 'NONE', #5891 ) ;
#4996 = COLOUR_RGB ( '',0.4117647058823529216, 0.4117647058823529216, 0.4117647058823529216 ) ;
#4997 = DIRECTION ( 'NONE',  ( -0.000000000000000000, -0.000000000000000000, -1.000000000000000000 ) ) ;
#4998 = VERTEX_POINT ( 'NONE', #3284 ) ;
#4999 = SURFACE_STYLE_FILL_AREA ( #1396 ) ;
#5000 =( NAMED_UNIT ( * ) PLANE_ANGLE_UNIT ( ) SI_UNIT ( $, .RADIAN. ) );
#5001 = UNCERTAINTY_MEASURE_WITH_UNIT (LENGTH_MEASURE( 1.000000000000000082E-05 ), #968, 'distance_accuracy_value', 'NONE');
#5002 = ORIENTED_EDGE ( 'NONE', *, *, #7004, .T. ) ;
#5003 = SURFACE_STYLE_FILL_AREA ( #784 ) ;
#5004 = FILL_AREA_STYLE_COLOUR ( '', #6344 ) ;
#5005 = PRESENTATION_LAYER_ASSIGNMENT (  '', '', ( #3253 ) ) ;
#5006 = CARTESIAN_POINT ( 'NONE',  ( 1.104999999999999760, 2.500000000000000000, -1.102973369332799658 ) ) ;
#5007 = ADVANCED_FACE ( 'NONE', ( #5803 ), #1134, .T. ) ;
#5008 = CARTESIAN_POINT ( 'NONE',  ( -1.750999999999999890, -0.5000000000000000000, -1.399999999999999911 ) ) ;
#5009 = SURFACE_STYLE_USAGE ( .BOTH. , #9126 ) ;
#5010 = AXIS2_PLACEMENT_3D ( 'NONE', #2940, #8569, #5041 ) ;
#5011 =( LENGTH_UNIT ( ) NAMED_UNIT ( * ) SI_UNIT ( .MILLI., .METRE. ) );
#5012 = CARTESIAN_POINT ( 'NONE',  ( -1.750000000000000000, 1.335834036457999918, -1.399999999999999911 ) ) ;
#5013 = CARTESIAN_POINT ( 'NONE',  ( 0.7049999999999998490, 1.550000000000000044, -0.6999999999999999556 ) ) ;
#5014 = MECHANICAL_DESIGN_GEOMETRIC_PRESENTATION_REPRESENTATION (  '', ( #1322 ), #7810 ) ;
#5015 = VECTOR ( 'NONE', #5706, 1000.000000000000000 ) ;
#5016 = ORIENTED_EDGE ( 'NONE', *, *, #7685, .T. ) ;
#5017 = VECTOR ( 'NONE', #8438, 1000.000000000000000 ) ;
#5018 = CARTESIAN_POINT ( 'NONE',  ( -1.729999999999999982, -0.7618257577072999887, -0.1000000000000000472 ) ) ;
#5019 =( NAMED_UNIT ( * ) PLANE_ANGLE_UNIT ( ) SI_UNIT ( $, .RADIAN. ) );
#5020 = DIRECTION ( 'NONE',  ( -0.000000000000000000, 1.000000000000000000, 0.000000000000000000 ) ) ;
#5021 = PRESENTATION_LAYER_ASSIGNMENT (  '', '', ( #8414 ) ) ;
#5022 = PLANE ( 'NONE',  #1699 ) ;
#5023 = EDGE_LOOP ( 'NONE', ( #7268, #1287, #5841, #3132 ) ) ;
#5024 = FILL_AREA_STYLE_COLOUR ( '', #258 ) ;
#5025 = CARTESIAN_POINT ( 'NONE',  ( 1.729999999999999982, -0.4225320565518999594, -0.1000000000000000472 ) ) ;
#5026 = FACE_OUTER_BOUND ( 'NONE', #2482, .T. ) ;
#5027 = FACE_OUTER_BOUND ( 'NONE', #8517, .T. ) ;
#5028 = FACE_OUTER_BOUND ( 'NONE', #6925, .T. ) ;
#5029 = EDGE_LOOP ( 'NONE', ( #8091, #4455, #8126, #3899 ) ) ;
#5030 = FACE_OUTER_BOUND ( 'NONE', #6193, .T. ) ;
#5031 = LINE ( 'NONE', #8513, #5579 ) ;
#5032 = EDGE_LOOP ( 'NONE', ( #585, #8355, #3965, #2616, #939 ) ) ;
#5033 = PRESENTATION_STYLE_ASSIGNMENT (( #2384 ) ) ;
#5034 = EDGE_CURVE ( 'NONE', #6611, #7446, #467, .T. ) ;
#5035 = ORIENTED_EDGE ( 'NONE', *, *, #7096, .F. ) ;
#5036 = FILL_AREA_STYLE ('',( #824 ) ) ;
#5037 = DIRECTION ( 'NONE',  ( -1.000000000000000000, 0.000000000000000000, 0.000000000000000000 ) ) ;
#5038 = ORIENTED_EDGE ( 'NONE', *, *, #2233, .F. ) ;
#5039 = EDGE_CURVE ( 'NONE', #1437, #3943, #2386, .T. ) ;
#5040 = DIRECTION ( 'NONE',  ( 0.000000000000000000, 0.000000000000000000, 1.000000000000000000 ) ) ;
#5041 = DIRECTION ( 'NONE',  ( 1.000000000000000000, 0.000000000000000000, 0.000000000000000000 ) ) ;
#5042 = EDGE_LOOP ( 'NONE', ( #4383, #775, #5329, #5808, #2698, #3312 ) ) ;
#5043 =( GEOMETRIC_REPRESENTATION_CONTEXT ( 3 ) GLOBAL_UNCERTAINTY_ASSIGNED_CONTEXT ( ( #451 ) ) GLOBAL_UNIT_ASSIGNED_CONTEXT ( ( #8524, #5982, #1683 ) ) REPRESENTATION_CONTEXT ( 'NONE', 'WORKASPACE' ) );
#5044 = PLANE ( 'NONE',  #6181 ) ;
#5045 = DIRECTION ( 'NONE',  ( 0.000000000000000000, 1.000000000000000000, 0.000000000000000000 ) ) ;
#5046 = CARTESIAN_POINT ( 'NONE',  ( -1.313397459622000163, -1.350000000000000089, 0.000000000000000000 ) ) ;
#5047 = FILL_AREA_STYLE_COLOUR ( '', #2170 ) ;
#5048 =( NAMED_UNIT ( * ) SI_UNIT ( $, .STERADIAN. ) SOLID_ANGLE_UNIT ( ) );
#5049 = SURFACE_STYLE_FILL_AREA ( #2162 ) ;
#5050 = CIRCLE ( 'NONE', #2561, 0.2000000000000000944 ) ;
#5051 = CARTESIAN_POINT ( 'NONE',  ( -1.629999999999999893, -1.300000000000000044, -0.1000000000000000472 ) ) ;
#5052 = CARTESIAN_POINT ( 'NONE',  ( -1.300000000000000266, 1.449999999999999956, -0.9513780793966000182 ) ) ;
#5053 = AXIS2_PLACEMENT_3D ( 'NONE', #465, #6998, #1222 ) ;
#5054 =( LENGTH_UNIT ( ) NAMED_UNIT ( * ) SI_UNIT ( .MILLI., .METRE. ) );
#5055 = ADVANCED_FACE ( 'NONE', ( #2380 ), #4449, .F. ) ;
#5056 = STYLED_ITEM ( 'NONE', ( #5477 ), #3714 ) ;
#5057 = ORIENTED_EDGE ( 'NONE', *, *, #6954, .F. ) ;
#5058 = STYLED_ITEM ( 'NONE', ( #1465 ), #8146 ) ;
#5059 = COLOUR_RGB ( '',1.000000000000000000, 1.000000000000000000, 1.000000000000000000 ) ;
#5060 =( NAMED_UNIT ( * ) SI_UNIT ( $, .STERADIAN. ) SOLID_ANGLE_UNIT ( ) );
#5061 =( NAMED_UNIT ( * ) SI_UNIT ( $, .STERADIAN. ) SOLID_ANGLE_UNIT ( ) );
#5062 = DIRECTION ( 'NONE',  ( -0.000000000000000000, -1.000000000000000000, -0.000000000000000000 ) ) ;
#5063 = PLANE ( 'NONE',  #4529 ) ;
#5064 = CARTESIAN_POINT ( 'NONE',  ( -1.594948974278317833, 1.550000000000000044, -0.9513780793966000182 ) ) ;
#5065 = DIRECTION ( 'NONE',  ( 0.000000000000000000, 0.000000000000000000, -1.000000000000000000 ) ) ;
#5066 = VECTOR ( 'NONE', #4285, 1000.000000000000000 ) ;
#5067 = PRESENTATION_STYLE_ASSIGNMENT (( #8025 ) ) ;
#5068 = ORIENTED_EDGE ( 'NONE', *, *, #6373, .T. ) ;
#5069 = DIRECTION ( 'NONE',  ( -1.000000000000000000, 0.000000000000000000, 0.000000000000000000 ) ) ;
#5070 =( GEOMETRIC_REPRESENTATION_CONTEXT ( 3 ) GLOBAL_UNCERTAINTY_ASSIGNED_CONTEXT ( ( #6462 ) ) GLOBAL_UNIT_ASSIGNED_CONTEXT ( ( #2621, #363, #8806 ) ) REPRESENTATION_CONTEXT ( 'NONE', 'WORKASPACE' ) );
#5071 = FILL_AREA_STYLE_COLOUR ( '', #3772 ) ;
#5072 = PLANE ( 'NONE',  #7804 ) ;
#5073 = ORIENTED_EDGE ( 'NONE', *, *, #3437, .T. ) ;
#5074 = DIRECTION ( 'NONE',  ( 2.891205793294676177E-14, -1.000000000000000000, 0.000000000000000000 ) ) ;
#5075 = UNCERTAINTY_MEASURE_WITH_UNIT (LENGTH_MEASURE( 1.000000000000000082E-05 ), #3596, 'distance_accuracy_value', 'NONE');
#5076 = STYLED_ITEM ( 'NONE', ( #8217 ), #6609 ) ;
#5077 = PRESENTATION_LAYER_ASSIGNMENT (  '', '', ( #330 ) ) ;
#5078 = VECTOR ( 'NONE', #2676, 1000.000000000000000 ) ;
#5079 = CARTESIAN_POINT ( 'NONE',  ( -1.750000000000000000, -1.550000000000000044, -0.9513780793966000182 ) ) ;
#5080 = ORIENTED_EDGE ( 'NONE', *, *, #6430, .F. ) ;
#5081 = CARTESIAN_POINT ( 'NONE',  ( -1.104999999999999982, -1.550000000000000044, -1.102973369332799658 ) ) ;
#5082 = CARTESIAN_POINT ( 'NONE',  ( -1.500000000000000000, 0.2540675543254986013, -1.399999999999999911 ) ) ;
#5083 = ORIENTED_EDGE ( 'NONE', *, *, #7737, .T. ) ;
#5084 = VECTOR ( 'NONE', #1869, 1000.000000000000000 ) ;
#5085 = ADVANCED_FACE ( 'NONE', ( #8257 ), #4801, .F. ) ;
#5086 = CARTESIAN_POINT ( 'NONE',  ( 1.350000000000000089, 1.974264068711928388, -0.9013780793965999738 ) ) ;
#5087 = SURFACE_STYLE_FILL_AREA ( #7182 ) ;
#5088 = EDGE_LOOP ( 'NONE', ( #6541, #1999, #8014, #1764 ) ) ;
#5089 = EDGE_CURVE ( 'NONE', #7628, #3379, #1276, .T. ) ;
#5090 = PRESENTATION_STYLE_ASSIGNMENT (( #6458 ) ) ;
#5091 = UNCERTAINTY_MEASURE_WITH_UNIT (LENGTH_MEASURE( 1.000000000000000082E-05 ), #3373, 'distance_accuracy_value', 'NONE');
#5092 = AXIS2_PLACEMENT_3D ( 'NONE', #7439, #5344, #1151 ) ;
#5093 = ORIENTED_EDGE ( 'NONE', *, *, #2469, .F. ) ;
#5094 = DIRECTION ( 'NONE',  ( 1.000000000000000000, 0.000000000000000000, 0.000000000000000000 ) ) ;
#5095 = EDGE_CURVE ( 'NONE', #2575, #1692, #4106, .T. ) ;
#5096 = SURFACE_SIDE_STYLE ('',( #8797 ) ) ;
#5097 = CARTESIAN_POINT ( 'NONE',  ( -2.299999999999999822, 1.000000000000000000, -1.300000000000000044 ) ) ;
#5098 = LINE ( 'NONE', #8096, #4813 ) ;
#5099 = PRESENTATION_LAYER_ASSIGNMENT (  '', '', ( #7898 ) ) ;
#5100 = CARTESIAN_POINT ( 'NONE',  ( 2.299999999999999822, 1.000000000000000000, -1.399999999999999911 ) ) ;
#5101 = COLOUR_RGB ( '',1.000000000000000000, 1.000000000000000000, 1.000000000000000000 ) ;
#5102 = CARTESIAN_POINT ( 'NONE',  ( -1.729999999999999982, 0.4000000000000000222, 0.000000000000000000 ) ) ;
#5103 = LINE ( 'NONE', #2214, #778 ) ;
#5104 =( NAMED_UNIT ( * ) PLANE_ANGLE_UNIT ( ) SI_UNIT ( $, .RADIAN. ) );
#5105 = MECHANICAL_DESIGN_GEOMETRIC_PRESENTATION_REPRESENTATION (  '', ( #8059 ), #809 ) ;
#5106 = EDGE_CURVE ( 'NONE', #9160, #1290, #9132, .T. ) ;
#5107 = PRESENTATION_LAYER_ASSIGNMENT (  '', '', ( #1269 ) ) ;
#5108 = SURFACE_STYLE_FILL_AREA ( #7735 ) ;
#5109 =( LENGTH_UNIT ( ) NAMED_UNIT ( * ) SI_UNIT ( .MILLI., .METRE. ) );
#5110 = STYLED_ITEM ( 'NONE', ( #9053 ), #1436 ) ;
#5111 = AXIS2_PLACEMENT_3D ( 'NONE', #3460, #9000, #7726 ) ;
#5112 = FILL_AREA_STYLE_COLOUR ( '', #7858 ) ;
#5113 = CARTESIAN_POINT ( 'NONE',  ( 1.629999999999999893, -1.300000000000000044, -0.1000000000000000472 ) ) ;
#5114 = VERTEX_POINT ( 'NONE', #7001 ) ;
#5115 = EDGE_CURVE ( 'NONE', #3549, #4522, #7674, .T. ) ;
#5116 =( LENGTH_UNIT ( ) NAMED_UNIT ( * ) SI_UNIT ( .MILLI., .METRE. ) );
#5117 = STYLED_ITEM ( 'NONE', ( #7841 ), #7855 ) ;
#5118 = SURFACE_STYLE_USAGE ( .BOTH. , #6632 ) ;
#5119 = EDGE_CURVE ( 'NONE', #6283, #1183, #7605, .T. ) ;
#5120 = DIRECTION ( 'NONE',  ( -1.000000000000000000, -1.807003620809174139E-16, 0.000000000000000000 ) ) ;
#5121 = DIRECTION ( 'NONE',  ( 0.000000000000000000, 0.000000000000000000, -1.000000000000000000 ) ) ;
#5122 = ORIENTED_EDGE ( 'NONE', *, *, #6411, .F. ) ;
#5123 = DIRECTION ( 'NONE',  ( 0.000000000000000000, 1.000000000000000000, 0.000000000000000000 ) ) ;
#5124 = DIRECTION ( 'NONE',  ( 0.000000000000000000, 0.000000000000000000, -1.000000000000000000 ) ) ;
#5125 = DIRECTION ( 'NONE',  ( 1.000000000000000000, 0.000000000000000000, 0.000000000000000000 ) ) ;
#5126 = ORIENTED_EDGE ( 'NONE', *, *, #4225, .T. ) ;
#5127 = CYLINDRICAL_SURFACE ( 'NONE', #153, 0.1999999999999999833 ) ;
#5128 = ORIENTED_EDGE ( 'NONE', *, *, #4821, .F. ) ;
#5129 = DIRECTION ( 'NONE',  ( 0.000000000000000000, 0.000000000000000000, -1.000000000000000000 ) ) ;
#5130 = AXIS2_PLACEMENT_3D ( 'NONE', #7247, #13, #1415 ) ;
#5131 = ORIENTED_EDGE ( 'NONE', *, *, #7844, .F. ) ;
#5132 = LINE ( 'NONE', #6508, #4762 ) ;
#5133 = FACE_OUTER_BOUND ( 'NONE', #176, .T. ) ;
#5134 = EDGE_LOOP ( 'NONE', ( #8140, #7068, #4673, #6343 ) ) ;
#5135 = AXIS2_PLACEMENT_3D ( 'NONE', #8999, #4997, #8349 ) ;
#5136 = DIRECTION ( 'NONE',  ( 0.000000000000000000, 0.000000000000000000, -1.000000000000000000 ) ) ;
#5137 =( NAMED_UNIT ( * ) SI_UNIT ( $, .STERADIAN. ) SOLID_ANGLE_UNIT ( ) );
#5138 = ORIENTED_EDGE ( 'NONE', *, *, #5586, .T. ) ;
#5139 = SURFACE_STYLE_USAGE ( .BOTH. , #4464 ) ;
#5140 = FACE_OUTER_BOUND ( 'NONE', #8829, .T. ) ;
#5141 = EDGE_LOOP ( 'NONE', ( #498, #5489, #3518, #8371 ) ) ;
#5142 =( NAMED_UNIT ( * ) SI_UNIT ( $, .STERADIAN. ) SOLID_ANGLE_UNIT ( ) );
#5143 = SURFACE_STYLE_FILL_AREA ( #985 ) ;
#5144 = DIRECTION ( 'NONE',  ( 0.000000000000000000, 1.000000000000000000, 0.000000000000000000 ) ) ;
#5145 = ORIENTED_EDGE ( 'NONE', *, *, #4706, .F. ) ;
#5146 =( GEOMETRIC_REPRESENTATION_CONTEXT ( 3 ) GLOBAL_UNCERTAINTY_ASSIGNED_CONTEXT ( ( #2240 ) ) GLOBAL_UNIT_ASSIGNED_CONTEXT ( ( #5698, #6536, #3014 ) ) REPRESENTATION_CONTEXT ( 'NONE', 'WORKASPACE' ) );
#5147 = MECHANICAL_DESIGN_GEOMETRIC_PRESENTATION_REPRESENTATION (  '', ( #1618 ), #3990 ) ;
#5148 = ADVANCED_FACE ( 'NONE', ( #4923 ), #4887, .T. ) ;
#5149 = VECTOR ( 'NONE', #975, 1000.000000000000000 ) ;
#5150 = FILL_AREA_STYLE_COLOUR ( '', #2119 ) ;
#5151 =( GEOMETRIC_REPRESENTATION_CONTEXT ( 3 ) GLOBAL_UNCERTAINTY_ASSIGNED_CONTEXT ( ( #1968 ) ) GLOBAL_UNIT_ASSIGNED_CONTEXT ( ( #1599, #6702, #5142 ) ) REPRESENTATION_CONTEXT ( 'NONE', 'WORKASPACE' ) );
#5152 = LINE ( 'NONE', #321, #73 ) ;
#5153 = FACE_OUTER_BOUND ( 'NONE', #1874, .T. ) ;
#5154 = CARTESIAN_POINT ( 'NONE',  ( -0.9050000000000001377, -1.449999999999999956, -0.9000000000000000222 ) ) ;
#5155 = EDGE_CURVE ( 'NONE', #6659, #2686, #2247, .T. ) ;
#5156 = MECHANICAL_DESIGN_GEOMETRIC_PRESENTATION_REPRESENTATION (  '', ( #7795 ), #3546 ) ;
#5157 = CARTESIAN_POINT ( 'NONE',  ( -2.079999999999999627, 0.5000000000000000000, -1.399999999999999911 ) ) ;
#5158 =( GEOMETRIC_REPRESENTATION_CONTEXT ( 3 ) GLOBAL_UNCERTAINTY_ASSIGNED_CONTEXT ( ( #6092 ) ) GLOBAL_UNIT_ASSIGNED_CONTEXT ( ( #5616, #113, #669 ) ) REPRESENTATION_CONTEXT ( 'NONE', 'WORKASPACE' ) );
#5159 =( GEOMETRIC_REPRESENTATION_CONTEXT ( 3 ) GLOBAL_UNCERTAINTY_ASSIGNED_CONTEXT ( ( #9170 ) ) GLOBAL_UNIT_ASSIGNED_CONTEXT ( ( #7311, #5515, #5419 ) ) REPRESENTATION_CONTEXT ( 'NONE', 'WORKASPACE' ) );
#5160 = FACE_OUTER_BOUND ( 'NONE', #7778, .T. ) ;
#5161 = ORIENTED_EDGE ( 'NONE', *, *, #7124, .F. ) ;
#5162 = SURFACE_STYLE_FILL_AREA ( #4393 ) ;
#5163 = MECHANICAL_DESIGN_GEOMETRIC_PRESENTATION_REPRESENTATION (  '', ( #3862 ), #2529 ) ;
#5164 = LINE ( 'NONE', #7164, #3923 ) ;
#5165 = SURFACE_STYLE_USAGE ( .BOTH. , #2372 ) ;
#5166 = VECTOR ( 'NONE', #2183, 1000.000000000000000 ) ;
#5167 = STYLED_ITEM ( 'NONE', ( #6523 ), #5204 ) ;
#5168 = DIRECTION ( 'NONE',  ( 0.000000000000000000, 0.1166546987195020424, -0.9931725334838162889 ) ) ;
#5169 = CARTESIAN_POINT ( 'NONE',  ( 1.750000000000000000, -1.327698927806999940, -0.9513780793966000182 ) ) ;
#5170 = ORIENTED_EDGE ( 'NONE', *, *, #7303, .F. ) ;
#5171 = CARTESIAN_POINT ( 'NONE',  ( 1.629999999999999893, -1.300000000000000044, 0.000000000000000000 ) ) ;
#5172 = CARTESIAN_POINT ( 'NONE',  ( -1.610000000000000098, 0.5199999999999999067, 0.000000000000000000 ) ) ;
#5173 = COLOUR_RGB ( '',1.000000000000000000, 1.000000000000000000, 1.000000000000000000 ) ;
#5174 = SURFACE_STYLE_USAGE ( .BOTH. , #6546 ) ;
#5175 = CARTESIAN_POINT ( 'NONE',  ( -1.399999999999999911, 1.399999999999999911, 0.000000000000000000 ) ) ;
#5176 = VERTEX_POINT ( 'NONE', #3681 ) ;
#5177 = COLOUR_RGB ( '',1.000000000000000000, 1.000000000000000000, 1.000000000000000000 ) ;
#5178 = EDGE_CURVE ( 'NONE', #2666, #7011, #7771, .T. ) ;
#5179 = SURFACE_STYLE_FILL_AREA ( #5855 ) ;
#5180 = VERTEX_POINT ( 'NONE', #8586 ) ;
#5181 = PRESENTATION_STYLE_ASSIGNMENT (( #7270 ) ) ;
#5182 = CARTESIAN_POINT ( 'NONE',  ( -1.242857142857142883, 1.974264068711928388, -0.7963999475630351155 ) ) ;
#5183 = ORIENTED_EDGE ( 'NONE', *, *, #6097, .F. ) ;
#5184 = UNCERTAINTY_MEASURE_WITH_UNIT (LENGTH_MEASURE( 1.000000000000000082E-05 ), #7603, 'distance_accuracy_value', 'NONE');
#5185 = DIRECTION ( 'NONE',  ( 0.000000000000000000, 0.000000000000000000, -1.000000000000000000 ) ) ;
#5186 = DIRECTION ( 'NONE',  ( 0.000000000000000000, 0.000000000000000000, -1.000000000000000000 ) ) ;
#5187 = UNCERTAINTY_MEASURE_WITH_UNIT (LENGTH_MEASURE( 1.000000000000000082E-05 ), #3991, 'distance_accuracy_value', 'NONE');
#5188 = ORIENTED_EDGE ( 'NONE', *, *, #5261, .T. ) ;
#5189 = LINE ( 'NONE', #1546, #284 ) ;
#5190 = EDGE_CURVE ( 'NONE', #2941, #4992, #8670, .T. ) ;
#5191 = DIRECTION ( 'NONE',  ( 1.000000000000000000, 0.000000000000000000, 0.000000000000000000 ) ) ;
#5192 = FACE_OUTER_BOUND ( 'NONE', #1538, .T. ) ;
#5193 = DIRECTION ( 'NONE',  ( 0.000000000000000000, 0.000000000000000000, 1.000000000000000000 ) ) ;
#5194 = VERTEX_POINT ( 'NONE', #7095 ) ;
#5195 = CARTESIAN_POINT ( 'NONE',  ( 0.9049999999999999156, 1.550000000000000044, -0.6999999999999999556 ) ) ;
#5196 = COLOUR_RGB ( '',1.000000000000000000, 1.000000000000000000, 1.000000000000000000 ) ;
#5197 = CARTESIAN_POINT ( 'NONE',  ( -0.9050000000000001377, -1.550000000000000044, -1.302973369332799836 ) ) ;
#5198 = LINE ( 'NONE', #2537, #7384 ) ;
#5199 = ORIENTED_EDGE ( 'NONE', *, *, #7040, .F. ) ;
#5200 = MECHANICAL_DESIGN_GEOMETRIC_PRESENTATION_REPRESENTATION (  '', ( #4034 ), #1359 ) ;
#5201 = DIRECTION ( 'NONE',  ( -0.000000000000000000, -1.000000000000000000, -0.000000000000000000 ) ) ;
#5202 = FILL_AREA_STYLE ('',( #3884 ) ) ;
#5203 = CARTESIAN_POINT ( 'NONE',  ( -0.7499914125815341226, -0.003589018522499294941, 0.4999999999999998890 ) ) ;
#5204 = ADVANCED_FACE ( 'NONE', ( #4473 ), #2356, .T. ) ;
#5205 =( NAMED_UNIT ( * ) PLANE_ANGLE_UNIT ( ) SI_UNIT ( $, .RADIAN. ) );
#5206 = CARTESIAN_POINT ( 'NONE',  ( -1.600000000000000089, -1.550000000000000044, -0.9513780793966000182 ) ) ;
#5207 = EDGE_CURVE ( 'NONE', #8875, #6833, #131, .T. ) ;
#5208 =( GEOMETRIC_REPRESENTATION_CONTEXT ( 3 ) GLOBAL_UNCERTAINTY_ASSIGNED_CONTEXT ( ( #9047 ) ) GLOBAL_UNIT_ASSIGNED_CONTEXT ( ( #5116, #7833, #2231 ) ) REPRESENTATION_CONTEXT ( 'NONE', 'WORKASPACE' ) );
#5209 = VECTOR ( 'NONE', #4338, 1000.000000000000000 ) ;
#5210 = VECTOR ( 'NONE', #3743, 1000.000000000000000 ) ;
#5211 = FILL_AREA_STYLE ('',( #3100 ) ) ;
#5212 = ORIENTED_EDGE ( 'NONE', *, *, #1164, .F. ) ;
#5213 = DIRECTION ( 'NONE',  ( -1.000000000000000000, 0.000000000000000000, 0.000000000000000000 ) ) ;
#5214 = ADVANCED_FACE ( 'NONE', ( #795 ), #6326, .T. ) ;
#5215 = SURFACE_STYLE_FILL_AREA ( #1840 ) ;
#5216 = FILL_AREA_STYLE ('',( #5071 ) ) ;
#5217 =( GEOMETRIC_REPRESENTATION_CONTEXT ( 3 ) GLOBAL_UNCERTAINTY_ASSIGNED_CONTEXT ( ( #5900 ) ) GLOBAL_UNIT_ASSIGNED_CONTEXT ( ( #8762, #2448, #5870 ) ) REPRESENTATION_CONTEXT ( 'NONE', 'WORKASPACE' ) );
#5218 = AXIS2_PLACEMENT_3D ( 'NONE', #2714, #2588, #2629 ) ;
#5219 = CARTESIAN_POINT ( 'NONE',  ( 0.8975699268677558296, 1.495423471781159197, -0.8359516702184901504 ) ) ;
#5220 = COLOUR_RGB ( '',0.4117647058823529216, 0.4117647058823529216, 0.4117647058823529216 ) ;
#5221 = EDGE_LOOP ( 'NONE', ( #8238, #260, #9079, #3876 ) ) ;
#5222 = FILL_AREA_STYLE_COLOUR ( '', #311 ) ;
#5223 = CARTESIAN_POINT ( 'NONE',  ( -1.399999999999999911, -1.300000000000000044, -0.1000000000000000472 ) ) ;
#5224 = ORIENTED_EDGE ( 'NONE', *, *, #7297, .T. ) ;
#5225 = ORIENTED_EDGE ( 'NONE', *, *, #4108, .F. ) ;
#5226 = MECHANICAL_DESIGN_GEOMETRIC_PRESENTATION_REPRESENTATION (  '', ( #43 ), #8180 ) ;
#5227 = SURFACE_STYLE_FILL_AREA ( #6424 ) ;
#5228 = VECTOR ( 'NONE', #3556, 1000.000000000000000 ) ;
#5229 = CARTESIAN_POINT ( 'NONE',  ( 1.750000000000000000, -1.000000000000000000, -1.399000000000000021 ) ) ;
#5230 = CARTESIAN_POINT ( 'NONE',  ( 1.750000000000000000, 0.5000000000000000000, -1.300000000000000044 ) ) ;
#5231 = VERTEX_POINT ( 'NONE', #8899 ) ;
#5232 = FILL_AREA_STYLE_COLOUR ( '', #1184 ) ;
#5233 = STYLED_ITEM ( 'NONE', ( #7262 ), #6515 ) ;
#5234 = DIRECTION ( 'NONE',  ( -0.000000000000000000, -0.000000000000000000, -1.000000000000000000 ) ) ;
#5236 = VERTEX_POINT ( 'NONE', #5871 ) ;
#5235 = EDGE_CURVE ( 'NONE', #675, #6115, #5198, .T. ) ;
#5237 = CARTESIAN_POINT ( 'NONE',  ( -1.310482053673000191, -1.355049631228999907, 0.000000000000000000 ) ) ;
#5238 = ORIENTED_EDGE ( 'NONE', *, *, #6053, .F. ) ;
#5239 = FACE_OUTER_BOUND ( 'NONE', #5873, .T. ) ;
#5240 = SURFACE_STYLE_USAGE ( .BOTH. , #2353 ) ;
#5241 = COLOUR_RGB ( '',1.000000000000000000, 1.000000000000000000, 1.000000000000000000 ) ;
#5242 = SURFACE_SIDE_STYLE ('',( #2450 ) ) ;
#5243 = VERTEX_POINT ( 'NONE', #1741 ) ;
#5244 = PRESENTATION_LAYER_ASSIGNMENT (  '', '', ( #5669 ) ) ;
#5245 = CARTESIAN_POINT ( 'NONE',  ( 0.9049999999999999156, 1.550000000000000044, -0.9000000000000000222 ) ) ;
#5246 = SURFACE_SIDE_STYLE ('',( #5916 ) ) ;
#5247 = CARTESIAN_POINT ( 'NONE',  ( 1.750000000000000000, -1.449999999999999956, -1.101378079396600151 ) ) ;
#5248 = COLOUR_RGB ( '',0.4117647058823529216, 0.4117647058823529216, 0.4117647058823529216 ) ;
#5249 = LINE ( 'NONE', #5113, #2984 ) ;
#5250 = EDGE_LOOP ( 'NONE', ( #6175, #7425, #1023, #2894 ) ) ;
#5251 = SURFACE_STYLE_USAGE ( .BOTH. , #4533 ) ;
#5252 = MECHANICAL_DESIGN_GEOMETRIC_PRESENTATION_REPRESENTATION (  '', ( #2625 ), #1582 ) ;
#5253 = ADVANCED_FACE ( 'NONE', ( #1872 ), #1083, .T. ) ;
#5254 = CARTESIAN_POINT ( 'NONE',  ( -0.9050000000000001377, 2.500000000000000000, -0.6999999999999999556 ) ) ;
#5255 = STYLED_ITEM ( 'NONE', ( #8133 ), #7761 ) ;
#5256 = CARTESIAN_POINT ( 'NONE',  ( 1.350000000000000089, -1.449999999999999956, -0.1000000000000000472 ) ) ;
#5257 = SURFACE_SIDE_STYLE ('',( #5333 ) ) ;
#5258 = DIRECTION ( 'NONE',  ( -0.7071067811865431318, 0.000000000000000000, 0.7071067811865519026 ) ) ;
#5259 = CARTESIAN_POINT ( 'NONE',  ( -1.750000000000000000, 1.550000000000000044, -0.9513780793966000182 ) ) ;
#5260 = AXIS2_PLACEMENT_3D ( 'NONE', #6737, #8883, #4038 ) ;
#5261 = EDGE_CURVE ( 'NONE', #679, #7381, #7334, .T. ) ;
#5262 = ORIENTED_EDGE ( 'NONE', *, *, #2684, .T. ) ;
#5263 = FACE_OUTER_BOUND ( 'NONE', #3883, .T. ) ;
#5264 = ORIENTED_EDGE ( 'NONE', *, *, #2303, .T. ) ;
#5265 = EDGE_CURVE ( 'NONE', #8319, #3853, #1825, .T. ) ;
#5266 = PLANE ( 'NONE',  #4368 ) ;
#5267 = ORIENTED_EDGE ( 'NONE', *, *, #1769, .T. ) ;
#5268 = UNCERTAINTY_MEASURE_WITH_UNIT (LENGTH_MEASURE( 1.000000000000000082E-05 ), #5340, 'distance_accuracy_value', 'NONE');
#5269 = EDGE_CURVE ( 'NONE', #6937, #735, #3265, .T. ) ;
#5270 = PRESENTATION_STYLE_ASSIGNMENT (( #2480 ) ) ;
#5271 = ORIENTED_EDGE ( 'NONE', *, *, #7207, .F. ) ;
#5272 = PRESENTATION_STYLE_ASSIGNMENT (( #7911 ) ) ;
#5273 = FACE_OUTER_BOUND ( 'NONE', #4023, .T. ) ;
#5274 = LINE ( 'NONE', #7329, #4216 ) ;
#5275 = ORIENTED_EDGE ( 'NONE', *, *, #7854, .T. ) ;
#5276 = SURFACE_STYLE_FILL_AREA ( #8848 ) ;
#5277 = PLANE ( 'NONE',  #4924 ) ;
#5278 =( NAMED_UNIT ( * ) SI_UNIT ( $, .STERADIAN. ) SOLID_ANGLE_UNIT ( ) );
#5279 = VERTEX_POINT ( 'NONE', #1122 ) ;
#5280 = DIRECTION ( 'NONE',  ( -1.000000000000000000, 0.000000000000000000, 0.000000000000000000 ) ) ;
#5281 = EDGE_CURVE ( 'NONE', #7541, #483, #6617, .T. ) ;
#5282 = DIRECTION ( 'NONE',  ( -0.000000000000000000, -1.000000000000000000, -0.000000000000000000 ) ) ;
#5283 = CARTESIAN_POINT ( 'NONE',  ( 1.750000000000000000, 0.4000000000000000222, -0.1000000000000000472 ) ) ;
#5284 = PLANE ( 'NONE',  #5422 ) ;
#5285 = DIRECTION ( 'NONE',  ( 0.000000000000000000, 0.000000000000000000, 1.000000000000000000 ) ) ;
#5286 = PRESENTATION_LAYER_ASSIGNMENT (  '', '', ( #8995 ) ) ;
#5287 = CIRCLE ( 'NONE', #6289, 0.1000000000000000472 ) ;
#5288 = VERTEX_POINT ( 'NONE', #7414 ) ;
#5289 = DIRECTION ( 'NONE',  ( 0.000000000000000000, -1.000000000000000000, 0.000000000000000000 ) ) ;
#5290 = AXIS2_PLACEMENT_3D ( 'NONE', #4400, #5700, #5121 ) ;
#5291 = VECTOR ( 'NONE', #7547, 1000.000000000000000 ) ;
#5292 = ORIENTED_EDGE ( 'NONE', *, *, #2241, .F. ) ;
#5293 = DIRECTION ( 'NONE',  ( 4.336808689942041895E-16, 1.000000000000000000, -0.000000000000000000 ) ) ;
#5294 = VECTOR ( 'NONE', #5405, 1000.000000000000000 ) ;
#5295 = VERTEX_POINT ( 'NONE', #6752 ) ;
#5296 = DIRECTION ( 'NONE',  ( -0.000000000000000000, -1.000000000000000000, -0.000000000000000000 ) ) ;
#5297 = COLOUR_RGB ( '',1.000000000000000000, 1.000000000000000000, 1.000000000000000000 ) ;
#5298 = SURFACE_SIDE_STYLE ('',( #7390 ) ) ;
#5299 = EDGE_LOOP ( 'NONE', ( #4829, #1822, #7570, #160, #4603, #8173, #6759 ) ) ;
#5300 = DIRECTION ( 'NONE',  ( -0.000000000000000000, -1.000000000000000000, 0.000000000000000000 ) ) ;
#5301 = ORIENTED_EDGE ( 'NONE', *, *, #3746, .T. ) ;
#5302 = MECHANICAL_DESIGN_GEOMETRIC_PRESENTATION_REPRESENTATION (  '', ( #572 ), #4012 ) ;
#5303 = ADVANCED_FACE ( 'NONE', ( #279 ), #5909, .T. ) ;
#5304 = SURFACE_STYLE_USAGE ( .BOTH. , #7871 ) ;
#5305 = VECTOR ( 'NONE', #997, 1000.000000000000000 ) ;
#5306 = VECTOR ( 'NONE', #7200, 1000.000000000000000 ) ;
#5307 = EDGE_CURVE ( 'NONE', #6736, #6252, #3450, .T. ) ;
#5308 = CARTESIAN_POINT ( 'NONE',  ( -0.9050000000000001377, 2.500000000000000000, -1.102973369332799658 ) ) ;
#5309 = ORIENTED_EDGE ( 'NONE', *, *, #7415, .F. ) ;
#5310 = DIRECTION ( 'NONE',  ( 0.000000000000000000, 0.000000000000000000, 1.000000000000000000 ) ) ;
#5311 = LINE ( 'NONE', #494, #6630 ) ;
#5312 = ORIENTED_EDGE ( 'NONE', *, *, #4343, .T. ) ;
#5313 = ADVANCED_FACE ( 'NONE', ( #9086 ), #6799, .T. ) ;
#5314 = CARTESIAN_POINT ( 'NONE',  ( -0.9050000000000001377, 1.472530973224408513, -0.8681358609779725732 ) ) ;
#5315 = SURFACE_STYLE_FILL_AREA ( #5823 ) ;
#5316 = ORIENTED_EDGE ( 'NONE', *, *, #4319, .F. ) ;
#5317 = CARTESIAN_POINT ( 'NONE',  ( -1.104999999999999982, -1.550000000000000044, -1.302973369332799836 ) ) ;
#5318 = CARTESIAN_POINT ( 'NONE',  ( -1.610000000000000098, 0.5199999999999999067, 0.000000000000000000 ) ) ;
#5319 = DIRECTION ( 'NONE',  ( 0.000000000000000000, 1.000000000000000000, 0.000000000000000000 ) ) ;
#5320 = ORIENTED_EDGE ( 'NONE', *, *, #8661, .F. ) ;
#5321 = CARTESIAN_POINT ( 'NONE',  ( -8.131516293641283255E-17, 0.000000000000000000, -0.5999999999999999778 ) ) ;
#5322 = LINE ( 'NONE', #1606, #1982 ) ;
#5323 = AXIS2_PLACEMENT_3D ( 'NONE', #6096, #8249, #7345 ) ;
#5324 = CARTESIAN_POINT ( 'NONE',  ( 1.600000000000000089, -1.449999999999999956, -0.9513780793966000182 ) ) ;
#5325 = VERTEX_POINT ( 'NONE', #1212 ) ;
#5326 = SURFACE_STYLE_FILL_AREA ( #6858 ) ;
#5327 = CARTESIAN_POINT ( 'NONE',  ( -1.350000000000000089, 1.449999999999999956, -0.9513780793966000182 ) ) ;
#5328 = COLOUR_RGB ( '',0.4117647058823529216, 0.4117647058823529216, 0.4117647058823529216 ) ;
#5329 = ORIENTED_EDGE ( 'NONE', *, *, #2101, .T. ) ;
#5330 = CARTESIAN_POINT ( 'NONE',  ( -1.750000000000000000, 0.5000000000000000000, -1.300000000000000044 ) ) ;
#5331 = PRESENTATION_STYLE_ASSIGNMENT (( #4716 ) ) ;
#5332 = AXIS2_PLACEMENT_3D ( 'NONE', #4980, #3062, #5069 ) ;
#5333 = SURFACE_STYLE_FILL_AREA ( #7522 ) ;
#5334 = CARTESIAN_POINT ( 'NONE',  ( 1.350000000000000089, 1.974264068711928388, -0.9013780793965999738 ) ) ;
#5335 = STYLED_ITEM ( 'NONE', ( #2318 ), #848 ) ;
#5336 = ORIENTED_EDGE ( 'NONE', *, *, #4370, .T. ) ;
#5337 = VERTEX_POINT ( 'NONE', #1919 ) ;
#5338 = SURFACE_STYLE_USAGE ( .BOTH. , #1849 ) ;
#5339 = PRESENTATION_LAYER_ASSIGNMENT (  '', '', ( #4333 ) ) ;
#5340 =( LENGTH_UNIT ( ) NAMED_UNIT ( * ) SI_UNIT ( .MILLI., .METRE. ) );
#5341 =( GEOMETRIC_REPRESENTATION_CONTEXT ( 3 ) GLOBAL_UNCERTAINTY_ASSIGNED_CONTEXT ( ( #2697 ) ) GLOBAL_UNIT_ASSIGNED_CONTEXT ( ( #4237, #7094, #4472 ) ) REPRESENTATION_CONTEXT ( 'NONE', 'WORKASPACE' ) );
#5342 = STYLED_ITEM ( 'NONE', ( #3323 ), #1085 ) ;
#5343 = ORIENTED_EDGE ( 'NONE', *, *, #1837, .T. ) ;
#5344 = DIRECTION ( 'NONE',  ( -0.000000000000000000, -1.000000000000000000, -0.000000000000000000 ) ) ;
#5345 = ORIENTED_EDGE ( 'NONE', *, *, #4442, .T. ) ;
#5346 = DIRECTION ( 'NONE',  ( 0.000000000000000000, 0.000000000000000000, 1.000000000000000000 ) ) ;
#5347 =( NAMED_UNIT ( * ) SI_UNIT ( $, .STERADIAN. ) SOLID_ANGLE_UNIT ( ) );
#5348 = PRESENTATION_LAYER_ASSIGNMENT (  '', '', ( #3176 ) ) ;
#5349 = FACE_OUTER_BOUND ( 'NONE', #6966, .T. ) ;
#5350 = UNCERTAINTY_MEASURE_WITH_UNIT (LENGTH_MEASURE( 1.000000000000000082E-05 ), #801, 'distance_accuracy_value', 'NONE');
#5351 = ORIENTED_EDGE ( 'NONE', *, *, #3986, .T. ) ;
#5352 = FACE_OUTER_BOUND ( 'NONE', #2037, .T. ) ;
#5353 = EDGE_CURVE ( 'NONE', #3260, #6748, #4137, .T. ) ;
#5354 = ORIENTED_EDGE ( 'NONE', *, *, #6744, .T. ) ;
#5355 = STYLED_ITEM ( 'NONE', ( #7240 ), #148 ) ;
#5356 = CARTESIAN_POINT ( 'NONE',  ( -1.104999999999999982, -3.500000000000000000, -1.302973369332799836 ) ) ;
#5357 = CARTESIAN_POINT ( 'NONE',  ( 1.750000000000000000, 1.550000000000000044, -0.9513780793966000182 ) ) ;
#5358 = VECTOR ( 'NONE', #4900, 1000.000000000000000 ) ;
#5359 = SHAPE_REPRESENTATION_RELATIONSHIP ( 'NONE' , 'NONE' ,  #11, #1562 ) ;
#5360 = EDGE_CURVE ( 'NONE', #4696, #8888, #5542, .T. ) ;
#5361 = ORIENTED_EDGE ( 'NONE', *, *, #8961, .T. ) ;
#5362 = LINE ( 'NONE', #1433, #5084 ) ;
#5363 = LINE ( 'NONE', #454, #3317 ) ;
#5364 = CARTESIAN_POINT ( 'NONE',  ( -0.9050000000000001377, 1.449999999999999956, -1.302973369332799836 ) ) ;
#5365 = CLOSED_SHELL ( 'NONE', ( #4654, #3646, #61, #1284, #5501, #5420, #7910, #75, #1488, #1660, #8798, #1723, #7474, #5055, #3875, #4430, #3329, #8321, #6838, #7740, #5085, #7634, #6609, #1539, #4203, #3762, #1147, #614, #789, #1336, #4027, #7161, #7584, #7321, #8146, #9091, #2421, #3791, #9162, #946, #6110, #7784, #683, #6292, #9061, #3137, #4982, #4030, #2918, #4142, #8539, #2462, #3243, #6859, #3522, #5303, #6717, #7709, #3578, #2545, #3416, #3106, #1227, #6960, #5204, #6515, #1777, #6022, #8207, #730, #4537, #8943, #7745, #1436, #2350, #6828, #7993, #1085, #3154, #500, #3905, #8721, #2939, #1136, #6010, #733, #6088, #8329, #4619, #6669, #1413, #933, #610, #8855, #1610, #5313, #8817, #8578 ) ) ;
#5366 = PRESENTATION_STYLE_ASSIGNMENT (( #4562 ) ) ;
#5367 = ADVANCED_FACE ( 'NONE', ( #8427 ), #5499, .T. ) ;
#5368 = UNCERTAINTY_MEASURE_WITH_UNIT (LENGTH_MEASURE( 1.000000000000000082E-05 ), #6378, 'distance_accuracy_value', 'NONE');
#5369 = AXIS2_PLACEMENT_3D ( 'NONE', #2579, #2838, #7454 ) ;
#5370 = MECHANICAL_DESIGN_GEOMETRIC_PRESENTATION_REPRESENTATION (  '', ( #330 ), #4207 ) ;
#5371 = VERTEX_POINT ( 'NONE', #84 ) ;
#5372 = SURFACE_STYLE_FILL_AREA ( #1921 ) ;
#5373 =( LENGTH_UNIT ( ) NAMED_UNIT ( * ) SI_UNIT ( .MILLI., .METRE. ) );
#5374 = CARTESIAN_POINT ( 'NONE',  ( 1.629999999999999893, -0.9799999999999999822, -0.1000000000000000472 ) ) ;
#5375 = VECTOR ( 'NONE', #1762, 1000.000000000000000 ) ;
#5376 = FILL_AREA_STYLE_COLOUR ( '', #973 ) ;
#5377 = EDGE_LOOP ( 'NONE', ( #6719, #4558, #2601, #5671 ) ) ;
#5378 = SURFACE_STYLE_USAGE ( .BOTH. , #1747 ) ;
#5379 = DIRECTION ( 'NONE',  ( 0.000000000000000000, 0.000000000000000000, 1.000000000000000000 ) ) ;
#5380 = EDGE_CURVE ( 'NONE', #4107, #8043, #4366, .T. ) ;
#5381 = STYLED_ITEM ( 'NONE', ( #4579 ), #7161 ) ;
#5382 = VERTEX_POINT ( 'NONE', #3039 ) ;
#5383 =( LENGTH_UNIT ( ) NAMED_UNIT ( * ) SI_UNIT ( .MILLI., .METRE. ) );
#5384 = SURFACE_STYLE_USAGE ( .BOTH. , #3982 ) ;
#5385 = SURFACE_STYLE_FILL_AREA ( #1140 ) ;
#5386 =( GEOMETRIC_REPRESENTATION_CONTEXT ( 3 ) GLOBAL_UNCERTAINTY_ASSIGNED_CONTEXT ( ( #7038 ) ) GLOBAL_UNIT_ASSIGNED_CONTEXT ( ( #8215, #8919, #9105 ) ) REPRESENTATION_CONTEXT ( 'NONE', 'WORKASPACE' ) );
#5387 = FACE_OUTER_BOUND ( 'NONE', #3559, .T. ) ;
#5388 = ADVANCED_FACE ( 'NONE', ( #2896 ), #8473, .T. ) ;
#5389 = ORIENTED_EDGE ( 'NONE', *, *, #8256, .T. ) ;
#5390 = SURFACE_SIDE_STYLE ('',( #3426 ) ) ;
#5391 = ORIENTED_EDGE ( 'NONE', *, *, #8434, .T. ) ;
#5392 = PRESENTATION_LAYER_ASSIGNMENT (  '', '', ( #8059 ) ) ;
#5393 = SURFACE_SIDE_STYLE ('',( #6685 ) ) ;
#5394 = CARTESIAN_POINT ( 'NONE',  ( 1.750999999999999890, -0.5000000000000000000, -1.399000000000000021 ) ) ;
#5395 = ORIENTED_EDGE ( 'NONE', *, *, #7026, .F. ) ;
#5396 = EDGE_CURVE ( 'NONE', #2336, #9157, #881, .T. ) ;
#5397 = FILL_AREA_STYLE ('',( #8930 ) ) ;
#5398 =( NAMED_UNIT ( * ) SI_UNIT ( $, .STERADIAN. ) SOLID_ANGLE_UNIT ( ) );
#5399 = EDGE_LOOP ( 'NONE', ( #8987, #6773, #7441, #2203, #7618, #2928 ) ) ;
#5400 = FACE_OUTER_BOUND ( 'NONE', #5409, .T. ) ;
#5401 = CARTESIAN_POINT ( 'NONE',  ( 1.350000000000000089, 1.550000000000000044, -0.9513780793966000182 ) ) ;
#5402 = SURFACE_SIDE_STYLE ('',( #1297 ) ) ;
#5403 = EDGE_LOOP ( 'NONE', ( #1324, #905, #7696, #6205 ) ) ;
#5404 = PRESENTATION_STYLE_ASSIGNMENT (( #6694 ) ) ;
#5405 = DIRECTION ( 'NONE',  ( 0.000000000000000000, 0.000000000000000000, -1.000000000000000000 ) ) ;
#5406 = VERTEX_POINT ( 'NONE', #831 ) ;
#5407 = STYLED_ITEM ( 'NONE', ( #1141 ), #7993 ) ;
#5408 = CARTESIAN_POINT ( 'NONE',  ( 1.454978131833564836, 1.550000000000000044, -1.008520936539456958 ) ) ;
#5409 = EDGE_LOOP ( 'NONE', ( #6894, #8052, #3258, #2172 ) ) ;
#5410 =( NAMED_UNIT ( * ) SI_UNIT ( $, .STERADIAN. ) SOLID_ANGLE_UNIT ( ) );
#5411 = DIRECTION ( 'NONE',  ( 0.000000000000000000, 0.000000000000000000, -1.000000000000000000 ) ) ;
#5412 = VERTEX_POINT ( 'NONE', #3670 ) ;
#5413 =( NAMED_UNIT ( * ) SI_UNIT ( $, .STERADIAN. ) SOLID_ANGLE_UNIT ( ) );
#5414 = DIRECTION ( 'NONE',  ( 0.000000000000000000, 0.000000000000000000, 1.000000000000000000 ) ) ;
#5415 =( NAMED_UNIT ( * ) PLANE_ANGLE_UNIT ( ) SI_UNIT ( $, .RADIAN. ) );
#5416 =( NAMED_UNIT ( * ) SI_UNIT ( $, .STERADIAN. ) SOLID_ANGLE_UNIT ( ) );
#5417 = SURFACE_STYLE_USAGE ( .BOTH. , #3325 ) ;
#5418 = EDGE_CURVE ( 'NONE', #8550, #4364, #4015, .T. ) ;
#5419 =( NAMED_UNIT ( * ) SI_UNIT ( $, .STERADIAN. ) SOLID_ANGLE_UNIT ( ) );
#5420 = ADVANCED_FACE ( 'NONE', ( #1398 ), #6309, .T. ) ;
#5421 = EDGE_LOOP ( 'NONE', ( #3969, #2662, #1726, #2610 ) ) ;
#5422 = AXIS2_PLACEMENT_3D ( 'NONE', #3885, #3835, #1791 ) ;
#5423 = FACE_BOUND ( 'NONE', #4013, .T. ) ;
#5424 = EDGE_CURVE ( 'NONE', #3452, #1135, #7862, .T. ) ;
#5425 = CARTESIAN_POINT ( 'NONE',  ( -1.750000000000000000, 0.9799999999999999822, -0.1000000000000000472 ) ) ;
#5426 = STYLED_ITEM ( 'NONE', ( #1059 ), #450 ) ;
#5427 = CARTESIAN_POINT ( 'NONE',  ( 1.510000000000000009, 0.4000000000000000222, 0.000000000000000000 ) ) ;
#5428 = CARTESIAN_POINT ( 'NONE',  ( 1.751000000000000334, 1.000000000000000000, -1.399000000000000021 ) ) ;
#5429 = ORIENTED_EDGE ( 'NONE', *, *, #7821, .F. ) ;
#5430 = SURFACE_STYLE_USAGE ( .BOTH. , #7526 ) ;
#5431 = ORIENTED_EDGE ( 'NONE', *, *, #1014, .T. ) ;
#5432 = FILL_AREA_STYLE ('',( #4939 ) ) ;
#5433 = VECTOR ( 'NONE', #7746, 1000.000000000000000 ) ;
#5434 = DIRECTION ( 'NONE',  ( -1.000000000000000000, 0.000000000000000000, 0.000000000000000000 ) ) ;
#5435 = ORIENTED_EDGE ( 'NONE', *, *, #1199, .F. ) ;
#5436 = VECTOR ( 'NONE', #7907, 1000.000000000000000 ) ;
#5437 = COLOUR_RGB ( '',0.4117647058823529216, 0.4117647058823529216, 0.4117647058823529216 ) ;
#5438 = PRESENTATION_STYLE_ASSIGNMENT (( #1241 ) ) ;
#5439 = SURFACE_STYLE_FILL_AREA ( #3161 ) ;
#5440 = ORIENTED_EDGE ( 'NONE', *, *, #8830, .T. ) ;
#5441 = FILL_AREA_STYLE ('',( #6024 ) ) ;
#5442 = UNCERTAINTY_MEASURE_WITH_UNIT (LENGTH_MEASURE( 1.000000000000000082E-05 ), #3907, 'distance_accuracy_value', 'NONE');
#5443 = VECTOR ( 'NONE', #3021, 1000.000000000000000 ) ;
#5444 = PRESENTATION_STYLE_ASSIGNMENT (( #4732 ) ) ;
#5445 = EDGE_CURVE ( 'NONE', #3138, #6507, #1113, .T. ) ;
#5446 = DIRECTION ( 'NONE',  ( 1.000000000000000000, 0.000000000000000000, 0.000000000000000000 ) ) ;
#5447 = UNCERTAINTY_MEASURE_WITH_UNIT (LENGTH_MEASURE( 1.000000000000000082E-05 ), #788, 'distance_accuracy_value', 'NONE');
#5448 = AXIS2_PLACEMENT_3D ( 'NONE', #3523, #7067, #8553 ) ;
#5449 = VERTEX_POINT ( 'NONE', #397 ) ;
#5450 = VERTEX_POINT ( 'NONE', #2394 ) ;
#5451 = AXIS2_PLACEMENT_3D ( 'NONE', #4174, #1391, #78 ) ;
#5452 =( LENGTH_UNIT ( ) NAMED_UNIT ( * ) SI_UNIT ( .MILLI., .METRE. ) );
#5453 = ORIENTED_EDGE ( 'NONE', *, *, #5922, .T. ) ;
#5454 = CARTESIAN_POINT ( 'NONE',  ( -8.131516293641283255E-17, 0.000000000000000000, -1.399999999999999911 ) ) ;
#5455 = CARTESIAN_POINT ( 'NONE',  ( 1.629999999999999893, -1.180000000000000160, 1.698556084261999999 ) ) ;
#5456 = UNCERTAINTY_MEASURE_WITH_UNIT (LENGTH_MEASURE( 1.000000000000000082E-05 ), #3334, 'distance_accuracy_value', 'NONE');
#5457 = CIRCLE ( 'NONE', #1491, 0.1499999999999999667 ) ;
#5458 = ORIENTED_EDGE ( 'NONE', *, *, #1794, .T. ) ;
#5459 =( NAMED_UNIT ( * ) SI_UNIT ( $, .STERADIAN. ) SOLID_ANGLE_UNIT ( ) );
#5460 =( NAMED_UNIT ( * ) SI_UNIT ( $, .STERADIAN. ) SOLID_ANGLE_UNIT ( ) );
#5461 = LINE ( 'NONE', #3455, #469 ) ;
#5462 = SURFACE_STYLE_FILL_AREA ( #508 ) ;
#5463 = PRESENTATION_STYLE_ASSIGNMENT (( #2672 ) ) ;
#5464 = FACE_OUTER_BOUND ( 'NONE', #6548, .T. ) ;
#5465 = DIRECTION ( 'NONE',  ( -2.409338161078898687E-16, -1.000000000000000000, 0.000000000000000000 ) ) ;
#5466 = FILL_AREA_STYLE ('',( #6104 ) ) ;
#5467 = VERTEX_POINT ( 'NONE', #5941 ) ;
#5468 = EDGE_CURVE ( 'NONE', #7381, #8469, #7539, .T. ) ;
#5469 = PRESENTATION_STYLE_ASSIGNMENT (( #7516 ) ) ;
#5470 = DIRECTION ( 'NONE',  ( 0.000000000000000000, 0.000000000000000000, 1.000000000000000000 ) ) ;
#5471 = EDGE_CURVE ( 'NONE', #8681, #6811, #3257, .T. ) ;
#5472 = AXIS2_PLACEMENT_3D ( 'NONE', #6041, #548, #6849 ) ;
#5474 = ORIENTED_EDGE ( 'NONE', *, *, #7044, .T. ) ;
#5473 = PRESENTATION_LAYER_ASSIGNMENT (  '', '', ( #456 ) ) ;
#5475 = EDGE_CURVE ( 'NONE', #8915, #5371, #8794, .T. ) ;
#5476 = EDGE_LOOP ( 'NONE', ( #4985, #8878, #7359, #6510, #7314, #7559, #4313, #3425, #7996, #2584, #8129, #6979, #3391, #9006, #2786, #4113 ) ) ;
#5477 = PRESENTATION_STYLE_ASSIGNMENT (( #6287 ) ) ;
#5478 = DIRECTION ( 'NONE',  ( 0.000000000000000000, 0.000000000000000000, 1.000000000000000000 ) ) ;
#5479 = ORIENTED_EDGE ( 'NONE', *, *, #4094, .T. ) ;
#5480 = SURFACE_STYLE_FILL_AREA ( #2691 ) ;
#5481 = PRESENTATION_LAYER_ASSIGNMENT (  '', '', ( #6054 ) ) ;
#5482 = FACE_OUTER_BOUND ( 'NONE', #7762, .T. ) ;
#5483 = CARTESIAN_POINT ( 'NONE',  ( 0.7049999999999998490, -1.549999999999999822, -0.9000000000000000222 ) ) ;
#5484 = ORIENTED_EDGE ( 'NONE', *, *, #376, .T. ) ;
#5485 = FILL_AREA_STYLE ('',( #6026 ) ) ;
#5486 = DIRECTION ( 'NONE',  ( 0.000000000000000000, 0.000000000000000000, 1.000000000000000000 ) ) ;
#5487 = STYLED_ITEM ( 'NONE', ( #3560 ), #3750 ) ;
#5488 = PRESENTATION_LAYER_ASSIGNMENT (  '', '', ( #6386 ) ) ;
#5489 = ORIENTED_EDGE ( 'NONE', *, *, #4173, .F. ) ;
#5490 =( NAMED_UNIT ( * ) SI_UNIT ( $, .STERADIAN. ) SOLID_ANGLE_UNIT ( ) );
#5491 = CYLINDRICAL_SURFACE ( 'NONE', #6313, 0.1999999999999999833 ) ;
#5492 = VERTEX_POINT ( 'NONE', #267 ) ;
#5493 =( NAMED_UNIT ( * ) SI_UNIT ( $, .STERADIAN. ) SOLID_ANGLE_UNIT ( ) );
#5494 = VERTEX_POINT ( 'NONE', #8135 ) ;
#5495 = VECTOR ( 'NONE', #8352, 1000.000000000000114 ) ;
#5496 = PRESENTATION_LAYER_ASSIGNMENT (  '', '', ( #4344 ) ) ;
#5497 = CARTESIAN_POINT ( 'NONE',  ( 1.750000000000000000, 1.449999999999999956, -0.1000000000000000472 ) ) ;
#5498 =( LENGTH_UNIT ( ) NAMED_UNIT ( * ) SI_UNIT ( .MILLI., .METRE. ) );
#5499 = PLANE ( 'NONE',  #4753 ) ;
#5500 = ORIENTED_EDGE ( 'NONE', *, *, #7527, .T. ) ;
#5501 = ADVANCED_FACE ( 'NONE', ( #5133 ), #4459, .F. ) ;
#5502 = DIRECTION ( 'NONE',  ( -1.000000000000000000, 0.000000000000000000, 0.000000000000000000 ) ) ;
#5503 = VECTOR ( 'NONE', #3731, 1000.000000000000114 ) ;
#5504 = CIRCLE ( 'NONE', #8775, 0.1000000000000000472 ) ;
#5505 = SURFACE_STYLE_USAGE ( .BOTH. , #1877 ) ;
#5506 = CARTESIAN_POINT ( 'NONE',  ( -1.629999999999999893, -0.9799999999999999822, 0.000000000000000000 ) ) ;
#5507 = EDGE_CURVE ( 'NONE', #1846, #2658, #6651, .T. ) ;
#5508 = DIRECTION ( 'NONE',  ( -1.000000000000000000, 0.000000000000000000, 0.000000000000000000 ) ) ;
#5509 = CARTESIAN_POINT ( 'NONE',  ( 0.9049999999999999156, 2.500000000000000000, -0.6999999999999999556 ) ) ;
#5510 = LINE ( 'NONE', #1880, #3235 ) ;
#5511 = FILL_AREA_STYLE ('',( #7046 ) ) ;
#5512 = DIRECTION ( 'NONE',  ( 0.000000000000000000, 0.000000000000000000, 1.000000000000000000 ) ) ;
#5513 = DIRECTION ( 'NONE',  ( -0.000000000000000000, -1.000000000000000000, -0.000000000000000000 ) ) ;
#5514 = LINE ( 'NONE', #4922, #2577 ) ;
#5515 =( NAMED_UNIT ( * ) PLANE_ANGLE_UNIT ( ) SI_UNIT ( $, .RADIAN. ) );
#5516 = VERTEX_POINT ( 'NONE', #1770 ) ;
#5517 = AXIS2_PLACEMENT_3D ( 'NONE', #4986, #6499, #2238 ) ;
#5518 =( GEOMETRIC_REPRESENTATION_CONTEXT ( 3 ) GLOBAL_UNCERTAINTY_ASSIGNED_CONTEXT ( ( #5447 ) ) GLOBAL_UNIT_ASSIGNED_CONTEXT ( ( #788, #2263, #5048 ) ) REPRESENTATION_CONTEXT ( 'NONE', 'WORKASPACE' ) );
#5519 = VECTOR ( 'NONE', #485, 1000.000000000000000 ) ;
#5520 = ORIENTED_EDGE ( 'NONE', *, *, #751, .F. ) ;
#5521 = VERTEX_POINT ( 'NONE', #3912 ) ;
#5522 = EDGE_CURVE ( 'NONE', #340, #56, #4428, .T. ) ;
#5523 = SURFACE_STYLE_USAGE ( .BOTH. , #8276 ) ;
#5524 = PRESENTATION_LAYER_ASSIGNMENT (  '', '', ( #6112 ) ) ;
#5525 = AXIS2_PLACEMENT_3D ( 'NONE', #6635, #6496, #2373 ) ;
#5526 =( NAMED_UNIT ( * ) PLANE_ANGLE_UNIT ( ) SI_UNIT ( $, .RADIAN. ) );
#5527 = ORIENTED_EDGE ( 'NONE', *, *, #1026, .F. ) ;
#5528 = PLANE ( 'NONE',  #7481 ) ;
#5529 = UNCERTAINTY_MEASURE_WITH_UNIT (LENGTH_MEASURE( 1.000000000000000082E-05 ), #7928, 'distance_accuracy_value', 'NONE');
#5530 = CARTESIAN_POINT ( 'NONE',  ( 0.8049999999999998268, -1.450000000000000400, -1.399999999999999911 ) ) ;
#5531 = VECTOR ( 'NONE', #2836, 1000.000000000000000 ) ;
#5532 = SURFACE_STYLE_USAGE ( .BOTH. , #5402 ) ;
#5533 = CIRCLE ( 'NONE', #7019, 0.1499999999999999667 ) ;
#5534 = ORIENTED_EDGE ( 'NONE', *, *, #3629, .F. ) ;
#5535 = EDGE_CURVE ( 'NONE', #3853, #6931, #8840, .T. ) ;
#5536 = SURFACE_STYLE_FILL_AREA ( #1438 ) ;
#5537 = ORIENTED_EDGE ( 'NONE', *, *, #8222, .T. ) ;
#5538 = ORIENTED_EDGE ( 'NONE', *, *, #1133, .F. ) ;
#5539 = EDGE_CURVE ( 'NONE', #8925, #4075, #2481, .T. ) ;
#5540 = FACE_OUTER_BOUND ( 'NONE', #970, .T. ) ;
#5541 = DIRECTION ( 'NONE',  ( -1.000000000000000000, 0.000000000000000000, 0.000000000000000000 ) ) ;
#5542 = LINE ( 'NONE', #6091, #8258 ) ;
#5543 = ORIENTED_EDGE ( 'NONE', *, *, #4888, .T. ) ;
#5544 = FACE_OUTER_BOUND ( 'NONE', #2033, .T. ) ;
#5545 = STYLED_ITEM ( 'NONE', ( #2744 ), #7824 ) ;
#5546 = SURFACE_SIDE_STYLE ('',( #7084 ) ) ;
#5547 = PRESENTATION_STYLE_ASSIGNMENT (( #8477 ) ) ;
#5548 =( NAMED_UNIT ( * ) SI_UNIT ( $, .STERADIAN. ) SOLID_ANGLE_UNIT ( ) );
#5549 = DIRECTION ( 'NONE',  ( 1.000000000000000000, 0.000000000000000000, 0.000000000000000000 ) ) ;
#5550 = CARTESIAN_POINT ( 'NONE',  ( -8.131516293641283255E-17, 0.000000000000000000, 0.4999999999999998890 ) ) ;
#5551 = CARTESIAN_POINT ( 'NONE',  ( 1.629999999999999893, -1.180000000000000160, -0.1000000000000000472 ) ) ;
#5552 = EDGE_CURVE ( 'NONE', #7308, #8001, #3820, .T. ) ;
#5553 = VERTEX_POINT ( 'NONE', #5230 ) ;
#5554 = VECTOR ( 'NONE', #7879, 1000.000000000000000 ) ;
#5555 = DIRECTION ( 'NONE',  ( 0.000000000000000000, -1.000000000000000000, 0.000000000000000000 ) ) ;
#5556 = FILL_AREA_STYLE ('',( #4893 ) ) ;
#5557 = FACE_OUTER_BOUND ( 'NONE', #6451, .T. ) ;
#5558 = ORIENTED_EDGE ( 'NONE', *, *, #5697, .F. ) ;
#5559 = VERTEX_POINT ( 'NONE', #8050 ) ;
#5560 =( NAMED_UNIT ( * ) SI_UNIT ( $, .STERADIAN. ) SOLID_ANGLE_UNIT ( ) );
#5561 = CARTESIAN_POINT ( 'NONE',  ( 1.242857142857142883, -1.449999999999999956, -0.7963999475630351155 ) ) ;
#5562 = CARTESIAN_POINT ( 'NONE',  ( 0.9849999999999965450, 0.4540675543254999447, -1.684999999999998721 ) ) ;
#5563 = LINE ( 'NONE', #2086, #804 ) ;
#5564 = AXIS2_PLACEMENT_3D ( 'NONE', #6409, #2936, #5037 ) ;
#5565 = DIRECTION ( 'NONE',  ( 0.000000000000000000, 0.000000000000000000, 1.000000000000000000 ) ) ;
#5566 = ORIENTED_EDGE ( 'NONE', *, *, #4514, .T. ) ;
#5567 = DIRECTION ( 'NONE',  ( 0.000000000000000000, 1.000000000000000000, 0.000000000000000000 ) ) ;
#5568 = VERTEX_POINT ( 'NONE', #1732 ) ;
#5569 = CIRCLE ( 'NONE', #407, 0.1500000000000000777 ) ;
#5570 = FACE_OUTER_BOUND ( 'NONE', #7573, .T. ) ;
#5571 = AXIS2_PLACEMENT_3D ( 'NONE', #4638, #5186, #7999 ) ;
#5572 = AXIS2_PLACEMENT_3D ( 'NONE', #936, #4604, #3877 ) ;
#5573 =( NAMED_UNIT ( * ) SI_UNIT ( $, .STERADIAN. ) SOLID_ANGLE_UNIT ( ) );
#5574 = VERTEX_POINT ( 'NONE', #4552 ) ;
#5575 = EDGE_CURVE ( 'NONE', #4995, #4630, #7956, .T. ) ;
#5576 = ORIENTED_EDGE ( 'NONE', *, *, #253, .F. ) ;
#5577 = VECTOR ( 'NONE', #3756, 1000.000000000000000 ) ;
#5578 = EDGE_CURVE ( 'NONE', #4790, #3351, #4580, .T. ) ;
#5579 = VECTOR ( 'NONE', #4405, 1000.000000000000000 ) ;
#5580 = DIRECTION ( 'NONE',  ( 0.000000000000000000, -0.000000000000000000, 1.000000000000000000 ) ) ;
#5581 = CARTESIAN_POINT ( 'NONE',  ( 1.750000000000000000, 1.000000000000000000, -1.399000000000000021 ) ) ;
#5582 = AXIS2_PLACEMENT_3D ( 'NONE', #7936, #5379, #8209 ) ;
#5583 =( NAMED_UNIT ( * ) PLANE_ANGLE_UNIT ( ) SI_UNIT ( $, .RADIAN. ) );
#5584 = ORIENTED_EDGE ( 'NONE', *, *, #6614, .T. ) ;
#5585 = LINE ( 'NONE', #9038, #2242 ) ;
#5586 = EDGE_CURVE ( 'NONE', #6583, #7261, #8332, .T. ) ;
#5587 =( GEOMETRIC_REPRESENTATION_CONTEXT ( 3 ) GLOBAL_UNCERTAINTY_ASSIGNED_CONTEXT ( ( #2623 ) ) GLOBAL_UNIT_ASSIGNED_CONTEXT ( ( #8447, #3474, #7012 ) ) REPRESENTATION_CONTEXT ( 'NONE', 'WORKASPACE' ) );
#5588 =( NAMED_UNIT ( * ) SI_UNIT ( $, .STERADIAN. ) SOLID_ANGLE_UNIT ( ) );
#5589 = PRESENTATION_LAYER_ASSIGNMENT (  '', '', ( #5167 ) ) ;
#5590 = FILL_AREA_STYLE_COLOUR ( '', #944 ) ;
#5591 = DIRECTION ( 'NONE',  ( -3.252606517456513302E-16, -1.000000000000000000, 0.000000000000000000 ) ) ;
#5592 = FILL_AREA_STYLE_COLOUR ( '', #2525 ) ;
#5593 = CARTESIAN_POINT ( 'NONE',  ( 1.750000000000000000, 1.550000000000000044, -1.101378079396600151 ) ) ;
#5594 = FACE_OUTER_BOUND ( 'NONE', #8873, .T. ) ;
#5595 = PLANE ( 'NONE',  #6063 ) ;
#5596 = SURFACE_STYLE_FILL_AREA ( #9131 ) ;
#5597 =( GEOMETRIC_REPRESENTATION_CONTEXT ( 3 ) GLOBAL_UNCERTAINTY_ASSIGNED_CONTEXT ( ( #1399 ) ) GLOBAL_UNIT_ASSIGNED_CONTEXT ( ( #904, #3841, #8639 ) ) REPRESENTATION_CONTEXT ( 'NONE', 'WORKASPACE' ) );
#5598 = MECHANICAL_DESIGN_GEOMETRIC_PRESENTATION_REPRESENTATION (  '', ( #8727 ), #3543 ) ;
#5599 = ORIENTED_EDGE ( 'NONE', *, *, #2007, .F. ) ;
#5600 = DIRECTION ( 'NONE',  ( 0.000000000000000000, 0.000000000000000000, -1.000000000000000000 ) ) ;
#5601 = LINE ( 'NONE', #4292, #252 ) ;
#5602 = ADVANCED_FACE ( 'NONE', ( #5349 ), #2696, .T. ) ;
#5603 = ORIENTED_EDGE ( 'NONE', *, *, #2983, .T. ) ;
#5604 = DIRECTION ( 'NONE',  ( -0.000000000000000000, -1.000000000000000000, -0.000000000000000000 ) ) ;
#5605 = EDGE_LOOP ( 'NONE', ( #7808, #8420, #220, #4615 ) ) ;
#5606 = CARTESIAN_POINT ( 'NONE',  ( 0.9049999999999999156, -1.327698927806999940, -1.399999999999999911 ) ) ;
#5607 = LINE ( 'NONE', #6338, #1456 ) ;
#5608 = DIRECTION ( 'NONE',  ( -0.000000000000000000, 1.000000000000000000, 0.000000000000000000 ) ) ;
#5609 = CARTESIAN_POINT ( 'NONE',  ( -1.250000000000000000, 1.335834036457999918, -0.9513780793966000182 ) ) ;
#5610 = ORIENTED_EDGE ( 'NONE', *, *, #1576, .T. ) ;
#5611 = MECHANICAL_DESIGN_GEOMETRIC_PRESENTATION_REPRESENTATION (  '', ( #3581 ), #1967 ) ;
#5612 = FILL_AREA_STYLE ('',( #3316 ) ) ;
#5613 = DIRECTION ( 'NONE',  ( 2.409338161078898687E-16, 1.000000000000000000, 0.000000000000000000 ) ) ;
#5614 = UNCERTAINTY_MEASURE_WITH_UNIT (LENGTH_MEASURE( 1.000000000000000082E-05 ), #2328, 'distance_accuracy_value', 'NONE');
#5615 = DIRECTION ( 'NONE',  ( 1.000000000000000000, 4.336808689942041895E-16, -0.000000000000000000 ) ) ;
#5616 =( LENGTH_UNIT ( ) NAMED_UNIT ( * ) SI_UNIT ( .MILLI., .METRE. ) );
#5617 = ORIENTED_EDGE ( 'NONE', *, *, #5034, .F. ) ;
#5618 = PRESENTATION_STYLE_ASSIGNMENT (( #1299 ) ) ;
#5619 = COLOUR_RGB ( '',0.4117647058823529216, 0.4117647058823529216, 0.4117647058823529216 ) ;
#5620 = CARTESIAN_POINT ( 'NONE',  ( -0.7049999999999999600, -1.449999999999999956, -0.6999999999999999556 ) ) ;
#5621 = ORIENTED_EDGE ( 'NONE', *, *, #2496, .T. ) ;
#5622 = CIRCLE ( 'NONE', #3006, 0.09999999999999990841 ) ;
#5623 = SURFACE_SIDE_STYLE ('',( #2843 ) ) ;
#5624 = ORIENTED_EDGE ( 'NONE', *, *, #7854, .F. ) ;
#5625 = FILL_AREA_STYLE_COLOUR ( '', #319 ) ;
#5626 =( GEOMETRIC_REPRESENTATION_CONTEXT ( 3 ) GLOBAL_UNCERTAINTY_ASSIGNED_CONTEXT ( ( #5075 ) ) GLOBAL_UNIT_ASSIGNED_CONTEXT ( ( #3596, #7151, #5060 ) ) REPRESENTATION_CONTEXT ( 'NONE', 'WORKASPACE' ) );
#5627 = COLOUR_RGB ( '',1.000000000000000000, 1.000000000000000000, 1.000000000000000000 ) ;
#5628 = UNCERTAINTY_MEASURE_WITH_UNIT (LENGTH_MEASURE( 1.000000000000000082E-05 ), #5931, 'distance_accuracy_value', 'NONE');
#5629 = ADVANCED_FACE ( 'NONE', ( #8887, #9075, #2747 ), #6078, .T. ) ;
#5630 = ORIENTED_EDGE ( 'NONE', *, *, #9095, .T. ) ;
#5631 = LINE ( 'NONE', #6947, #8300 ) ;
#5632 = EDGE_CURVE ( 'NONE', #704, #4508, #3404, .T. ) ;
#5633 = VECTOR ( 'NONE', #1125, 1000.000000000000114 ) ;
#5634 = CARTESIAN_POINT ( 'NONE',  ( -0.8050000000000000488, -1.549999999999999822, -0.7267949192431123473 ) ) ;
#5635 = CARTESIAN_POINT ( 'NONE',  ( -1.300000000000000266, -1.550000000000000044, -0.1999999999999999833 ) ) ;
#5636 =( NAMED_UNIT ( * ) PLANE_ANGLE_UNIT ( ) SI_UNIT ( $, .RADIAN. ) );
#5637 = CARTESIAN_POINT ( 'NONE',  ( -8.131516293641283255E-17, 0.000000000000000000, -0.1000000000000000472 ) ) ;
#5638 = CARTESIAN_POINT ( 'NONE',  ( 1.750000000000000000, 1.000000000000000000, -1.300000000000000044 ) ) ;
#5639 = DIRECTION ( 'NONE',  ( 0.000000000000000000, 1.000000000000000000, 0.000000000000000000 ) ) ;
#5640 = CARTESIAN_POINT ( 'NONE',  ( -0.5299999999999983613, 0.4540675543254999447, -1.320000000000000062 ) ) ;
#5641 = FILL_AREA_STYLE_COLOUR ( '', #1040 ) ;
#5642 = EDGE_CURVE ( 'NONE', #612, #8936, #7581, .T. ) ;
#5643 = PRESENTATION_LAYER_ASSIGNMENT (  '', '', ( #7876 ) ) ;
#5644 = ORIENTED_EDGE ( 'NONE', *, *, #5813, .F. ) ;
#5645 = CARTESIAN_POINT ( 'NONE',  ( -0.9050000000000001377, -1.449999999999999956, -0.9000000000000000222 ) ) ;
#5646 = AXIS2_PLACEMENT_3D ( 'NONE', #3589, #6473, #1600 ) ;
#5647 = PRESENTATION_STYLE_ASSIGNMENT (( #3552 ) ) ;
#5648 = DIRECTION ( 'NONE',  ( 0.000000000000000000, -1.000000000000000000, 0.000000000000000000 ) ) ;
#5649 = VECTOR ( 'NONE', #8497, 1000.000000000000000 ) ;
#5650 = PLANE ( 'NONE',  #649 ) ;
#5651 = EDGE_CURVE ( 'NONE', #4802, #8225, #535, .T. ) ;
#5652 = DIRECTION ( 'NONE',  ( 0.000000000000000000, 1.000000000000000000, -0.000000000000000000 ) ) ;
#5653 = EDGE_LOOP ( 'NONE', ( #1349, #6132, #1377, #3048, #7408, #7823, #2977, #2097 ) ) ;
#5654 = CARTESIAN_POINT ( 'NONE',  ( 2.299999999999999822, -1.000000000000000000, -1.300000000000000044 ) ) ;
#5655 = PRESENTATION_LAYER_ASSIGNMENT (  '', '', ( #3485 ) ) ;
#5656 = VERTEX_POINT ( 'NONE', #2930 ) ;
#5657 = CARTESIAN_POINT ( 'NONE',  ( -1.300000000000000266, -0.2459324456744999832, -1.369999999999999885 ) ) ;
#5658 =( NAMED_UNIT ( * ) PLANE_ANGLE_UNIT ( ) SI_UNIT ( $, .RADIAN. ) );
#5659 = FILL_AREA_STYLE_COLOUR ( '', #8512 ) ;
#5660 = DIRECTION ( 'NONE',  ( 1.000000000000000000, 0.000000000000000000, 0.000000000000000000 ) ) ;
#5661 = EDGE_LOOP ( 'NONE', ( #9102, #4674, #1850, #6818 ) ) ;
#5662 = VECTOR ( 'NONE', #3815, 1000.000000000000000 ) ;
#5663 = PLANE ( 'NONE',  #7442 ) ;
#5664 = FACE_OUTER_BOUND ( 'NONE', #3089, .T. ) ;
#5665 = CARTESIAN_POINT ( 'NONE',  ( 1.750000000000000000, 1.449999999999999956, -0.1000000000000000472 ) ) ;
#5666 = VERTEX_POINT ( 'NONE', #4308 ) ;
#5667 = EDGE_CURVE ( 'NONE', #5412, #1848, #5031, .T. ) ;
#5668 = FILL_AREA_STYLE_COLOUR ( '', #5619 ) ;
#5669 = STYLED_ITEM ( 'NONE', ( #7836 ), #6960 ) ;
#5670 = PLANE ( 'NONE',  #2294 ) ;
#5671 = ORIENTED_EDGE ( 'NONE', *, *, #7078, .T. ) ;
#5672 = DIRECTION ( 'NONE',  ( -1.000000000000000000, 0.000000000000000000, 0.000000000000000000 ) ) ;
#5673 = DIRECTION ( 'NONE',  ( 0.000000000000000000, 1.000000000000000000, 0.000000000000000000 ) ) ;
#5674 = ORIENTED_EDGE ( 'NONE', *, *, #6427, .T. ) ;
#5675 = MECHANICAL_DESIGN_GEOMETRIC_PRESENTATION_REPRESENTATION (  '', ( #3199 ), #7017 ) ;
#5676 = VECTOR ( 'NONE', #6714, 1000.000000000000000 ) ;
#5677 = VERTEX_POINT ( 'NONE', #4952 ) ;
#5678 = CARTESIAN_POINT ( 'NONE',  ( 1.350000000000000089, 1.550000000000000044, -0.9513780793966000182 ) ) ;
#5679 = CIRCLE ( 'NONE', #5111, 0.1999999999999999833 ) ;
#5680 = DIRECTION ( 'NONE',  ( 0.000000000000000000, -1.000000000000000000, 0.000000000000000000 ) ) ;
#5681 = PRESENTATION_STYLE_ASSIGNMENT (( #836 ) ) ;
#5682 =( NAMED_UNIT ( * ) SI_UNIT ( $, .STERADIAN. ) SOLID_ANGLE_UNIT ( ) );
#5683 = PLANE ( 'NONE',  #4049 ) ;
#5684 = AXIS2_PLACEMENT_3D ( 'NONE', #3597, #6329, #1515 ) ;
#5685 =( NAMED_UNIT ( * ) SI_UNIT ( $, .STERADIAN. ) SOLID_ANGLE_UNIT ( ) );
#5686 = VECTOR ( 'NONE', #582, 1000.000000000000000 ) ;
#5687 = VERTEX_POINT ( 'NONE', #9156 ) ;
#5688 = CARTESIAN_POINT ( 'NONE',  ( -0.9050000000000001377, 2.500000000000000000, -1.102973369332799658 ) ) ;
#5689 = VECTOR ( 'NONE', #5258, 1000.000000000000000 ) ;
#5690 = FILL_AREA_STYLE_COLOUR ( '', #1901 ) ;
#5691 = SURFACE_SIDE_STYLE ('',( #1282 ) ) ;
#5692 = CARTESIAN_POINT ( 'NONE',  ( -1.610000000000000098, 0.7618257577072999887, -0.1000000000000000472 ) ) ;
#5693 = SURFACE_STYLE_FILL_AREA ( #8541 ) ;
#5694 = EDGE_CURVE ( 'NONE', #8803, #8599, #7794, .T. ) ;
#5695 = DIRECTION ( 'NONE',  ( 0.000000000000000000, -1.000000000000000000, 0.000000000000000000 ) ) ;
#5696 = ORIENTED_EDGE ( 'NONE', *, *, #1851, .T. ) ;
#5697 = EDGE_CURVE ( 'NONE', #1522, #4765, #7221, .T. ) ;
#5698 =( LENGTH_UNIT ( ) NAMED_UNIT ( * ) SI_UNIT ( .MILLI., .METRE. ) );
#5699 = DIRECTION ( 'NONE',  ( -1.000000000000000000, 0.000000000000000000, 0.000000000000000000 ) ) ;
#5700 = DIRECTION ( 'NONE',  ( 0.000000000000000000, -1.000000000000000000, 0.000000000000000000 ) ) ;
#5701 = EDGE_LOOP ( 'NONE', ( #2442, #2915, #3571, #547 ) ) ;
#5702 = CARTESIAN_POINT ( 'NONE',  ( -0.9050000000000001377, 1.550000000000000044, -0.9000000000000000222 ) ) ;
#5703 = SURFACE_STYLE_USAGE ( .BOTH. , #764 ) ;
#5704 = UNCERTAINTY_MEASURE_WITH_UNIT (LENGTH_MEASURE( 1.000000000000000082E-05 ), #3277, 'distance_accuracy_value', 'NONE');
#5705 = CARTESIAN_POINT ( 'NONE',  ( -0.9050000000000001377, 1.435834036458000007, -0.9513780793966000182 ) ) ;
#5706 = DIRECTION ( 'NONE',  ( 0.000000000000000000, -1.000000000000000000, -0.000000000000000000 ) ) ;
#5707 = ORIENTED_EDGE ( 'NONE', *, *, #3026, .T. ) ;
#5708 = DIRECTION ( 'NONE',  ( 0.000000000000000000, 0.000000000000000000, 1.000000000000000000 ) ) ;
#5709 = PLANE ( 'NONE',  #1696 ) ;
#5710 = EDGE_LOOP ( 'NONE', ( #6033, #3331, #7064, #6157 ) ) ;
#5711 = CIRCLE ( 'NONE', #3840, 0.1200000000000000372 ) ;
#5712 = ORIENTED_EDGE ( 'NONE', *, *, #1571, .T. ) ;
#5713 = EDGE_CURVE ( 'NONE', #4979, #357, #6470, .T. ) ;
#5714 =( NAMED_UNIT ( * ) PLANE_ANGLE_UNIT ( ) SI_UNIT ( $, .RADIAN. ) );
#5715 = MECHANICAL_DESIGN_GEOMETRIC_PRESENTATION_REPRESENTATION (  '', ( #552 ), #2220 ) ;
#5716 = UNCERTAINTY_MEASURE_WITH_UNIT (LENGTH_MEASURE( 1.000000000000000082E-05 ), #2855, 'distance_accuracy_value', 'NONE');
#5717 = ORIENTED_EDGE ( 'NONE', *, *, #5632, .F. ) ;
#5718 = DIRECTION ( 'NONE',  ( 0.000000000000000000, -1.000000000000000000, 0.000000000000000000 ) ) ;
#5719 = APPLICATION_CONTEXT ( 'automotive_design' ) ;
#5720 = CARTESIAN_POINT ( 'NONE',  ( 1.610000000000000098, -0.5425320565518999549, -0.1000000000000000472 ) ) ;
#5721 = CIRCLE ( 'NONE', #4432, 0.1999999999999999833 ) ;
#5722 = FILL_AREA_STYLE_COLOUR ( '', #6146 ) ;
#5723 = DIRECTION ( 'NONE',  ( 0.000000000000000000, 0.000000000000000000, -1.000000000000000000 ) ) ;
#5724 = PRESENTATION_STYLE_ASSIGNMENT (( #3541 ) ) ;
#5725 = DIRECTION ( 'NONE',  ( 0.000000000000000000, 0.000000000000000000, 1.000000000000000000 ) ) ;
#5726 = AXIS2_PLACEMENT_3D ( 'NONE', #818, #2091, #867 ) ;
#5727 = CIRCLE ( 'NONE', #8401, 0.2000000000000000944 ) ;
#5728 = CYLINDRICAL_SURFACE ( 'NONE', #2812, 0.2000000000000000944 ) ;
#5729 = CARTESIAN_POINT ( 'NONE',  ( -8.131516293641283255E-17, 0.000000000000000000, 0.000000000000000000 ) ) ;
#5730 = DIRECTION ( 'NONE',  ( 0.000000000000000000, 1.000000000000000000, 0.000000000000000000 ) ) ;
#5731 = CARTESIAN_POINT ( 'NONE',  ( 0.9049999999999999156, 2.500000000000000000, -1.739999999999999769 ) ) ;
#5732 = EDGE_CURVE ( 'NONE', #4926, #5666, #7117, .T. ) ;
#5733 = VECTOR ( 'NONE', #5280, 1000.000000000000000 ) ;
#5734 =( GEOMETRIC_REPRESENTATION_CONTEXT ( 3 ) GLOBAL_UNCERTAINTY_ASSIGNED_CONTEXT ( ( #6365 ) ) GLOBAL_UNIT_ASSIGNED_CONTEXT ( ( #6285, #1378, #7831 ) ) REPRESENTATION_CONTEXT ( 'NONE', 'WORKASPACE' ) );
#5735 = EDGE_LOOP ( 'NONE', ( #9062, #3908, #7458, #2395 ) ) ;
#5736 = MECHANICAL_DESIGN_GEOMETRIC_PRESENTATION_REPRESENTATION (  '', ( #1782 ), #6932 ) ;
#5737 = CARTESIAN_POINT ( 'NONE',  ( 1.300000000000000266, -1.394276524789999971, -0.004873037745000015873 ) ) ;
#5738 = PRESENTATION_LAYER_ASSIGNMENT (  '', '', ( #8723 ) ) ;
#5739 = FILL_AREA_STYLE_COLOUR ( '', #5248 ) ;
#5740 = FACE_OUTER_BOUND ( 'NONE', #4763, .T. ) ;
#5741 = CARTESIAN_POINT ( 'NONE',  ( -1.104999999999999982, 1.550000000000000044, -1.302973369332799836 ) ) ;
#5742 = SURFACE_STYLE_FILL_AREA ( #2278 ) ;
#5743 = CIRCLE ( 'NONE', #7418, 0.1200000000000000927 ) ;
#5744 = EDGE_CURVE ( 'NONE', #4544, #4451, #767, .T. ) ;
#5745 = ORIENTED_EDGE ( 'NONE', *, *, #5039, .T. ) ;
#5746 = DIRECTION ( 'NONE',  ( -0.000000000000000000, 1.000000000000000000, -0.000000000000000000 ) ) ;
#5747 = SURFACE_STYLE_FILL_AREA ( #8503 ) ;
#5748 = EDGE_CURVE ( 'NONE', #6075, #3178, #3616, .T. ) ;
#5749 =( LENGTH_UNIT ( ) NAMED_UNIT ( * ) SI_UNIT ( .MILLI., .METRE. ) );
#5750 = DIRECTION ( 'NONE',  ( -0.000000000000000000, -0.000000000000000000, -1.000000000000000000 ) ) ;
#5751 = CARTESIAN_POINT ( 'NONE',  ( 1.610000000000000098, 0.7618257577072999887, -0.1000000000000000472 ) ) ;
#5752 = ORIENTED_EDGE ( 'NONE', *, *, #7844, .T. ) ;
#5753 = CARTESIAN_POINT ( 'NONE',  ( -1.629999999999999893, -1.180000000000000160, 0.000000000000000000 ) ) ;
#5754 = CARTESIAN_POINT ( 'NONE',  ( 0.7049999999999998490, 1.449999999999999956, -0.6999999999999999556 ) ) ;
#5755 = EDGE_CURVE ( 'NONE', #8178, #6733, #1533, .T. ) ;
#5756 = DIRECTION ( 'NONE',  ( -4.336808689942041895E-16, 1.000000000000000000, 0.000000000000000000 ) ) ;
#5757 = CARTESIAN_POINT ( 'NONE',  ( -1.750000000000000000, 1.449999999999999956, -1.302973369332799836 ) ) ;
#5758 = ORIENTED_EDGE ( 'NONE', *, *, #3036, .F. ) ;
#5759 = CARTESIAN_POINT ( 'NONE',  ( -1.750000000000000000, 1.000000000000000000, -1.300000000000000044 ) ) ;
#5760 = FACE_OUTER_BOUND ( 'NONE', #4808, .T. ) ;
#5761 = ORIENTED_EDGE ( 'NONE', *, *, #1826, .F. ) ;
#5762 = DIRECTION ( 'NONE',  ( -0.000000000000000000, 1.000000000000000000, 0.000000000000000000 ) ) ;
#5763 = ORIENTED_EDGE ( 'NONE', *, *, #2859, .T. ) ;
#5764 = DIRECTION ( 'NONE',  ( 0.000000000000000000, -1.000000000000000000, 0.000000000000000000 ) ) ;
#5765 =( GEOMETRIC_REPRESENTATION_CONTEXT ( 3 ) GLOBAL_UNCERTAINTY_ASSIGNED_CONTEXT ( ( #1180 ) ) GLOBAL_UNIT_ASSIGNED_CONTEXT ( ( #6314, #2640, #7647 ) ) REPRESENTATION_CONTEXT ( 'NONE', 'WORKASPACE' ) );
#5766 = ORIENTED_EDGE ( 'NONE', *, *, #7919, .F. ) ;
#5767 = SURFACE_STYLE_FILL_AREA ( #8003 ) ;
#5768 = CYLINDRICAL_SURFACE ( 'NONE', #8263, 0.2000000000000000944 ) ;
#5769 = DIRECTION ( 'NONE',  ( -1.000000000000000000, 0.000000000000000000, 0.000000000000000000 ) ) ;
#5770 = DIRECTION ( 'NONE',  ( 0.000000000000000000, 1.000000000000000000, 0.000000000000000000 ) ) ;
#5771 = MECHANICAL_DESIGN_GEOMETRIC_PRESENTATION_REPRESENTATION (  '', ( #6054 ), #3150 ) ;
#5772 = CARTESIAN_POINT ( 'NONE',  ( -1.300000000000000266, -0.2459324456744999832, -1.369999999999999885 ) ) ;
#5773 = AXIS2_PLACEMENT_3D ( 'NONE', #8773, #4612, #6001 ) ;
#5774 = SURFACE_SIDE_STYLE ('',( #3003 ) ) ;
#5775 = ADVANCED_FACE ( 'NONE', ( #1583 ), #4906, .T. ) ;
#5776 = SURFACE_STYLE_USAGE ( .BOTH. , #4332 ) ;
#5777 = PRESENTATION_LAYER_ASSIGNMENT (  '', '', ( #3456 ) ) ;
#5778 = AXIS2_PLACEMENT_3D ( 'NONE', #2681, #7561, #6241 ) ;
#5779 = EDGE_CURVE ( 'NONE', #7609, #3084, #720, .T. ) ;
#5780 = PRESENTATION_LAYER_ASSIGNMENT (  '', '', ( #611 ) ) ;
#5781 = CARTESIAN_POINT ( 'NONE',  ( 1.299999999999998934, -0.4459324456745000220, -1.369999999999999885 ) ) ;
#5782 = LINE ( 'NONE', #7826, #3509 ) ;
#5783 = SURFACE_SIDE_STYLE ('',( #3598 ) ) ;
#5784 = CARTESIAN_POINT ( 'NONE',  ( -1.750000000000000000, -0.4999999999999997780, -1.399000000000000021 ) ) ;
#5785 = CARTESIAN_POINT ( 'NONE',  ( 1.750000000000000000, 0.9799999999999999822, -0.1000000000000000472 ) ) ;
#5786 = VECTOR ( 'NONE', #8388, 1000.000000000000000 ) ;
#5787 = PLANE ( 'NONE',  #8868 ) ;
#5788 = ORIENTED_EDGE ( 'NONE', *, *, #8608, .F. ) ;
#5789 = DIRECTION ( 'NONE',  ( 0.000000000000000000, -0.000000000000000000, 1.000000000000000000 ) ) ;
#5790 = AXIS2_PLACEMENT_3D ( 'NONE', #7047, #6322, #4 ) ;
#5791 = SURFACE_STYLE_USAGE ( .BOTH. , #6438 ) ;
#5792 = VECTOR ( 'NONE', #9168, 1000.000000000000000 ) ;
#5793 = SURFACE_STYLE_USAGE ( .BOTH. , #858 ) ;
#5794 = SURFACE_STYLE_USAGE ( .BOTH. , #7165 ) ;
#5795 = FACE_OUTER_BOUND ( 'NONE', #6159, .T. ) ;
#5796 = DIRECTION ( 'NONE',  ( 0.000000000000000000, 0.000000000000000000, 1.000000000000000000 ) ) ;
#5797 = ORIENTED_EDGE ( 'NONE', *, *, #841, .F. ) ;
#5798 = FILL_AREA_STYLE ('',( #814 ) ) ;
#5799 = PRESENTATION_STYLE_ASSIGNMENT (( #5703 ) ) ;
#5800 = UNCERTAINTY_MEASURE_WITH_UNIT (LENGTH_MEASURE( 1.000000000000000082E-05 ), #2727, 'distance_accuracy_value', 'NONE');
#5801 =( GEOMETRIC_REPRESENTATION_CONTEXT ( 3 ) GLOBAL_UNCERTAINTY_ASSIGNED_CONTEXT ( ( #829 ) ) GLOBAL_UNIT_ASSIGNED_CONTEXT ( ( #3506, #2632, #6275 ) ) REPRESENTATION_CONTEXT ( 'NONE', 'WORKASPACE' ) );
#5802 = VECTOR ( 'NONE', #6984, 1000.000000000000000 ) ;
#5803 = FACE_OUTER_BOUND ( 'NONE', #8743, .T. ) ;
#5804 = STYLED_ITEM ( 'NONE', ( #1313 ), #9009 ) ;
#5805 = SURFACE_STYLE_FILL_AREA ( #8650 ) ;
#5806 = ORIENTED_EDGE ( 'NONE', *, *, #380, .F. ) ;
#5807 = SURFACE_STYLE_FILL_AREA ( #4311 ) ;
#5808 = ORIENTED_EDGE ( 'NONE', *, *, #8370, .F. ) ;
#5809 = PRESENTATION_LAYER_ASSIGNMENT (  '', '', ( #8790 ) ) ;
#5810 = CARTESIAN_POINT ( 'NONE',  ( 1.610000000000000098, -0.7618257577072999887, 0.000000000000000000 ) ) ;
#5811 = ORIENTED_EDGE ( 'NONE', *, *, #3077, .F. ) ;
#5812 = EDGE_CURVE ( 'NONE', #9020, #5656, #7706, .T. ) ;
#5813 = EDGE_CURVE ( 'NONE', #8729, #4979, #6296, .T. ) ;
#5814 = PRESENTATION_STYLE_ASSIGNMENT (( #7037 ) ) ;
#5815 = CIRCLE ( 'NONE', #1853, 0.1999999999999999833 ) ;
#5816 = ORIENTED_EDGE ( 'NONE', *, *, #5360, .T. ) ;
#5817 = DIRECTION ( 'NONE',  ( 0.000000000000000000, 0.000000000000000000, 1.000000000000000000 ) ) ;
#5818 =( NAMED_UNIT ( * ) PLANE_ANGLE_UNIT ( ) SI_UNIT ( $, .RADIAN. ) );
#5819 = ORIENTED_EDGE ( 'NONE', *, *, #57, .T. ) ;
#5820 = EDGE_CURVE ( 'NONE', #1636, #4696, #6348, .T. ) ;
#5821 =( LENGTH_UNIT ( ) NAMED_UNIT ( * ) SI_UNIT ( .MILLI., .METRE. ) );
#5822 = CYLINDRICAL_SURFACE ( 'NONE', #8952, 0.1000000000000000472 ) ;
#5823 = FILL_AREA_STYLE ('',( #3047 ) ) ;
#5824 = ORIENTED_EDGE ( 'NONE', *, *, #8493, .T. ) ;
#5825 = PRESENTATION_LAYER_ASSIGNMENT (  '', '', ( #7469 ) ) ;
#5826 = DIRECTION ( 'NONE',  ( 0.000000000000000000, -1.000000000000000000, 0.000000000000000000 ) ) ;
#5827 = FILL_AREA_STYLE_COLOUR ( '', #1981 ) ;
#5828 = DIRECTION ( 'NONE',  ( 0.000000000000000000, 0.000000000000000000, -1.000000000000000000 ) ) ;
#5829 = VERTEX_POINT ( 'NONE', #5665 ) ;
#5830 = PRESENTATION_LAYER_ASSIGNMENT (  '', '', ( #654 ) ) ;
#5831 = VECTOR ( 'NONE', #6232, 999.9999999999998863 ) ;
#5832 = FACE_OUTER_BOUND ( 'NONE', #7697, .T. ) ;
#5833 = FILL_AREA_STYLE_COLOUR ( '', #7779 ) ;
#5834 = LINE ( 'NONE', #192, #3350 ) ;
#5835 = PRESENTATION_LAYER_ASSIGNMENT (  '', '', ( #2922 ) ) ;
#5836 = COLOUR_RGB ( '',1.000000000000000000, 1.000000000000000000, 1.000000000000000000 ) ;
#5837 = LINE ( 'NONE', #7777, #7123 ) ;
#5838 = PRESENTATION_STYLE_ASSIGNMENT (( #6486 ) ) ;
#5839 = EDGE_CURVE ( 'NONE', #5194, #303, #3851, .T. ) ;
#5840 = DIRECTION ( 'NONE',  ( -1.000000000000000000, 2.168404344971008868E-16, 0.000000000000000000 ) ) ;
#5841 = ORIENTED_EDGE ( 'NONE', *, *, #2599, .F. ) ;
#5842 = CARTESIAN_POINT ( 'NONE',  ( -0.7050000000000000711, -1.549999999999999822, -0.9000000000000000222 ) ) ;
#5843 = VECTOR ( 'NONE', #6926, 1000.000000000000000 ) ;
#5844 = LINE ( 'NONE', #4575, #6619 ) ;
#5845 =( NAMED_UNIT ( * ) PLANE_ANGLE_UNIT ( ) SI_UNIT ( $, .RADIAN. ) );
#5846 = DIRECTION ( 'NONE',  ( 1.000000000000000000, -0.000000000000000000, -0.000000000000000000 ) ) ;
#5847 = FACE_OUTER_BOUND ( 'NONE', #1735, .T. ) ;
#5848 = ORIENTED_EDGE ( 'NONE', *, *, #4706, .T. ) ;
#5849 =( NAMED_UNIT ( * ) PLANE_ANGLE_UNIT ( ) SI_UNIT ( $, .RADIAN. ) );
#5850 = SURFACE_SIDE_STYLE ('',( #7263 ) ) ;
#5851 = PRESENTATION_STYLE_ASSIGNMENT (( #6052 ) ) ;
#5852 = SURFACE_STYLE_USAGE ( .BOTH. , #4624 ) ;
#5853 = ADVANCED_FACE ( 'NONE', ( #3202 ), #916, .T. ) ;
#5854 = ORIENTED_EDGE ( 'NONE', *, *, #3931, .F. ) ;
#5855 = FILL_AREA_STYLE ('',( #7939 ) ) ;
#5856 = CARTESIAN_POINT ( 'NONE',  ( -1.300000000000000266, -1.449999999999999956, -0.9513780793966000182 ) ) ;
#5857 = EDGE_LOOP ( 'NONE', ( #1948, #2286, #7364, #4178 ) ) ;
#5858 = VECTOR ( 'NONE', #8240, 1000.000000000000000 ) ;
#5859 = DIRECTION ( 'NONE',  ( -0.000000000000000000, -1.000000000000000000, -0.000000000000000000 ) ) ;
#5860 = VERTEX_POINT ( 'NONE', #1005 ) ;
#5861 = CARTESIAN_POINT ( 'NONE',  ( 1.610000000000000098, 0.5199999999999999067, 0.000000000000000000 ) ) ;
#5862 = VERTEX_POINT ( 'NONE', #1675 ) ;
#5863 = AXIS2_PLACEMENT_3D ( 'NONE', #2222, #5020, #1516 ) ;
#5864 = ADVANCED_FACE ( 'NONE', ( #3027 ), #8738, .F. ) ;
#5865 = DIRECTION ( 'NONE',  ( 0.000000000000000000, 0.000000000000000000, 1.000000000000000000 ) ) ;
#5866 = EDGE_CURVE ( 'NONE', #6171, #1882, #6502, .T. ) ;
#5867 = ORIENTED_EDGE ( 'NONE', *, *, #7572, .T. ) ;
#5868 = FACE_OUTER_BOUND ( 'NONE', #3811, .T. ) ;
#5869 = AXIS2_PLACEMENT_3D ( 'NONE', #168, #826, #7271 ) ;
#5870 =( NAMED_UNIT ( * ) SI_UNIT ( $, .STERADIAN. ) SOLID_ANGLE_UNIT ( ) );
#5871 = CARTESIAN_POINT ( 'NONE',  ( -1.300000000000000266, -1.550000000000000044, -0.6564291051182821191 ) ) ;
#5872 = EDGE_CURVE ( 'NONE', #4926, #872, #1716, .T. ) ;
#5873 = EDGE_LOOP ( 'NONE', ( #8280, #5080, #7991, #360 ) ) ;
#5874 = AXIS2_PLACEMENT_3D ( 'NONE', #1148, #2473, #966 ) ;
#5875 = CARTESIAN_POINT ( 'NONE',  ( 0.7049999999999998490, -1.450000000000000400, -0.9000000000000000222 ) ) ;
#5876 = VECTOR ( 'NONE', #3730, 1000.000000000000000 ) ;
#5877 = DIRECTION ( 'NONE',  ( 0.000000000000000000, 0.000000000000000000, 1.000000000000000000 ) ) ;
#5878 = DIRECTION ( 'NONE',  ( 0.000000000000000000, 0.000000000000000000, 1.000000000000000000 ) ) ;
#5879 = STYLED_ITEM ( 'NONE', ( #5272 ), #2939 ) ;
#5880 = FACE_OUTER_BOUND ( 'NONE', #3706, .T. ) ;
#5881 = ORIENTED_EDGE ( 'NONE', *, *, #8077, .F. ) ;
#5882 = AXIS2_PLACEMENT_3D ( 'NONE', #8939, #8139, #35 ) ;
#5883 =( NAMED_UNIT ( * ) SI_UNIT ( $, .STERADIAN. ) SOLID_ANGLE_UNIT ( ) );
#5884 =( NAMED_UNIT ( * ) PLANE_ANGLE_UNIT ( ) SI_UNIT ( $, .RADIAN. ) );
#5885 =( LENGTH_UNIT ( ) NAMED_UNIT ( * ) SI_UNIT ( .MILLI., .METRE. ) );
#5886 = VECTOR ( 'NONE', #1351, 1000.000000000000000 ) ;
#5887 = CARTESIAN_POINT ( 'NONE',  ( -1.750000000000000000, 1.000000000000000000, -1.399000000000000021 ) ) ;
#5888 = ORIENTED_EDGE ( 'NONE', *, *, #4767, .F. ) ;
#5889 = PLANE ( 'NONE',  #6235 ) ;
#5890 = VECTOR ( 'NONE', #4835, 1000.000000000000000 ) ;
#5891 = CARTESIAN_POINT ( 'NONE',  ( 1.399999999999999911, -1.300000000000000044, 0.000000000000000000 ) ) ;
#5892 = PRESENTATION_STYLE_ASSIGNMENT (( #5852 ) ) ;
#5893 = ORIENTED_EDGE ( 'NONE', *, *, #8290, .T. ) ;
#5894 = CARTESIAN_POINT ( 'NONE',  ( 0.9049999999999999156, -1.449999999999999956, -1.102973369332799658 ) ) ;
#5895 = VERTEX_POINT ( 'NONE', #3810 ) ;
#5896 = FILL_AREA_STYLE_COLOUR ( '', #1156 ) ;
#5897 = ORIENTED_EDGE ( 'NONE', *, *, #2204, .F. ) ;
#5898 = DIRECTION ( 'NONE',  ( 0.000000000000000000, -1.000000000000000000, 0.000000000000000000 ) ) ;
#5899 = DIRECTION ( 'NONE',  ( 0.000000000000000000, 1.000000000000000000, 0.000000000000000000 ) ) ;
#5900 = UNCERTAINTY_MEASURE_WITH_UNIT (LENGTH_MEASURE( 1.000000000000000082E-05 ), #8762, 'distance_accuracy_value', 'NONE');
#5901 = ORIENTED_EDGE ( 'NONE', *, *, #586, .F. ) ;
#5902 = CARTESIAN_POINT ( 'NONE',  ( 0.9049999999999999156, 1.449999999999999956, -0.9000000000000000222 ) ) ;
#5903 = CARTESIAN_POINT ( 'NONE',  ( 1.750000000000000000, -0.9799999999999999822, -0.1000000000000000472 ) ) ;
#5904 = PLANE ( 'NONE',  #2754 ) ;
#5905 =( NAMED_UNIT ( * ) PLANE_ANGLE_UNIT ( ) SI_UNIT ( $, .RADIAN. ) );
#5906 = ORIENTED_EDGE ( 'NONE', *, *, #2261, .T. ) ;
#5907 = VECTOR ( 'NONE', #639, 1000.000000000000000 ) ;
#5908 = CIRCLE ( 'NONE', #8445, 0.1500000000000000777 ) ;
#5909 = CYLINDRICAL_SURFACE ( 'NONE', #4594, 0.1200000000000000927 ) ;
#5910 = ORIENTED_EDGE ( 'NONE', *, *, #8771, .T. ) ;
#5911 = EDGE_CURVE ( 'NONE', #3627, #5492, #291, .T. ) ;
#5912 = PRESENTATION_STYLE_ASSIGNMENT (( #369 ) ) ;
#5913 = VECTOR ( 'NONE', #4104, 1000.000000000000000 ) ;
#5914 = LINE ( 'NONE', #1830, #3363 ) ;
#5915 = SURFACE_SIDE_STYLE ('',( #5999 ) ) ;
#5916 = SURFACE_STYLE_FILL_AREA ( #6760 ) ;
#5917 = EDGE_CURVE ( 'NONE', #7488, #3094, #7243, .T. ) ;
#5918 = DIRECTION ( 'NONE',  ( -1.000000000000000000, 0.000000000000000000, 0.000000000000000000 ) ) ;
#5919 = PRESENTATION_LAYER_ASSIGNMENT (  '', '', ( #5056 ) ) ;
#5920 =( GEOMETRIC_REPRESENTATION_CONTEXT ( 3 ) GLOBAL_UNCERTAINTY_ASSIGNED_CONTEXT ( ( #4460 ) ) GLOBAL_UNIT_ASSIGNED_CONTEXT ( ( #7102, #4934, #7739 ) ) REPRESENTATION_CONTEXT ( 'NONE', 'WORKASPACE' ) );
#5921 = VECTOR ( 'NONE', #3377, 1000.000000000000000 ) ;
#5922 = EDGE_CURVE ( 'NONE', #5656, #5337, #6639, .T. ) ;
#5923 = STYLED_ITEM ( 'NONE', ( #6324 ), #4380 ) ;
#5924 = ORIENTED_EDGE ( 'NONE', *, *, #2406, .F. ) ;
#5925 = CARTESIAN_POINT ( 'NONE',  ( -1.104999999999999982, 1.549999999999999822, -1.102973369332799658 ) ) ;
#5926 = EDGE_CURVE ( 'NONE', #2557, #9134, #6930, .T. ) ;
#5927 = CIRCLE ( 'NONE', #4186, 0.1200000000000000927 ) ;
#5928 = CIRCLE ( 'NONE', #1983, 0.1999999999999999833 ) ;
#5929 = CARTESIAN_POINT ( 'NONE',  ( 1.750000000000000000, 1.550000000000000044, -1.399999999999999911 ) ) ;
#5930 = DIRECTION ( 'NONE',  ( -1.000000000000000000, 0.000000000000000000, 0.000000000000000000 ) ) ;
#5931 =( LENGTH_UNIT ( ) NAMED_UNIT ( * ) SI_UNIT ( .MILLI., .METRE. ) );
#5932 = STYLED_ITEM ( 'NONE', ( #4134 ), #8721 ) ;
#5933 = VERTEX_POINT ( 'NONE', #254 ) ;
#5934 = CARTESIAN_POINT ( 'NONE',  ( 1.214999999999998304, -0.4459324456745000220, -1.285000000000000364 ) ) ;
#5935 = ORIENTED_EDGE ( 'NONE', *, *, #4100, .F. ) ;
#5936 = FACE_OUTER_BOUND ( 'NONE', #1688, .T. ) ;
#5937 = COLOUR_RGB ( '',1.000000000000000000, 1.000000000000000000, 1.000000000000000000 ) ;
#5938 = ORIENTED_EDGE ( 'NONE', *, *, #4929, .F. ) ;
#5939 = AXIS2_PLACEMENT_3D ( 'NONE', #1748, #4527, #996 ) ;
#5940 = EDGE_CURVE ( 'NONE', #5976, #7671, #6777, .T. ) ;
#5941 = CARTESIAN_POINT ( 'NONE',  ( 0.9049999999999999156, -1.550000000000000044, -1.102973369332799658 ) ) ;
#5942 = ORIENTED_EDGE ( 'NONE', *, *, #274, .T. ) ;
#5943 =( LENGTH_UNIT ( ) NAMED_UNIT ( * ) SI_UNIT ( .MILLI., .METRE. ) );
#5944 = PRESENTATION_LAYER_ASSIGNMENT (  '', '', ( #793 ) ) ;
#5945 = DIRECTION ( 'NONE',  ( -1.807003620809173892E-16, -1.000000000000000000, -0.000000000000000000 ) ) ;
#5946 = ORIENTED_EDGE ( 'NONE', *, *, #2807, .F. ) ;
#5947 = CARTESIAN_POINT ( 'NONE',  ( 1.357615481504000021, 1.350000000000000089, -0.1999999999999999833 ) ) ;
#5948 = ORIENTED_EDGE ( 'NONE', *, *, #4951, .F. ) ;
#5949 = VECTOR ( 'NONE', #3530, 1000.000000000000000 ) ;
#5950 = DIRECTION ( 'NONE',  ( 0.000000000000000000, 0.000000000000000000, 1.000000000000000000 ) ) ;
#5951 = SURFACE_STYLE_FILL_AREA ( #3180 ) ;
#5952 =( LENGTH_UNIT ( ) NAMED_UNIT ( * ) SI_UNIT ( .MILLI., .METRE. ) );
#5953 = ORIENTED_EDGE ( 'NONE', *, *, #8110, .F. ) ;
#5954 =( GEOMETRIC_REPRESENTATION_CONTEXT ( 3 ) GLOBAL_UNCERTAINTY_ASSIGNED_CONTEXT ( ( #816 ) ) GLOBAL_UNIT_ASSIGNED_CONTEXT ( ( #889, #1025, #6514 ) ) REPRESENTATION_CONTEXT ( 'NONE', 'WORKASPACE' ) );
#5955 =( GEOMETRIC_REPRESENTATION_CONTEXT ( 3 ) GLOBAL_UNCERTAINTY_ASSIGNED_CONTEXT ( ( #2709 ) ) GLOBAL_UNIT_ASSIGNED_CONTEXT ( ( #3657, #1668, #6585 ) ) REPRESENTATION_CONTEXT ( 'NONE', 'WORKASPACE' ) );
#5956 = PRESENTATION_STYLE_ASSIGNMENT (( #237 ) ) ;
#5957 = DIRECTION ( 'NONE',  ( 0.000000000000000000, 0.000000000000000000, -1.000000000000000000 ) ) ;
#5958 =( LENGTH_UNIT ( ) NAMED_UNIT ( * ) SI_UNIT ( .MILLI., .METRE. ) );
#5959 =( NAMED_UNIT ( * ) PLANE_ANGLE_UNIT ( ) SI_UNIT ( $, .RADIAN. ) );
#5960 = PRODUCT_DEFINITION_SHAPE ( 'NONE', 'NONE',  #1682 ) ;
#5961 = AXIS2_PLACEMENT_3D ( 'NONE', #8917, #4534, #7349 ) ;
#5962 = COLOUR_RGB ( '',0.7686274509803920907, 0.7686274509803920907, 0.7686274509803920907 ) ;
#5963 = ORIENTED_EDGE ( 'NONE', *, *, #4702, .F. ) ;
#5964 = EDGE_CURVE ( 'NONE', #7671, #6286, #2428, .T. ) ;
#5965 = CARTESIAN_POINT ( 'NONE',  ( -1.242857142857142883, -1.449999999999999956, -0.7963999475630351155 ) ) ;
#5966 = MECHANICAL_DESIGN_GEOMETRIC_PRESENTATION_REPRESENTATION (  '', ( #2922 ), #3645 ) ;
#5967 = DIRECTION ( 'NONE',  ( -0.000000000000000000, 1.000000000000000000, -0.000000000000000000 ) ) ;
#5968 = FILL_AREA_STYLE_COLOUR ( '', #9106 ) ;
#5969 = DIRECTION ( 'NONE',  ( 1.000000000000000000, 0.000000000000000000, 0.000000000000000000 ) ) ;
#5970 = EDGE_CURVE ( 'NONE', #8660, #6872, #8692, .T. ) ;
#5971 = DIRECTION ( 'NONE',  ( 0.000000000000000000, 1.000000000000000000, 0.000000000000000000 ) ) ;
#5972 = CARTESIAN_POINT ( 'NONE',  ( 1.200000000000000178, 0.4540675543254998892, -1.299999999999998712 ) ) ;
#5973 = PRESENTATION_LAYER_ASSIGNMENT (  '', '', ( #8811 ) ) ;
#5974 = DIRECTION ( 'NONE',  ( -0.000000000000000000, 0.000000000000000000, 1.000000000000000000 ) ) ;
#5975 = EDGE_CURVE ( 'NONE', #4451, #1135, #721, .T. ) ;
#5976 = VERTEX_POINT ( 'NONE', #7480 ) ;
#5977 = ORIENTED_EDGE ( 'NONE', *, *, #8375, .F. ) ;
#5978 = FACE_OUTER_BOUND ( 'NONE', #120, .T. ) ;
#5979 = LINE ( 'NONE', #2388, #949 ) ;
#5980 = FACE_OUTER_BOUND ( 'NONE', #876, .T. ) ;
#5981 = ORIENTED_EDGE ( 'NONE', *, *, #6164, .T. ) ;
#5982 =( NAMED_UNIT ( * ) PLANE_ANGLE_UNIT ( ) SI_UNIT ( $, .RADIAN. ) );
#5983 = B_SPLINE_CURVE_WITH_KNOTS ( 'NONE', 3,
 ( #2958, #5737, #8676, #322, #1831, #4478 ),
 .UNSPECIFIED., .F., .F.,
 ( 4, 1, 1, 4 ),
 ( 0.000000000000000000, 0.3333333333333000081, 0.6666666666667000474, 1.000000000000000000 ),
 .UNSPECIFIED. ) ;
#5984 = SURFACE_SIDE_STYLE ('',( #6739 ) ) ;
#5985 = EDGE_LOOP ( 'NONE', ( #2690, #5138, #5126, #7330, #1670, #8561 ) ) ;
#5986 =( NAMED_UNIT ( * ) PLANE_ANGLE_UNIT ( ) SI_UNIT ( $, .RADIAN. ) );
#5987 = ORIENTED_EDGE ( 'NONE', *, *, #632, .F. ) ;
#5988 = CARTESIAN_POINT ( 'NONE',  ( -0.8975754043573521690, 1.495413498676497532, -0.8359663956170227950 ) ) ;
#5989 = EDGE_CURVE ( 'NONE', #7568, #6833, #1286, .T. ) ;
#5990 = DIRECTION ( 'NONE',  ( -1.000000000000000000, 0.000000000000000000, 0.000000000000000000 ) ) ;
#5991 = ORIENTED_EDGE ( 'NONE', *, *, #3838, .F. ) ;
#5992 = CYLINDRICAL_SURFACE ( 'NONE', #7515, 0.1200000000000000927 ) ;
#5993 = LINE ( 'NONE', #5318, #6380 ) ;
#5994 = VECTOR ( 'NONE', #8753, 1000.000000000000000 ) ;
#5995 = SURFACE_STYLE_USAGE ( .BOTH. , #3182 ) ;
#5996 = ORIENTED_EDGE ( 'NONE', *, *, #7520, .T. ) ;
#5997 = LINE ( 'NONE', #6710, #4629 ) ;
#5998 = FACE_OUTER_BOUND ( 'NONE', #1545, .T. ) ;
#5999 = SURFACE_STYLE_FILL_AREA ( #4524 ) ;
#6000 = CARTESIAN_POINT ( 'NONE',  ( 0.9049999999999999156, -1.449999999999999956, -0.9000000000000000222 ) ) ;
#6001 = DIRECTION ( 'NONE',  ( 3.252606517456513302E-16, 1.000000000000000000, 0.000000000000000000 ) ) ;
#6002 = ORIENTED_EDGE ( 'NONE', *, *, #4664, .T. ) ;
#6003 = AXIS2_PLACEMENT_3D ( 'NONE', #5772, #4921, #6375 ) ;
#6004 = SURFACE_STYLE_FILL_AREA ( #3935 ) ;
#6005 =( NAMED_UNIT ( * ) PLANE_ANGLE_UNIT ( ) SI_UNIT ( $, .RADIAN. ) );
#6006 = VECTOR ( 'NONE', #7950, 1000.000000000000000 ) ;
#6007 = VECTOR ( 'NONE', #2885, 1000.000000000000000 ) ;
#6008 = VECTOR ( 'NONE', #2888, 1000.000000000000000 ) ;
#6009 = STYLED_ITEM ( 'NONE', ( #5851 ), #5007 ) ;
#6010 = ADVANCED_FACE ( 'NONE', ( #1847 ), #1895, .T. ) ;
#6011 = ORIENTED_EDGE ( 'NONE', *, *, #8682, .T. ) ;
#6012 =( LENGTH_UNIT ( ) NAMED_UNIT ( * ) SI_UNIT ( .MILLI., .METRE. ) );
#6013 = MECHANICAL_DESIGN_GEOMETRIC_PRESENTATION_REPRESENTATION (  '', ( #8414 ), #4293 ) ;
#6014 = VERTEX_POINT ( 'NONE', #3339 ) ;
#6015 = EDGE_CURVE ( 'NONE', #6748, #165, #8219, .T. ) ;
#6016 = VECTOR ( 'NONE', #6682, 1000.000000000000000 ) ;
#6017 = DIRECTION ( 'NONE',  ( 1.000000000000000000, 5.421010862427602042E-16, -0.000000000000000000 ) ) ;
#6018 = VERTEX_POINT ( 'NONE', #6914 ) ;
#6019 =( NAMED_UNIT ( * ) PLANE_ANGLE_UNIT ( ) SI_UNIT ( $, .RADIAN. ) );
#6020 = DIRECTION ( 'NONE',  ( -0.000000000000000000, 0.000000000000000000, -1.000000000000000000 ) ) ;
#6021 = ORIENTED_EDGE ( 'NONE', *, *, #3304, .T. ) ;
#6022 = ADVANCED_FACE ( 'NONE', ( #6728 ), #4074, .F. ) ;
#6023 = MECHANICAL_DESIGN_GEOMETRIC_PRESENTATION_REPRESENTATION (  '', ( #127 ), #727 ) ;
#6024 = FILL_AREA_STYLE_COLOUR ( '', #2774 ) ;
#6025 = AXIS2_PLACEMENT_3D ( 'NONE', #8581, #8480, #1505 ) ;
#6026 = FILL_AREA_STYLE_COLOUR ( '', #2112 ) ;
#6027 = EDGE_CURVE ( 'NONE', #823, #6817, #524, .T. ) ;
#6028 = VECTOR ( 'NONE', #8960, 1000.000000000000000 ) ;
#6029 = DIRECTION ( 'NONE',  ( 0.000000000000000000, 0.000000000000000000, 1.000000000000000000 ) ) ;
#6030 = ORIENTED_EDGE ( 'NONE', *, *, #7572, .F. ) ;
#6031 = PLANE ( 'NONE',  #7387 ) ;
#6032 = CARTESIAN_POINT ( 'NONE',  ( 1.300000000000000266, 1.449999999999999956, -0.9513780793966000182 ) ) ;
#6033 = ORIENTED_EDGE ( 'NONE', *, *, #4925, .T. ) ;
#6034 = ORIENTED_EDGE ( 'NONE', *, *, #2532, .T. ) ;
#6035 = EDGE_CURVE ( 'NONE', #7586, #8178, #1181, .T. ) ;
#6036 = SURFACE_STYLE_FILL_AREA ( #5612 ) ;
#6037 = SURFACE_STYLE_USAGE ( .BOTH. , #8946 ) ;
#6038 = DIRECTION ( 'NONE',  ( -1.000000000000000000, 0.000000000000000000, 0.000000000000000000 ) ) ;
#6039 = ORIENTED_EDGE ( 'NONE', *, *, #8256, .F. ) ;
#6040 = CARTESIAN_POINT ( 'NONE',  ( -0.7050000000000000711, 2.500000000000000000, -0.9000000000000000222 ) ) ;
#6041 = CARTESIAN_POINT ( 'NONE',  ( 1.729999999999999982, 0.5199999999999999067, -0.1000000000000000472 ) ) ;
#6042 = FACE_OUTER_BOUND ( 'NONE', #2092, .T. ) ;
#6043 = CARTESIAN_POINT ( 'NONE',  ( -1.750000000000000000, -1.180000000000000160, 0.000000000000000000 ) ) ;
#6044 =( LENGTH_UNIT ( ) NAMED_UNIT ( * ) SI_UNIT ( .MILLI., .METRE. ) );
#6045 = VECTOR ( 'NONE', #1267, 1000.000000000000000 ) ;
#6046 = EDGE_CURVE ( 'NONE', #8243, #1183, #2228, .T. ) ;
#6047 = DIRECTION ( 'NONE',  ( -0.000000000000000000, -1.000000000000000000, -0.000000000000000000 ) ) ;
#6048 = VERTEX_POINT ( 'NONE', #703 ) ;
#6049 =( LENGTH_UNIT ( ) NAMED_UNIT ( * ) SI_UNIT ( .MILLI., .METRE. ) );
#6050 =( NAMED_UNIT ( * ) PLANE_ANGLE_UNIT ( ) SI_UNIT ( $, .RADIAN. ) );
#6051 = UNCERTAINTY_MEASURE_WITH_UNIT (LENGTH_MEASURE( 1.000000000000000082E-05 ), #6896, 'distance_accuracy_value', 'NONE');
#6052 = SURFACE_STYLE_USAGE ( .BOTH. , #8160 ) ;
#6053 = EDGE_CURVE ( 'NONE', #1846, #3429, #3558, .T. ) ;
#6054 = STYLED_ITEM ( 'NONE', ( #491 ), #3499 ) ;
#6055 = ORIENTED_EDGE ( 'NONE', *, *, #280, .F. ) ;
#6056 = VECTOR ( 'NONE', #2652, 1000.000000000000000 ) ;
#6057 = DIRECTION ( 'NONE',  ( 0.000000000000000000, 0.000000000000000000, -1.000000000000000000 ) ) ;
#6058 = LINE ( 'NONE', #3198, #4375 ) ;
#6059 = DIRECTION ( 'NONE',  ( 0.000000000000000000, 0.000000000000000000, -1.000000000000000000 ) ) ;
#6060 = COLOUR_RGB ( '',0.7921568627450980005, 0.8196078431372548767, 0.9333333333333333481 ) ;
#6061 =( NAMED_UNIT ( * ) SI_UNIT ( $, .STERADIAN. ) SOLID_ANGLE_UNIT ( ) );
#6062 = FILL_AREA_STYLE_COLOUR ( '', #3818 ) ;
#6063 = AXIS2_PLACEMENT_3D ( 'NONE', #8387, #1932, #6809 ) ;
#6064 = ORIENTED_EDGE ( 'NONE', *, *, #2487, .F. ) ;
#6065 = CARTESIAN_POINT ( 'NONE',  ( 1.600000000000000089, -1.449999999999999956, -1.101378079396600151 ) ) ;
#6066 = ORIENTED_EDGE ( 'NONE', *, *, #2853, .T. ) ;
#6067 = FACE_OUTER_BOUND ( 'NONE', #2341, .T. ) ;
#6068 = STYLED_ITEM ( 'NONE', ( #507 ), #3791 ) ;
#6069 = DIRECTION ( 'NONE',  ( 0.000000000000000000, 0.000000000000000000, 1.000000000000000000 ) ) ;
#6070 = VECTOR ( 'NONE', #4699, 1000.000000000000000 ) ;
#6071 = ORIENTED_EDGE ( 'NONE', *, *, #8654, .T. ) ;
#6072 =( GEOMETRIC_REPRESENTATION_CONTEXT ( 3 ) GLOBAL_UNCERTAINTY_ASSIGNED_CONTEXT ( ( #8350 ) ) GLOBAL_UNIT_ASSIGNED_CONTEXT ( ( #4236, #4420, #5 ) ) REPRESENTATION_CONTEXT ( 'NONE', 'WORKASPACE' ) );
#6073 = PLANE ( 'NONE',  #1697 ) ;
#6074 = CARTESIAN_POINT ( 'NONE',  ( 1.800000000000000044, 1.550000000000000044, 0.000000000000000000 ) ) ;
#6075 = VERTEX_POINT ( 'NONE', #5654 ) ;
#6076 = LINE ( 'NONE', #6928, #4322 ) ;
#6077 = SHAPE_DEFINITION_REPRESENTATION ( #5960, #11 ) ;
#6078 = PLANE ( 'NONE',  #412 ) ;
#6079 = UNCERTAINTY_MEASURE_WITH_UNIT (LENGTH_MEASURE( 1.000000000000000082E-05 ), #7108, 'distance_accuracy_value', 'NONE');
#6080 = ORIENTED_EDGE ( 'NONE', *, *, #5694, .T. ) ;
#6081 = CARTESIAN_POINT ( 'NONE',  ( -8.131516293641283255E-17, 0.000000000000000000, -0.1000000000000000472 ) ) ;
#6082 = CARTESIAN_POINT ( 'NONE',  ( -1.750000000000000000, -1.550000000000000044, -1.399999999999999911 ) ) ;
#6083 = ORIENTED_EDGE ( 'NONE', *, *, #9166, .F. ) ;
#6084 = COLOUR_RGB ( '',0.7686274509803920907, 0.7686274509803920907, 0.7686274509803920907 ) ;
#6085 = ADVANCED_FACE ( 'NONE', ( #3603 ), #4205, .F. ) ;
#6086 = MECHANICAL_DESIGN_GEOMETRIC_PRESENTATION_REPRESENTATION (  '', ( #191 ), #8924 ) ;
#6087 = VERTEX_POINT ( 'NONE', #7157 ) ;
#6088 = ADVANCED_FACE ( 'NONE', ( #102 ), #2831, .T. ) ;
#6089 = DIRECTION ( 'NONE',  ( 0.000000000000000000, 0.000000000000000000, 1.000000000000000000 ) ) ;
#6090 = FILL_AREA_STYLE ('',( #3268 ) ) ;
#6091 = CARTESIAN_POINT ( 'NONE',  ( 1.750000000000000000, -1.000000000000000000, -1.399999999999999911 ) ) ;
#6092 = UNCERTAINTY_MEASURE_WITH_UNIT (LENGTH_MEASURE( 1.000000000000000082E-05 ), #5616, 'distance_accuracy_value', 'NONE');
#6093 = MECHANICAL_DESIGN_GEOMETRIC_PRESENTATION_REPRESENTATION (  '', ( #5076 ), #4803 ) ;
#6094 = EDGE_LOOP ( 'NONE', ( #8747, #82, #6595, #8910 ) ) ;
#6095 = EDGE_CURVE ( 'NONE', #8235, #5559, #8500, .T. ) ;
#6096 = CARTESIAN_POINT ( 'NONE',  ( 1.800000000000000044, -1.449999999999999956, 0.000000000000000000 ) ) ;
#6097 = EDGE_CURVE ( 'NONE', #228, #5236, #4936, .T. ) ;
#6098 = CARTESIAN_POINT ( 'NONE',  ( -0.5299999999999984723, -0.4459324456745000220, -1.320000000000000062 ) ) ;
#6099 = CARTESIAN_POINT ( 'NONE',  ( 1.629999999999999893, 0.9799999999999999822, 0.000000000000000000 ) ) ;
#6100 = CARTESIAN_POINT ( 'NONE',  ( -1.750000000000000000, 1.000000000000000000, -1.399999999999999911 ) ) ;
#6101 = FACE_OUTER_BOUND ( 'NONE', #6640, .T. ) ;
#6102 = DIRECTION ( 'NONE',  ( -0.4166666666666983820, -0.9090593428862949743, 0.000000000000000000 ) ) ;
#6103 = SURFACE_STYLE_FILL_AREA ( #1092 ) ;
#6104 = FILL_AREA_STYLE_COLOUR ( '', #7965 ) ;
#6105 = VECTOR ( 'NONE', #7563, 1000.000000000000000 ) ;
#6106 = ORIENTED_EDGE ( 'NONE', *, *, #5535, .T. ) ;
#6107 =( NAMED_UNIT ( * ) SI_UNIT ( $, .STERADIAN. ) SOLID_ANGLE_UNIT ( ) );
#6108 = FILL_AREA_STYLE_COLOUR ( '', #1424 ) ;
#6109 = CIRCLE ( 'NONE', #6412, 0.2000000000000000944 ) ;
#6110 = ADVANCED_FACE ( 'NONE', ( #1422 ), #7103, .F. ) ;
#6111 = DIRECTION ( 'NONE',  ( 1.000000000000000000, 0.000000000000000000, 0.000000000000000000 ) ) ;
#6112 = STYLED_ITEM ( 'NONE', ( #7747 ), #1245 ) ;
#6113 = PRESENTATION_STYLE_ASSIGNMENT (( #4894 ) ) ;
#6114 = CARTESIAN_POINT ( 'NONE',  ( 1.629999999999999893, 1.300000000000000044, 0.000000000000000000 ) ) ;
#6115 = VERTEX_POINT ( 'NONE', #7343 ) ;
#6116 = DIRECTION ( 'NONE',  ( 0.000000000000000000, 0.000000000000000000, 1.000000000000000000 ) ) ;
#6117 = ORIENTED_EDGE ( 'NONE', *, *, #2787, .T. ) ;
#6118 = COLOUR_RGB ( '',0.4117647058823529216, 0.4117647058823529216, 0.4117647058823529216 ) ;
#6119 = FILL_AREA_STYLE ('',( #3947 ) ) ;
#6120 = PRESENTATION_LAYER_ASSIGNMENT (  '', '', ( #7192 ) ) ;
#6121 = FILL_AREA_STYLE ('',( #6820 ) ) ;
#6122 = ORIENTED_EDGE ( 'NONE', *, *, #4170, .F. ) ;
#6123 =( NAMED_UNIT ( * ) PLANE_ANGLE_UNIT ( ) SI_UNIT ( $, .RADIAN. ) );
#6124 = SURFACE_SIDE_STYLE ('',( #8227 ) ) ;
#6125 = FILL_AREA_STYLE_COLOUR ( '', #8101 ) ;
#6126 = ORIENTED_EDGE ( 'NONE', *, *, #6865, .F. ) ;
#6127 = MECHANICAL_DESIGN_GEOMETRIC_PRESENTATION_REPRESENTATION (  '', ( #3654 ), #4689 ) ;
#6128 = CARTESIAN_POINT ( 'NONE',  ( -1.300000000000000266, 1.550000000000000044, -0.1999999999999999833 ) ) ;
#6129 = APPLICATION_PROTOCOL_DEFINITION ( 'draft international standard', 'automotive_design', 1998, #695 ) ;
#6130 =( NAMED_UNIT ( * ) PLANE_ANGLE_UNIT ( ) SI_UNIT ( $, .RADIAN. ) );
#6131 = VERTEX_POINT ( 'NONE', #7884 ) ;
#6132 = ORIENTED_EDGE ( 'NONE', *, *, #8825, .T. ) ;
#6133 = VECTOR ( 'NONE', #2332, 1000.000000000000000 ) ;
#6134 = ORIENTED_EDGE ( 'NONE', *, *, #1448, .T. ) ;
#6135 = CARTESIAN_POINT ( 'NONE',  ( 1.729999999999999982, 0.5199999999999999067, 0.000000000000000000 ) ) ;
#6136 = EDGE_CURVE ( 'NONE', #3549, #6524, #5249, .T. ) ;
#6137 = ORIENTED_EDGE ( 'NONE', *, *, #6731, .T. ) ;
#6138 = PRESENTATION_STYLE_ASSIGNMENT (( #1172 ) ) ;
#6139 = CARTESIAN_POINT ( 'NONE',  ( -1.300000000000000266, -0.2459324456744999832, -1.399999999999999911 ) ) ;
#6140 = ADVANCED_FACE ( 'NONE', ( #5880 ), #4530, .F. ) ;
#6141 = DIRECTION ( 'NONE',  ( -0.4166666666666983820, 0.9090593428862949743, 0.000000000000000000 ) ) ;
#6142 = DIRECTION ( 'NONE',  ( 0.7071067811865512365, -1.277744513902818438E-16, 0.7071067811865439090 ) ) ;
#6143 = PLANE ( 'NONE',  #3978 ) ;
#6144 = DIRECTION ( 'NONE',  ( 0.000000000000000000, 0.000000000000000000, -1.000000000000000000 ) ) ;
#6145 = LINE ( 'NONE', #7287, #1541 ) ;
#6146 = COLOUR_RGB ( '',0.4117647058823529216, 0.4117647058823529216, 0.4117647058823529216 ) ;
#6147 = EDGE_CURVE ( 'NONE', #8489, #234, #3696, .T. ) ;
#6148 = FILL_AREA_STYLE_COLOUR ( '', #2862 ) ;
#6149 = CARTESIAN_POINT ( 'NONE',  ( -2.299999999999999822, -1.000000000000000000, -1.399999999999999911 ) ) ;
#6150 = EDGE_LOOP ( 'NONE', ( #110, #6126 ) ) ;
#6151 = CIRCLE ( 'NONE', #3240, 0.1000000000000000194 ) ;
#6152 = DIRECTION ( 'NONE',  ( 0.000000000000000000, 0.000000000000000000, 1.000000000000000000 ) ) ;
#6153 = SURFACE_STYLE_FILL_AREA ( #7006 ) ;
#6154 = DIRECTION ( 'NONE',  ( -1.000000000000000000, 0.000000000000000000, 0.000000000000000000 ) ) ;
#6155 = AXIS2_PLACEMENT_3D ( 'NONE', #8834, #6020, #6784 ) ;
#6156 = ORIENTED_EDGE ( 'NONE', *, *, #3788, .F. ) ;
#6157 = ORIENTED_EDGE ( 'NONE', *, *, #1303, .T. ) ;
#6158 = AXIS2_PLACEMENT_3D ( 'NONE', #7110, #1528, #4350 ) ;
#6159 = EDGE_LOOP ( 'NONE', ( #5893, #4006, #6753, #4359 ) ) ;
#6160 = FILL_AREA_STYLE_COLOUR ( '', #7153 ) ;
#6161 = VECTOR ( 'NONE', #6029, 1000.000000000000000 ) ;
#6162 = ORIENTED_EDGE ( 'NONE', *, *, #3547, .F. ) ;
#6163 = UNCERTAINTY_MEASURE_WITH_UNIT (LENGTH_MEASURE( 1.000000000000000082E-05 ), #7005, 'distance_accuracy_value', 'NONE');
#6164 = EDGE_CURVE ( 'NONE', #612, #5895, #6488, .T. ) ;
#6165 = CARTESIAN_POINT ( 'NONE',  ( -1.594948974278317833, 1.550000000000000044, -0.9513780793966000182 ) ) ;
#6166 = DIRECTION ( 'NONE',  ( 0.000000000000000000, -1.000000000000000000, 0.000000000000000000 ) ) ;
#6167 = AXIS2_PLACEMENT_3D ( 'NONE', #7363, #1017, #4863 ) ;
#6168 = ORIENTED_EDGE ( 'NONE', *, *, #8725, .T. ) ;
#6169 = ADVANCED_FACE ( 'NONE', ( #5160 ), #5787, .F. ) ;
#6170 = DIRECTION ( 'NONE',  ( -0.8660254037844289376, -0.5000000000000169864, 0.000000000000000000 ) ) ;
#6171 = VERTEX_POINT ( 'NONE', #5051 ) ;
#6172 = MECHANICAL_DESIGN_GEOMETRIC_PRESENTATION_REPRESENTATION (  '', ( #6323 ), #8125 ) ;
#6173 = DIRECTION ( 'NONE',  ( 0.000000000000000000, 0.000000000000000000, -1.000000000000000000 ) ) ;
#6174 = DIRECTION ( 'NONE',  ( 1.000000000000000000, 0.000000000000000000, 0.000000000000000000 ) ) ;
#6175 = ORIENTED_EDGE ( 'NONE', *, *, #7631, .F. ) ;
#6176 = LINE ( 'NONE', #8457, #1244 ) ;
#6177 = DIRECTION ( 'NONE',  ( 0.000000000000000000, -1.000000000000000000, 0.000000000000000000 ) ) ;
#6178 = LINE ( 'NONE', #5581, #5792 ) ;
#6179 = FILL_AREA_STYLE ('',( #2758 ) ) ;
#6180 = UNCERTAINTY_MEASURE_WITH_UNIT (LENGTH_MEASURE( 1.000000000000000082E-05 ), #2490, 'distance_accuracy_value', 'NONE');
#6181 = AXIS2_PLACEMENT_3D ( 'NONE', #8625, #7909, #5136 ) ;
#6182 = VERTEX_POINT ( 'NONE', #742 ) ;
#6183 = CARTESIAN_POINT ( 'NONE',  ( -8.131516293641283255E-17, 0.000000000000000000, 0.4999999999999998890 ) ) ;
#6184 = PRESENTATION_STYLE_ASSIGNMENT (( #5505 ) ) ;
#6185 = CARTESIAN_POINT ( 'NONE',  ( -1.629999999999999893, 0.9799999999999999822, -0.1000000000000000472 ) ) ;
#6186 = DIRECTION ( 'NONE',  ( 0.000000000000000000, 0.000000000000000000, -1.000000000000000000 ) ) ;
#6187 = DIRECTION ( 'NONE',  ( 1.000000000000000000, 0.000000000000000000, 0.000000000000000000 ) ) ;
#6188 = DIRECTION ( 'NONE',  ( 0.000000000000000000, 0.000000000000000000, 1.000000000000000000 ) ) ;
#6189 = CARTESIAN_POINT ( 'NONE',  ( 2.299999999999999822, -1.000000000000000000, -1.399999999999999911 ) ) ;
#6190 = LINE ( 'NONE', #2722, #5066 ) ;
#6191 = EDGE_CURVE ( 'NONE', #85, #4998, #4151, .T. ) ;
#6192 = DIRECTION ( 'NONE',  ( -2.891205793294676177E-14, -1.000000000000000000, 0.000000000000000000 ) ) ;
#6193 = EDGE_LOOP ( 'NONE', ( #7494, #2860, #3227, #4230 ) ) ;
#6194 = DIRECTION ( 'NONE',  ( -1.000000000000000000, 0.000000000000000000, 0.000000000000000000 ) ) ;
#6195 =( NAMED_UNIT ( * ) PLANE_ANGLE_UNIT ( ) SI_UNIT ( $, .RADIAN. ) );
#6196 = EDGE_CURVE ( 'NONE', #7849, #4860, #91, .T. ) ;
#6197 =( LENGTH_UNIT ( ) NAMED_UNIT ( * ) SI_UNIT ( .MILLI., .METRE. ) );
#6198 = SURFACE_STYLE_FILL_AREA ( #3423 ) ;
#6199 =( NAMED_UNIT ( * ) PLANE_ANGLE_UNIT ( ) SI_UNIT ( $, .RADIAN. ) );
#6200 = EDGE_CURVE ( 'NONE', #5559, #7609, #4281, .T. ) ;
#6201 = PRESENTATION_LAYER_ASSIGNMENT (  '', '', ( #3887 ) ) ;
#6203 = ORIENTED_EDGE ( 'NONE', *, *, #2895, .F. ) ;
#6202 = PRESENTATION_LAYER_ASSIGNMENT (  '', '', ( #6963 ) ) ;
#6204 = DIRECTION ( 'NONE',  ( 3.469446951953612296E-14, -1.000000000000000000, 0.000000000000000000 ) ) ;
#6205 = ORIENTED_EDGE ( 'NONE', *, *, #8882, .T. ) ;
#6206 =( LENGTH_UNIT ( ) NAMED_UNIT ( * ) SI_UNIT ( .MILLI., .METRE. ) );
#6207 = ADVANCED_FACE ( 'NONE', ( #2906 ), #133, .F. ) ;
#6208 = COLOUR_RGB ( '',0.7686274509803920907, 0.7686274509803920907, 0.7686274509803920907 ) ;
#6209 = LINE ( 'NONE', #760, #1713 ) ;
#6210 = LINE ( 'NONE', #4944, #8399 ) ;
#6211 = ORIENTED_EDGE ( 'NONE', *, *, #1941, .F. ) ;
#6212 = DIRECTION ( 'NONE',  ( -1.000000000000000000, 0.000000000000000000, 0.000000000000000000 ) ) ;
#6213 = CARTESIAN_POINT ( 'NONE',  ( -0.8050000000000000488, -1.450000000000000400, -0.6999999999999999556 ) ) ;
#6214 = PRESENTATION_LAYER_ASSIGNMENT (  '', '', ( #5487 ) ) ;
#6215 = VECTOR ( 'NONE', #4718, 1000.000000000000000 ) ;
#6216 = EDGE_LOOP ( 'NONE', ( #4656, #3719, #5537, #7977, #9015, #7298, #1964, #3729, #745, #1861, #1330, #3473, #8389, #1115, #9090, #3125, #4467, #9031, #2192, #1258, #7057, #3963, #2937, #5848, #5745, #5336, #256, #2514, #4195, #1236, #3401, #1344, #8046, #8463, #854, #6628, #3299, #6989, #3624, #967, #2366, #1614, #3252, #2331 ) ) ;
#6217 = VECTOR ( 'NONE', #6194, 1000.000000000000000 ) ;
#6218 = AXIS2_PLACEMENT_3D ( 'NONE', #3134, #5950, #1784 ) ;
#6219 = DIRECTION ( 'NONE',  ( -1.000000000000000000, 0.000000000000000000, 0.000000000000000000 ) ) ;
#6220 = ORIENTED_EDGE ( 'NONE', *, *, #5207, .F. ) ;
#6221 = ORIENTED_EDGE ( 'NONE', *, *, #519, .F. ) ;
#6222 = ADVANCED_FACE ( 'NONE', ( #1553 ), #5728, .F. ) ;
#6223 = CARTESIAN_POINT ( 'NONE',  ( -1.350000000000000089, -1.449999999999999956, -0.1000000000000000472 ) ) ;
#6224 = DIRECTION ( 'NONE',  ( 0.000000000000000000, 1.000000000000000000, 0.000000000000000000 ) ) ;
#6225 = ORIENTED_EDGE ( 'NONE', *, *, #6248, .T. ) ;
#6226 = DIRECTION ( 'NONE',  ( 0.000000000000000000, 0.000000000000000000, -1.000000000000000000 ) ) ;
#6227 = VECTOR ( 'NONE', #7332, 1000.000000000000000 ) ;
#6228 = AXIS2_PLACEMENT_3D ( 'NONE', #4913, #4831, #1350 ) ;
#6229 = DIRECTION ( 'NONE',  ( 1.000000000000000000, 0.000000000000000000, 0.000000000000000000 ) ) ;
#6230 = LINE ( 'NONE', #2670, #6526 ) ;
#6231 = CARTESIAN_POINT ( 'NONE',  ( 1.104999999999999760, 1.449999999999999956, -1.102973369332799658 ) ) ;
#6232 = DIRECTION ( 'NONE',  ( -0.7071067811865431318, -0.000000000000000000, -0.7071067811865520136 ) ) ;
#6233 = CARTESIAN_POINT ( 'NONE',  ( 1.350000000000000089, 1.974264068711928388, -0.9013780793965999738 ) ) ;
#6234 = CLOSED_SHELL ( 'NONE', ( #3192, #1426, #3750, #6207, #7761, #4148, #3561, #6749, #4373, #6305, #6495, #4048, #7362, #3375, #1343, #295, #5007, #2548, #1190, #3215, #4976, #4209, #8779, #4380, #2057, #349, #3664, #6254, #7824, #5253, #5629, #7407, #7402, #1245, #8805, #7998, #6956, #6169, #8950, #5214, #1816, #3642, #5148, #3499, #1371, #3309, #4851, #4724, #546, #59, #8719, #5775, #2324, #8081, #848, #4040, #1312, #738, #4157, #1482, #2677, #8776, #6140, #2633, #5853, #1139, #3605, #317, #1495, #5602, #8740, #1309, #7867, #5388, #4542, #7337, #5864, #3759, #241, #6222, #4879, #6085, #9113, #2181, #450, #8518, #5367, #2974, #148, #9009, #2143, #7855, #1665, #2229, #8269, #7883 ) ) ;
#6235 = AXIS2_PLACEMENT_3D ( 'NONE', #3941, #5930, #1799 ) ;
#6236 = CARTESIAN_POINT ( 'NONE',  ( 1.350000000000000089, -1.449999999999999956, -0.9513780793966000182 ) ) ;
#6237 = VECTOR ( 'NONE', #9140, 1000.000000000000000 ) ;
#6238 = CARTESIAN_POINT ( 'NONE',  ( -0.8750000000000001110, 1.071565949253934149E-16, 0.000000000000000000 ) ) ;
#6239 = EDGE_LOOP ( 'NONE', ( #125, #6506, #8940, #70, #2771, #2043 ) ) ;
#6240 = CIRCLE ( 'NONE', #5092, 0.1500000000000000777 ) ;
#6241 = DIRECTION ( 'NONE',  ( 0.000000000000000000, 0.000000000000000000, -1.000000000000000000 ) ) ;
#6242 = SURFACE_STYLE_USAGE ( .BOTH. , #3472 ) ;
#6243 = UNCERTAINTY_MEASURE_WITH_UNIT (LENGTH_MEASURE( 1.000000000000000082E-05 ), #883, 'distance_accuracy_value', 'NONE');
#6244 = ORIENTED_EDGE ( 'NONE', *, *, #376, .F. ) ;
#6245 = EDGE_CURVE ( 'NONE', #8334, #2686, #7239, .T. ) ;
#6246 = ORIENTED_EDGE ( 'NONE', *, *, #6015, .T. ) ;
#6247 =( LENGTH_UNIT ( ) NAMED_UNIT ( * ) SI_UNIT ( .MILLI., .METRE. ) );
#6248 = EDGE_CURVE ( 'NONE', #6115, #8411, #5727, .T. ) ;
#6249 = PRESENTATION_STYLE_ASSIGNMENT (( #1291 ) ) ;
#6250 = SURFACE_STYLE_FILL_AREA ( #25 ) ;
#6251 =( LENGTH_UNIT ( ) NAMED_UNIT ( * ) SI_UNIT ( .MILLI., .METRE. ) );
#6252 = VERTEX_POINT ( 'NONE', #5317 ) ;
#6253 = UNCERTAINTY_MEASURE_WITH_UNIT (LENGTH_MEASURE( 1.000000000000000082E-05 ), #8237, 'distance_accuracy_value', 'NONE');
#6254 = ADVANCED_FACE ( 'NONE', ( #1031 ), #6660, .T. ) ;
#6255 = SURFACE_STYLE_FILL_AREA ( #1481 ) ;
#6256 = AXIS2_PLACEMENT_3D ( 'NONE', #4398, #8686, #8505 ) ;
#6257 = SURFACE_SIDE_STYLE ('',( #6401 ) ) ;
#6258 = MECHANICAL_DESIGN_GEOMETRIC_PRESENTATION_REPRESENTATION (  '', ( #8953 ), #3496 ) ;
#6259 = ORIENTED_EDGE ( 'NONE', *, *, #971, .F. ) ;
#6260 = DIRECTION ( 'NONE',  ( 1.000000000000000000, 0.000000000000000000, 0.000000000000000000 ) ) ;
#6261 = FILL_AREA_STYLE ('',( #2751 ) ) ;
#6262 = ORIENTED_EDGE ( 'NONE', *, *, #2049, .T. ) ;
#6263 = ORIENTED_EDGE ( 'NONE', *, *, #2406, .T. ) ;
#6264 = LINE ( 'NONE', #6359, #7079 ) ;
#6265 = FACE_OUTER_BOUND ( 'NONE', #4127, .T. ) ;
#6266 = DIRECTION ( 'NONE',  ( 1.000000000000000000, 0.000000000000000000, 0.000000000000000000 ) ) ;
#6267 = UNCERTAINTY_MEASURE_WITH_UNIT (LENGTH_MEASURE( 1.000000000000000082E-05 ), #4239, 'distance_accuracy_value', 'NONE');
#6268 = ORIENTED_EDGE ( 'NONE', *, *, #1970, .F. ) ;
#6269 = DIRECTION ( 'NONE',  ( 0.000000000000000000, -1.000000000000000000, 0.000000000000000000 ) ) ;
#6270 = MECHANICAL_DESIGN_GEOMETRIC_PRESENTATION_REPRESENTATION (  '', ( #2485 ), #224 ) ;
#6271 = SURFACE_SIDE_STYLE ('',( #3500 ) ) ;
#6272 = DIRECTION ( 'NONE',  ( 0.000000000000000000, 1.000000000000000000, 0.000000000000000000 ) ) ;
#6273 = CYLINDRICAL_SURFACE ( 'NONE', #8833, 0.1200000000000000927 ) ;
#6274 =( NAMED_UNIT ( * ) SI_UNIT ( $, .STERADIAN. ) SOLID_ANGLE_UNIT ( ) );
#6275 =( NAMED_UNIT ( * ) SI_UNIT ( $, .STERADIAN. ) SOLID_ANGLE_UNIT ( ) );
#6276 = LINE ( 'NONE', #7557, #7850 ) ;
#6277 = CARTESIAN_POINT ( 'NONE',  ( 1.600000000000000089, 1.449999999999999956, -1.101378079396600151 ) ) ;
#6278 = ORIENTED_EDGE ( 'NONE', *, *, #1303, .F. ) ;
#6279 = VECTOR ( 'NONE', #7280, 1000.000000000000000 ) ;
#6280 = PLANE ( 'NONE',  #5684 ) ;
#6281 = DIRECTION ( 'NONE',  ( 0.000000000000000000, 0.000000000000000000, 1.000000000000000000 ) ) ;
#6282 =( NAMED_UNIT ( * ) SI_UNIT ( $, .STERADIAN. ) SOLID_ANGLE_UNIT ( ) );
#6283 = VERTEX_POINT ( 'NONE', #893 ) ;
#6284 = PRESENTATION_LAYER_ASSIGNMENT (  '', '', ( #2215 ) ) ;
#6285 =( LENGTH_UNIT ( ) NAMED_UNIT ( * ) SI_UNIT ( .MILLI., .METRE. ) );
#6286 = VERTEX_POINT ( 'NONE', #3049 ) ;
#6287 = SURFACE_STYLE_USAGE ( .BOTH. , #3479 ) ;
#6288 = PLANE ( 'NONE',  #4425 ) ;
#6289 = AXIS2_PLACEMENT_3D ( 'NONE', #3816, #777, #3623 ) ;
#6290 =( NAMED_UNIT ( * ) PLANE_ANGLE_UNIT ( ) SI_UNIT ( $, .RADIAN. ) );
#6291 = ORIENTED_EDGE ( 'NONE', *, *, #1194, .T. ) ;
#6292 = ADVANCED_FACE ( 'NONE', ( #5239 ), #5992, .T. ) ;
#6293 = LINE ( 'NONE', #3662, #569 ) ;
#6294 = VECTOR ( 'NONE', #7107, 1000.000000000000000 ) ;
#6295 = EDGE_CURVE ( 'NONE', #8963, #6478, #1783, .T. ) ;
#6296 = LINE ( 'NONE', #4218, #8856 ) ;
#6297 = VERTEX_POINT ( 'NONE', #7286 ) ;
#6298 = PRESENTATION_LAYER_ASSIGNMENT (  '', '', ( #1618 ) ) ;
#6299 =( GEOMETRIC_REPRESENTATION_CONTEXT ( 3 ) GLOBAL_UNCERTAINTY_ASSIGNED_CONTEXT ( ( #6180 ) ) GLOBAL_UNIT_ASSIGNED_CONTEXT ( ( #2490, #8760, #229 ) ) REPRESENTATION_CONTEXT ( 'NONE', 'WORKASPACE' ) );
#6300 = ORIENTED_EDGE ( 'NONE', *, *, #3838, .T. ) ;
#6301 = EDGE_CURVE ( 'NONE', #8174, #7782, #3785, .T. ) ;
#6302 = PLANE ( 'NONE',  #492 ) ;
#6303 = ORIENTED_EDGE ( 'NONE', *, *, #1794, .F. ) ;
#6304 = COLOUR_RGB ( '',1.000000000000000000, 1.000000000000000000, 1.000000000000000000 ) ;
#6305 = ADVANCED_FACE ( 'NONE', ( #5868 ), #8712, .F. ) ;
#6306 = DIRECTION ( 'NONE',  ( 0.000000000000000000, -1.000000000000000000, 0.000000000000000000 ) ) ;
#6307 = SURFACE_SIDE_STYLE ('',( #5951 ) ) ;
#6308 = AXIS2_PLACEMENT_3D ( 'NONE', #2195, #1532, #4989 ) ;
#6309 = PLANE ( 'NONE',  #5010 ) ;
#6310 = ORIENTED_EDGE ( 'NONE', *, *, #4929, .T. ) ;
#6311 = SHAPE_REPRESENTATION ( 'SWT0115-020025SSA_rev0.4', ( #7734, #6854, #4947 ), #493 ) ;
#6312 = SURFACE_STYLE_USAGE ( .BOTH. , #3537 ) ;
#6313 = AXIS2_PLACEMENT_3D ( 'NONE', #6040, #8902, #1265 ) ;
#6314 =( LENGTH_UNIT ( ) NAMED_UNIT ( * ) SI_UNIT ( .MILLI., .METRE. ) );
#6315 = EDGE_CURVE ( 'NONE', #8001, #169, #6923, .T. ) ;
#6316 = COLOUR_RGB ( '',1.000000000000000000, 1.000000000000000000, 1.000000000000000000 ) ;
#6317 = AXIS2_PLACEMENT_3D ( 'NONE', #7457, #3830, #6038 ) ;
#6318 = FILL_AREA_STYLE_COLOUR ( '', #636 ) ;
#6319 = LINE ( 'NONE', #90, #2499 ) ;
#6320 =( NAMED_UNIT ( * ) PLANE_ANGLE_UNIT ( ) SI_UNIT ( $, .RADIAN. ) );
#6321 = PRESENTATION_STYLE_ASSIGNMENT (( #4282 ) ) ;
#6322 = DIRECTION ( 'NONE',  ( -0.000000000000000000, -0.000000000000000000, -1.000000000000000000 ) ) ;
#6323 = STYLED_ITEM ( 'NONE', ( #5404 ), #3416 ) ;
#6324 = PRESENTATION_STYLE_ASSIGNMENT (( #7093 ) ) ;
#6325 = DIRECTION ( 'NONE',  ( 0.000000000000000000, 1.000000000000000000, 0.000000000000000000 ) ) ;
#6326 = PLANE ( 'NONE',  #2079 ) ;
#6327 = STYLED_ITEM ( 'NONE', ( #1443 ), #5420 ) ;
#6328 = ORIENTED_EDGE ( 'NONE', *, *, #8077, .T. ) ;
#6329 = DIRECTION ( 'NONE',  ( 0.000000000000000000, 0.000000000000000000, 1.000000000000000000 ) ) ;
#6330 = DIRECTION ( 'NONE',  ( 1.000000000000000000, 0.000000000000000000, 0.000000000000000000 ) ) ;
#6331 = SURFACE_STYLE_USAGE ( .BOTH. , #5691 ) ;
#6332 = SURFACE_STYLE_USAGE ( .BOTH. , #1464 ) ;
#6333 = CARTESIAN_POINT ( 'NONE',  ( -1.350000000000000089, -1.550000000000000044, -0.9013780793965999738 ) ) ;
#6334 = EDGE_CURVE ( 'NONE', #5176, #3726, #499, .T. ) ;
#6335 = ORIENTED_EDGE ( 'NONE', *, *, #2369, .T. ) ;
#6336 = FILL_AREA_STYLE_COLOUR ( '', #5297 ) ;
#6337 = ORIENTED_EDGE ( 'NONE', *, *, #8938, .F. ) ;
#6338 = CARTESIAN_POINT ( 'NONE',  ( -1.005000000000000115, 1.335834036457999918, -1.399999999999999911 ) ) ;
#6339 = DIRECTION ( 'NONE',  ( -0.7071067811865440200, -0.000000000000000000, 0.7071067811865511255 ) ) ;
#6340 = CYLINDRICAL_SURFACE ( 'NONE', #6256, 0.1000000000000000472 ) ;
#6341 = CARTESIAN_POINT ( 'NONE',  ( 1.350000000000000089, -1.300000000000000044, 0.000000000000000000 ) ) ;
#6342 = FILL_AREA_STYLE ('',( #8410 ) ) ;
#6343 = ORIENTED_EDGE ( 'NONE', *, *, #606, .F. ) ;
#6344 = COLOUR_RGB ( '',1.000000000000000000, 1.000000000000000000, 1.000000000000000000 ) ;
#6345 = CARTESIAN_POINT ( 'NONE',  ( 1.004999999999999893, -1.427698927807000029, -0.9513780793966000182 ) ) ;
#6346 = PRESENTATION_STYLE_ASSIGNMENT (( #665 ) ) ;
#6347 = UNCERTAINTY_MEASURE_WITH_UNIT (LENGTH_MEASURE( 1.000000000000000082E-05 ), #941, 'distance_accuracy_value', 'NONE');
#6348 = LINE ( 'NONE', #30, #6007 ) ;
#6349 = PRODUCT_DEFINITION_CONTEXT ( 'detailed design', #7511, 'design' ) ;
#6350 = ORIENTED_EDGE ( 'NONE', *, *, #1765, .T. ) ;
#6351 = DIRECTION ( 'NONE',  ( 0.000000000000000000, 1.000000000000000000, 0.000000000000000000 ) ) ;
#6352 = COLOUR_RGB ( '',1.000000000000000000, 1.000000000000000000, 1.000000000000000000 ) ;
#6353 = CARTESIAN_POINT ( 'NONE',  ( 1.104999999999999760, 1.449999999999999956, -1.302973369332799836 ) ) ;
#6354 = FACE_OUTER_BOUND ( 'NONE', #5042, .T. ) ;
#6355 = ORIENTED_EDGE ( 'NONE', *, *, #5748, .F. ) ;
#6356 = CARTESIAN_POINT ( 'NONE',  ( 1.750000000000000000, -1.550000000000000044, -1.101378079396600151 ) ) ;
#6357 = CARTESIAN_POINT ( 'NONE',  ( 1.100000000000000089, 1.550000000000000044, -0.6564291051182821191 ) ) ;
#6358 = VERTEX_POINT ( 'NONE', #4746 ) ;
#6359 = CARTESIAN_POINT ( 'NONE',  ( 1.350000000000000089, -1.550000000000000044, -0.1999999999999999833 ) ) ;
#6360 = STYLED_ITEM ( 'NONE', ( #6641 ), #3646 ) ;
#6361 = FILL_AREA_STYLE ('',( #7806 ) ) ;
#6362 = PRESENTATION_LAYER_ASSIGNMENT (  '', '', ( #3457 ) ) ;
#6363 = VECTOR ( 'NONE', #3975, 1000.000000000000000 ) ;
#6364 = DIRECTION ( 'NONE',  ( 0.000000000000000000, 1.000000000000000000, 0.000000000000000000 ) ) ;
#6365 = UNCERTAINTY_MEASURE_WITH_UNIT (LENGTH_MEASURE( 1.000000000000000082E-05 ), #6285, 'distance_accuracy_value', 'NONE');
#6366 = ORIENTED_EDGE ( 'NONE', *, *, #5632, .T. ) ;
#6367 = EDGE_CURVE ( 'NONE', #3872, #6592, #7065, .T. ) ;
#6368 =( LENGTH_UNIT ( ) NAMED_UNIT ( * ) SI_UNIT ( .MILLI., .METRE. ) );
#6369 = COLOUR_RGB ( '',0.4117647058823529216, 0.4117647058823529216, 0.4117647058823529216 ) ;
#6370 = COLOUR_RGB ( '',1.000000000000000000, 1.000000000000000000, 1.000000000000000000 ) ;
#6371 = STYLED_ITEM ( 'NONE', ( #231 ), #4430 ) ;
#6372 =( LENGTH_UNIT ( ) NAMED_UNIT ( * ) SI_UNIT ( .MILLI., .METRE. ) );
#6373 = EDGE_CURVE ( 'NONE', #1641, #4860, #1208, .T. ) ;
#6374 = UNCERTAINTY_MEASURE_WITH_UNIT (LENGTH_MEASURE( 1.000000000000000082E-05 ), #6049, 'distance_accuracy_value', 'NONE');
#6375 = DIRECTION ( 'NONE',  ( 1.000000000000000000, 0.000000000000000000, -0.000000000000000000 ) ) ;
#6376 = DIRECTION ( 'NONE',  ( 0.000000000000000000, 0.000000000000000000, -1.000000000000000000 ) ) ;
#6377 = DIRECTION ( 'NONE',  ( 0.000000000000000000, 0.000000000000000000, -1.000000000000000000 ) ) ;
#6378 =( LENGTH_UNIT ( ) NAMED_UNIT ( * ) SI_UNIT ( .MILLI., .METRE. ) );
#6379 = EDGE_CURVE ( 'NONE', #2871, #2130, #4649, .T. ) ;
#6380 = VECTOR ( 'NONE', #4052, 1000.000000000000000 ) ;
#6381 = ORIENTED_EDGE ( 'NONE', *, *, #6802, .F. ) ;
#6382 = PRESENTATION_LAYER_ASSIGNMENT (  '', '', ( #5355 ) ) ;
#6383 = SURFACE_SIDE_STYLE ('',( #748 ) ) ;
#6384 = CARTESIAN_POINT ( 'NONE',  ( 1.104999999999999760, -1.549999999999999822, -1.102973369332799658 ) ) ;
#6385 = COLOUR_RGB ( '',0.4117647058823529216, 0.4117647058823529216, 0.4117647058823529216 ) ;
#6386 = STYLED_ITEM ( 'NONE', ( #2963 ), #8207 ) ;
#6387 =( LENGTH_UNIT ( ) NAMED_UNIT ( * ) SI_UNIT ( .MILLI., .METRE. ) );
#6388 = DIRECTION ( 'NONE',  ( 0.000000000000000000, 1.000000000000000000, 0.000000000000000000 ) ) ;
#6389 = DIRECTION ( 'NONE',  ( -0.000000000000000000, 1.000000000000000000, 0.000000000000000000 ) ) ;
#6390 = VECTOR ( 'NONE', #1099, 1000.000000000000000 ) ;
#6391 = ORIENTED_EDGE ( 'NONE', *, *, #1547, .T. ) ;
#6392 =( NAMED_UNIT ( * ) SI_UNIT ( $, .STERADIAN. ) SOLID_ANGLE_UNIT ( ) );
#6393 = CARTESIAN_POINT ( 'NONE',  ( -1.594948974278317833, 1.974264068711928388, -1.151378079396599974 ) ) ;
#6394 = EDGE_CURVE ( 'NONE', #5279, #1846, #3686, .T. ) ;
#6395 =( LENGTH_UNIT ( ) NAMED_UNIT ( * ) SI_UNIT ( .MILLI., .METRE. ) );
#6396 = CARTESIAN_POINT ( 'NONE',  ( 1.750000000000000000, -1.180000000000000160, 0.000000000000000000 ) ) ;
#6397 = DIRECTION ( 'NONE',  ( -1.000000000000000000, 2.168404344971008868E-16, 0.000000000000000000 ) ) ;
#6398 = VERTEX_POINT ( 'NONE', #3359 ) ;
#6399 = COLOUR_RGB ( '',1.000000000000000000, 1.000000000000000000, 1.000000000000000000 ) ;
#6400 =( LENGTH_UNIT ( ) NAMED_UNIT ( * ) SI_UNIT ( .MILLI., .METRE. ) );
#6401 = SURFACE_STYLE_FILL_AREA ( #7025 ) ;
#6402 = ORIENTED_EDGE ( 'NONE', *, *, #7166, .T. ) ;
#6403 = CARTESIAN_POINT ( 'NONE',  ( 0.7049999999999998490, 2.500000000000000000, -0.9000000000000000222 ) ) ;
#6404 = MECHANICAL_DESIGN_GEOMETRIC_PRESENTATION_REPRESENTATION (  '', ( #5381 ), #5955 ) ;
#6405 = FILL_AREA_STYLE_COLOUR ( '', #4135 ) ;
#6406 = FILL_AREA_STYLE ('',( #1300 ) ) ;
#6407 = EDGE_LOOP ( 'NONE', ( #9123, #1902, #3209, #7033 ) ) ;
#6408 = CARTESIAN_POINT ( 'NONE',  ( -0.9050000000000001377, -1.449999999999999956, -0.9513780793966000182 ) ) ;
#6409 = CARTESIAN_POINT ( 'NONE',  ( -8.131516293641283255E-17, 0.000000000000000000, 0.000000000000000000 ) ) ;
#6410 = ORIENTED_EDGE ( 'NONE', *, *, #3420, .T. ) ;
#6411 = EDGE_CURVE ( 'NONE', #1867, #504, #8988, .T. ) ;
#6412 = AXIS2_PLACEMENT_3D ( 'NONE', #6550, #821, #6505 ) ;
#6413 = COLOUR_RGB ( '',1.000000000000000000, 1.000000000000000000, 1.000000000000000000 ) ;
#6414 = COLOUR_RGB ( '',1.000000000000000000, 1.000000000000000000, 1.000000000000000000 ) ;
#6415 = LINE ( 'NONE', #9167, #3167 ) ;
#6416 = ORIENTED_EDGE ( 'NONE', *, *, #4225, .F. ) ;
#6417 = DIRECTION ( 'NONE',  ( 0.000000000000000000, 0.000000000000000000, -1.000000000000000000 ) ) ;
#6418 = FILL_AREA_STYLE ('',( #5004 ) ) ;
#6419 = PRESENTATION_LAYER_ASSIGNMENT (  '', '', ( #2625 ) ) ;
#6420 =( GEOMETRIC_REPRESENTATION_CONTEXT ( 3 ) GLOBAL_UNCERTAINTY_ASSIGNED_CONTEXT ( ( #8234 ) ) GLOBAL_UNIT_ASSIGNED_CONTEXT ( ( #299, #134, #1506 ) ) REPRESENTATION_CONTEXT ( 'NONE', 'WORKASPACE' ) );
#6421 = CARTESIAN_POINT ( 'NONE',  ( 1.610000000000000098, -0.5425320565518999549, -0.1000000000000000472 ) ) ;
#6422 = FILL_AREA_STYLE ('',( #6469 ) ) ;
#6423 = FILL_AREA_STYLE_COLOUR ( '', #2227 ) ;
#6424 = FILL_AREA_STYLE ('',( #8088 ) ) ;
#6425 = CARTESIAN_POINT ( 'NONE',  ( -1.750999999999999890, -0.5000000000000000000, -1.399999999999999911 ) ) ;
#6426 = DIRECTION ( 'NONE',  ( 1.000000000000000000, 0.000000000000000000, 0.000000000000000000 ) ) ;
#6427 = EDGE_CURVE ( 'NONE', #4962, #4409, #6890, .T. ) ;
#6428 = CIRCLE ( 'NONE', #2028, 0.1200000000000000372 ) ;
#6429 = AXIS2_PLACEMENT_3D ( 'NONE', #4257, #7066, #715 ) ;
#6430 = EDGE_CURVE ( 'NONE', #9024, #8206, #7592, .T. ) ;
#6431 = ORIENTED_EDGE ( 'NONE', *, *, #4442, .F. ) ;
#6432 = EDGE_CURVE ( 'NONE', #7892, #7849, #4136, .T. ) ;
#6433 = DIRECTION ( 'NONE',  ( 0.000000000000000000, 0.000000000000000000, -1.000000000000000000 ) ) ;
#6434 = CARTESIAN_POINT ( 'NONE',  ( 1.610000000000000098, 0.7618257577072999887, -0.1000000000000000472 ) ) ;
#6435 = CARTESIAN_POINT ( 'NONE',  ( 1.750000000000000000, 0.4000000000000000222, 0.000000000000000000 ) ) ;
#6436 = ORIENTED_EDGE ( 'NONE', *, *, #1199, .T. ) ;
#6437 = FILL_AREA_STYLE_COLOUR ( '', #1524 ) ;
#6438 = SURFACE_SIDE_STYLE ('',( #8594 ) ) ;
#6439 = PLANE ( 'NONE',  #1235 ) ;
#6440 = PLANE ( 'NONE',  #5525 ) ;
#6441 = CARTESIAN_POINT ( 'NONE',  ( -1.750999999999999668, 1.000000000000000000, -1.399000000000000021 ) ) ;
#6442 = ORIENTED_EDGE ( 'NONE', *, *, #7490, .T. ) ;
#6443 = DIRECTION ( 'NONE',  ( 0.000000000000000000, 1.000000000000000000, 0.000000000000000000 ) ) ;
#6444 = DIRECTION ( 'NONE',  ( -1.000000000000000000, 0.000000000000000000, 0.000000000000000000 ) ) ;
#6445 = UNCERTAINTY_MEASURE_WITH_UNIT (LENGTH_MEASURE( 1.000000000000000082E-05 ), #5452, 'distance_accuracy_value', 'NONE');
#6446 = COLOUR_RGB ( '',1.000000000000000000, 1.000000000000000000, 1.000000000000000000 ) ;
#6447 = EDGE_CURVE ( 'NONE', #2805, #4563, #6176, .T. ) ;
#6448 = ORIENTED_EDGE ( 'NONE', *, *, #462, .T. ) ;
#6449 = DIRECTION ( 'NONE',  ( 1.000000000000000000, 0.000000000000000000, 0.000000000000000000 ) ) ;
#6450 = PRESENTATION_STYLE_ASSIGNMENT (( #7848 ) ) ;
#6451 = EDGE_LOOP ( 'NONE', ( #1110, #6328, #7720, #2351, #7962, #4002 ) ) ;
#6452 =( GEOMETRIC_REPRESENTATION_CONTEXT ( 3 ) GLOBAL_UNCERTAINTY_ASSIGNED_CONTEXT ( ( #7114 ) ) GLOBAL_UNIT_ASSIGNED_CONTEXT ( ( #8722, #1127, #8109 ) ) REPRESENTATION_CONTEXT ( 'NONE', 'WORKASPACE' ) );
#6453 = EDGE_CURVE ( 'NONE', #4081, #8888, #3966, .T. ) ;
#6454 = CARTESIAN_POINT ( 'NONE',  ( 1.629999999999999893, -1.300000000000000044, 0.000000000000000000 ) ) ;
#6455 = SURFACE_STYLE_USAGE ( .BOTH. , #1540 ) ;
#6456 = EDGE_LOOP ( 'NONE', ( #4064, #2850, #421, #1440 ) ) ;
#6457 =( GEOMETRIC_REPRESENTATION_CONTEXT ( 3 ) GLOBAL_UNCERTAINTY_ASSIGNED_CONTEXT ( ( #5268 ) ) GLOBAL_UNIT_ASSIGNED_CONTEXT ( ( #5340, #342, #8828 ) ) REPRESENTATION_CONTEXT ( 'NONE', 'WORKASPACE' ) );
#6458 = SURFACE_STYLE_USAGE ( .BOTH. , #4912 ) ;
#6459 = EDGE_CURVE ( 'NONE', #9017, #6701, #5362, .T. ) ;
#6460 =( GEOMETRIC_REPRESENTATION_CONTEXT ( 3 ) GLOBAL_UNCERTAINTY_ASSIGNED_CONTEXT ( ( #4447 ) ) GLOBAL_UNIT_ASSIGNED_CONTEXT ( ( #2564, #4546, #1808 ) ) REPRESENTATION_CONTEXT ( 'NONE', 'WORKASPACE' ) );
#6461 =( LENGTH_UNIT ( ) NAMED_UNIT ( * ) SI_UNIT ( .MILLI., .METRE. ) );
#6462 = UNCERTAINTY_MEASURE_WITH_UNIT (LENGTH_MEASURE( 1.000000000000000082E-05 ), #2621, 'distance_accuracy_value', 'NONE');
#6463 = ORIENTED_EDGE ( 'NONE', *, *, #6720, .T. ) ;
#6464 = SURFACE_STYLE_USAGE ( .BOTH. , #3672 ) ;
#6465 =( GEOMETRIC_REPRESENTATION_CONTEXT ( 3 ) GLOBAL_UNCERTAINTY_ASSIGNED_CONTEXT ( ( #71 ) ) GLOBAL_UNIT_ASSIGNED_CONTEXT ( ( #3890, #1709, #5883 ) ) REPRESENTATION_CONTEXT ( 'NONE', 'WORKASPACE' ) );
#6466 = STYLED_ITEM ( 'NONE', ( #4254 ), #2548 ) ;
#6467 = PLANE ( 'NONE',  #648 ) ;
#6468 = PLANE ( 'NONE',  #3779 ) ;
#6469 = FILL_AREA_STYLE_COLOUR ( '', #6446 ) ;
#6470 = CIRCLE ( 'NONE', #5726, 0.1000000000000000472 ) ;
#6471 = MECHANICAL_DESIGN_GEOMETRIC_PRESENTATION_REPRESENTATION (  '', ( #3992 ), #6299 ) ;
#6472 = PRESENTATION_STYLE_ASSIGNMENT (( #2 ) ) ;
#6473 = DIRECTION ( 'NONE',  ( 0.000000000000000000, 0.000000000000000000, -1.000000000000000000 ) ) ;
#6474 = LINE ( 'NONE', #2314, #926 ) ;
#6475 = LINE ( 'NONE', #3734, #3165 ) ;
#6476 = COLOUR_RGB ( '',1.000000000000000000, 1.000000000000000000, 1.000000000000000000 ) ;
#6477 = VECTOR ( 'NONE', #9016, 1000.000000000000000 ) ;
#6478 = VERTEX_POINT ( 'NONE', #4693 ) ;
#6479 = VECTOR ( 'NONE', #621, 1000.000000000000000 ) ;
#6480 = DIRECTION ( 'NONE',  ( 0.000000000000000000, 0.000000000000000000, 1.000000000000000000 ) ) ;
#6481 = FILL_AREA_STYLE_COLOUR ( '', #81 ) ;
#6482 = LINE ( 'NONE', #8494, #2359 ) ;
#6483 =( NAMED_UNIT ( * ) SI_UNIT ( $, .STERADIAN. ) SOLID_ANGLE_UNIT ( ) );
#6484 = AXIS2_PLACEMENT_3D ( 'NONE', #7924, #5840, #8680 ) ;
#6485 = LINE ( 'NONE', #5064, #8612 ) ;
#6486 = SURFACE_STYLE_USAGE ( .BOTH. , #1659 ) ;
#6487 = PRESENTATION_LAYER_ASSIGNMENT (  '', '', ( #1182 ) ) ;
#6488 = LINE ( 'NONE', #1661, #3274 ) ;
#6489 = ORIENTED_EDGE ( 'NONE', *, *, #3276, .F. ) ;
#6490 =( LENGTH_UNIT ( ) NAMED_UNIT ( * ) SI_UNIT ( .MILLI., .METRE. ) );
#6491 = EDGE_CURVE ( 'NONE', #2701, #627, #7498, .T. ) ;
#6492 = SURFACE_SIDE_STYLE ('',( #5747 ) ) ;
#6493 = FACE_OUTER_BOUND ( 'NONE', #1680, .T. ) ;
#6494 = FACE_OUTER_BOUND ( 'NONE', #8259, .T. ) ;
#6495 = ADVANCED_FACE ( 'NONE', ( #7217 ), #1530, .T. ) ;
#6496 = DIRECTION ( 'NONE',  ( -1.000000000000000000, 0.000000000000000000, 0.000000000000000000 ) ) ;
#6497 = CARTESIAN_POINT ( 'NONE',  ( 2.079999999999999627, -0.5000000000000000000, -1.399999999999999911 ) ) ;
#6498 = ORIENTED_EDGE ( 'NONE', *, *, #3224, .F. ) ;
#6499 = DIRECTION ( 'NONE',  ( -0.000000000000000000, 1.000000000000000000, 0.000000000000000000 ) ) ;
#6500 = CARTESIAN_POINT ( 'NONE',  ( 0.08499999999998439359, 0.4540675543254999447, -2.584999999999998632 ) ) ;
#6501 = DIRECTION ( 'NONE',  ( 0.000000000000000000, 0.000000000000000000, 1.000000000000000000 ) ) ;
#6502 = LINE ( 'NONE', #159, #3548 ) ;
#6503 = EDGE_CURVE ( 'NONE', #3512, #6592, #4445, .T. ) ;
#6504 = ORIENTED_EDGE ( 'NONE', *, *, #8039, .F. ) ;
#6505 = DIRECTION ( 'NONE',  ( 0.000000000000000000, 0.000000000000000000, -1.000000000000000000 ) ) ;
#6506 = ORIENTED_EDGE ( 'NONE', *, *, #7137, .T. ) ;
#6507 = VERTEX_POINT ( 'NONE', #1671 ) ;
#6508 = CARTESIAN_POINT ( 'NONE',  ( 0.9049999999999999156, 1.449999999999999956, -1.302973369332799836 ) ) ;
#6509 = SURFACE_STYLE_USAGE ( .BOTH. , #1592 ) ;
#6510 = ORIENTED_EDGE ( 'NONE', *, *, #8657, .T. ) ;
#6511 = CARTESIAN_POINT ( 'NONE',  ( -1.300000000000000266, 1.399999999999999911, -0.006350832689599908258 ) ) ;
#6512 = FILL_AREA_STYLE ('',( #885 ) ) ;
#6513 = DIRECTION ( 'NONE',  ( -1.000000000000000000, 0.000000000000000000, 0.000000000000000000 ) ) ;
#6514 =( NAMED_UNIT ( * ) SI_UNIT ( $, .STERADIAN. ) SOLID_ANGLE_UNIT ( ) );
#6515 = ADVANCED_FACE ( 'NONE', ( #5030 ), #5663, .T. ) ;
#6516 = ORIENTED_EDGE ( 'NONE', *, *, #506, .T. ) ;
#6517 =( GEOMETRIC_REPRESENTATION_CONTEXT ( 3 ) GLOBAL_UNCERTAINTY_ASSIGNED_CONTEXT ( ( #1836 ) ) GLOBAL_UNIT_ASSIGNED_CONTEXT ( ( #1238, #6874, #2781 ) ) REPRESENTATION_CONTEXT ( 'NONE', 'WORKASPACE' ) );
#6518 = CIRCLE ( 'NONE', #1218, 0.1999999999999998723 ) ;
#6519 = CARTESIAN_POINT ( 'NONE',  ( -0.7049999999999999600, 1.449999999999999956, -0.9000000000000000222 ) ) ;
#6520 = DIRECTION ( 'NONE',  ( 0.000000000000000000, -1.000000000000000000, 0.000000000000000000 ) ) ;
#6521 = CARTESIAN_POINT ( 'NONE',  ( 0.9049999999999999156, -1.449999999999999956, -0.9000000000000000222 ) ) ;
#6522 = CARTESIAN_POINT ( 'NONE',  ( 1.750000000000000000, 1.449999999999999956, -0.9513780793966000182 ) ) ;
#6523 = PRESENTATION_STYLE_ASSIGNMENT (( #3735 ) ) ;
#6524 = VERTEX_POINT ( 'NONE', #5171 ) ;
#6525 = AXIS2_PLACEMENT_3D ( 'NONE', #7770, #9100, #3412 ) ;
#6526 = VECTOR ( 'NONE', #4658, 1000.000000000000000 ) ;
#6527 = FILL_AREA_STYLE_COLOUR ( '', #8759 ) ;
#6528 = FACE_OUTER_BOUND ( 'NONE', #2796, .T. ) ;
#6529 = CARTESIAN_POINT ( 'NONE',  ( 1.750000000000000000, -1.550000000000000044, -1.302973369332799836 ) ) ;
#6530 = CARTESIAN_POINT ( 'NONE',  ( -0.2799999999999987499, -0.4459324456745000775, -1.320000000000000062 ) ) ;
#6531 = SURFACE_SIDE_STYLE ('',( #2276 ) ) ;
#6532 = AXIS2_PLACEMENT_3D ( 'NONE', #6825, #344, #3385 ) ;
#6533 = VERTEX_POINT ( 'NONE', #5702 ) ;
#6534 = FILL_AREA_STYLE ('',( #1469 ) ) ;
#6535 = STYLED_ITEM ( 'NONE', ( #3091 ), #241 ) ;
#6536 =( NAMED_UNIT ( * ) PLANE_ANGLE_UNIT ( ) SI_UNIT ( $, .RADIAN. ) );
#6537 = STYLED_ITEM ( 'NONE', ( #2877 ), #8855 ) ;
#6538 =( NAMED_UNIT ( * ) SI_UNIT ( $, .STERADIAN. ) SOLID_ANGLE_UNIT ( ) );
#6539 = CARTESIAN_POINT ( 'NONE',  ( -1.750999999999999890, 0.5000000000000000000, -1.399000000000000021 ) ) ;
#6540 = DIRECTION ( 'NONE',  ( 1.000000000000000000, 0.000000000000000000, 0.000000000000000000 ) ) ;
#6541 = ORIENTED_EDGE ( 'NONE', *, *, #4845, .T. ) ;
#6542 =( LENGTH_UNIT ( ) NAMED_UNIT ( * ) SI_UNIT ( .MILLI., .METRE. ) );
#6543 = CARTESIAN_POINT ( 'NONE',  ( -1.600000000000000089, 1.449999999999999956, -1.101378079396600151 ) ) ;
#6544 = UNCERTAINTY_MEASURE_WITH_UNIT (LENGTH_MEASURE( 1.000000000000000082E-05 ), #8809, 'distance_accuracy_value', 'NONE');
#6545 = MECHANICAL_DESIGN_GEOMETRIC_PRESENTATION_REPRESENTATION (  '', ( #793 ), #7158 ) ;
#6546 = SURFACE_SIDE_STYLE ('',( #960 ) ) ;
#6547 = DIRECTION ( 'NONE',  ( 0.000000000000000000, 0.000000000000000000, 1.000000000000000000 ) ) ;
#6548 = EDGE_LOOP ( 'NONE', ( #4704, #1070, #3617, #7503, #264 ) ) ;
#6549 = EDGE_CURVE ( 'NONE', #3138, #7021, #7985, .T. ) ;
#6550 = CARTESIAN_POINT ( 'NONE',  ( 0.7049999999999998490, -1.549999999999999822, -0.9000000000000000222 ) ) ;
#6551 = VERTEX_POINT ( 'NONE', #2978 ) ;
#6552 = CIRCLE ( 'NONE', #8640, 0.1000000000000000472 ) ;
#6553 = CARTESIAN_POINT ( 'NONE',  ( 1.600000000000000089, -1.550000000000000044, -0.9513780793966000182 ) ) ;
#6554 = CARTESIAN_POINT ( 'NONE',  ( -1.300000000000000266, -1.449999999999999956, -0.1000000000000000472 ) ) ;
#6555 = ORIENTED_EDGE ( 'NONE', *, *, #1521, .T. ) ;
#6556 = EDGE_CURVE ( 'NONE', #5687, #1692, #628, .T. ) ;
#6557 = FILL_AREA_STYLE_COLOUR ( '', #1963 ) ;
#6558 = UNCERTAINTY_MEASURE_WITH_UNIT (LENGTH_MEASURE( 1.000000000000000082E-05 ), #6810, 'distance_accuracy_value', 'NONE');
#6559 = VECTOR ( 'NONE', #5470, 1000.000000000000000 ) ;
#6560 = ORIENTED_EDGE ( 'NONE', *, *, #4199, .F. ) ;
#6561 = FACE_OUTER_BOUND ( 'NONE', #957, .T. ) ;
#6562 = FACE_OUTER_BOUND ( 'NONE', #1898, .T. ) ;
#6563 = ORIENTED_EDGE ( 'NONE', *, *, #5471, .F. ) ;
#6564 = LINE ( 'NONE', #1501, #1603 ) ;
#6565 = VERTEX_POINT ( 'NONE', #4402 ) ;
#6566 = PRESENTATION_LAYER_ASSIGNMENT (  '', '', ( #7185 ) ) ;
#6567 = UNCERTAINTY_MEASURE_WITH_UNIT (LENGTH_MEASURE( 1.000000000000000082E-05 ), #5054, 'distance_accuracy_value', 'NONE');
#6568 = CARTESIAN_POINT ( 'NONE',  ( 0.4043210666065120140, 1.335834036457999918, -1.399999999999999911 ) ) ;
#6569 =( NAMED_UNIT ( * ) SI_UNIT ( $, .STERADIAN. ) SOLID_ANGLE_UNIT ( ) );
#6570 = DIRECTION ( 'NONE',  ( 0.000000000000000000, 0.000000000000000000, 1.000000000000000000 ) ) ;
#6571 = DIRECTION ( 'NONE',  ( 1.000000000000000000, 0.000000000000000000, 0.000000000000000000 ) ) ;
#6572 = ORIENTED_EDGE ( 'NONE', *, *, #6921, .T. ) ;
#6573 = PRODUCT_RELATED_PRODUCT_CATEGORY ( 'part', '', ( #1048 ) ) ;
#6574 = AXIS2_PLACEMENT_3D ( 'NONE', #8033, #8074, #8782 ) ;
#6575 = AXIS2_PLACEMENT_3D ( 'NONE', #5729, #1012, #7816 ) ;
#6576 = SURFACE_SIDE_STYLE ('',( #2542 ) ) ;
#6577 =( NAMED_UNIT ( * ) SI_UNIT ( $, .STERADIAN. ) SOLID_ANGLE_UNIT ( ) );
#6578 = CYLINDRICAL_SURFACE ( 'NONE', #4858, 0.1999999999999998723 ) ;
#6579 = DIRECTION ( 'NONE',  ( 0.000000000000000000, 0.000000000000000000, -1.000000000000000000 ) ) ;
#6580 =( NAMED_UNIT ( * ) SI_UNIT ( $, .STERADIAN. ) SOLID_ANGLE_UNIT ( ) );
#6581 = CARTESIAN_POINT ( 'NONE',  ( -1.610000000000000098, 0.7618257577072999887, 0.000000000000000000 ) ) ;
#6582 = SURFACE_SIDE_STYLE ('',( #1613 ) ) ;
#6583 = VERTEX_POINT ( 'NONE', #1579 ) ;
#6584 =( NAMED_UNIT ( * ) PLANE_ANGLE_UNIT ( ) SI_UNIT ( $, .RADIAN. ) );
#6585 =( NAMED_UNIT ( * ) SI_UNIT ( $, .STERADIAN. ) SOLID_ANGLE_UNIT ( ) );
#6586 = DIRECTION ( 'NONE',  ( 0.000000000000000000, 0.000000000000000000, -1.000000000000000000 ) ) ;
#6587 = VERTEX_POINT ( 'NONE', #3201 ) ;
#6588 = FILL_AREA_STYLE ('',( #3071 ) ) ;
#6589 = DIRECTION ( 'NONE',  ( 0.000000000000000000, 0.000000000000000000, 1.000000000000000000 ) ) ;
#6590 = SURFACE_STYLE_USAGE ( .BOTH. , #4710 ) ;
#6591 = DIRECTION ( 'NONE',  ( 0.000000000000000000, 1.000000000000000000, 0.000000000000000000 ) ) ;
#6592 = VERTEX_POINT ( 'NONE', #4621 ) ;
#6593 = CARTESIAN_POINT ( 'NONE',  ( -1.680000000000000160, 0.8709128788536000254, 0.000000000000000000 ) ) ;
#6594 = SURFACE_STYLE_FILL_AREA ( #8128 ) ;
#6595 = ORIENTED_EDGE ( 'NONE', *, *, #2738, .F. ) ;
#6596 = EDGE_CURVE ( 'NONE', #9143, #2492, #8735, .T. ) ;
#6597 = PRESENTATION_LAYER_ASSIGNMENT (  '', '', ( #7640 ) ) ;
#6598 =( NAMED_UNIT ( * ) SI_UNIT ( $, .STERADIAN. ) SOLID_ANGLE_UNIT ( ) );
#6599 = ORIENTED_EDGE ( 'NONE', *, *, #3475, .F. ) ;
#6600 = EDGE_CURVE ( 'NONE', #6811, #6398, #9080, .T. ) ;
#6601 = DIRECTION ( 'NONE',  ( 0.000000000000000000, 0.000000000000000000, -1.000000000000000000 ) ) ;
#6602 = CARTESIAN_POINT ( 'NONE',  ( 0.9049999999999999156, -1.327698927806999940, -0.9513780793966000182 ) ) ;
#6603 = ORIENTED_EDGE ( 'NONE', *, *, #8554, .T. ) ;
#6604 = VECTOR ( 'NONE', #749, 1000.000000000000000 ) ;
#6605 = CARTESIAN_POINT ( 'NONE',  ( 1.750000000000000000, 1.550000000000000044, -0.9513780793966000182 ) ) ;
#6606 =( LENGTH_UNIT ( ) NAMED_UNIT ( * ) SI_UNIT ( .MILLI., .METRE. ) );
#6607 = EDGE_LOOP ( 'NONE', ( #7534, #8151, #8894, #4247 ) ) ;
#6608 = CARTESIAN_POINT ( 'NONE',  ( -1.313397459622000163, -1.350000000000000089, 0.000000000000000000 ) ) ;
#6609 = ADVANCED_FACE ( 'NONE', ( #2425 ), #5889, .T. ) ;
#6610 = AXIS2_PLACEMENT_3D ( 'NONE', #2559, #3813, #8927 ) ;
#6611 = VERTEX_POINT ( 'NONE', #1842 ) ;
#6612 = FILL_AREA_STYLE_COLOUR ( '', #3695 ) ;
#6613 = CARTESIAN_POINT ( 'NONE',  ( -0.9050000000000001377, -1.449999999999999956, -0.9000000000000000222 ) ) ;
#6614 = EDGE_CURVE ( 'NONE', #1255, #4222, #1891, .T. ) ;
#6615 =( GEOMETRIC_REPRESENTATION_CONTEXT ( 3 ) GLOBAL_UNCERTAINTY_ASSIGNED_CONTEXT ( ( #5442 ) ) GLOBAL_UNIT_ASSIGNED_CONTEXT ( ( #3907, #3994, #5398 ) ) REPRESENTATION_CONTEXT ( 'NONE', 'WORKASPACE' ) );
#6616 = CARTESIAN_POINT ( 'NONE',  ( 1.610000000000000098, -0.7618257577072999887, -0.1000000000000000472 ) ) ;
#6617 = LINE ( 'NONE', #3269, #2393 ) ;
#6618 = ORIENTED_EDGE ( 'NONE', *, *, #2466, .T. ) ;
#6619 = VECTOR ( 'NONE', #2500, 1000.000000000000000 ) ;
#6620 = EDGE_CURVE ( 'NONE', #2146, #3767, #51, .T. ) ;
#6621 = VECTOR ( 'NONE', #8895, 1000.000000000000000 ) ;
#6622 = PRESENTATION_STYLE_ASSIGNMENT (( #3229 ) ) ;
#6623 = FACE_OUTER_BOUND ( 'NONE', #38, .T. ) ;
#6624 = VECTOR ( 'NONE', #1477, 1000.000000000000000 ) ;
#6625 = LINE ( 'NONE', #8679, #1079 ) ;
#6626 = AXIS2_PLACEMENT_3D ( 'NONE', #1624, #6501, #8604 ) ;
#6627 = SURFACE_STYLE_USAGE ( .BOTH. , #6582 ) ;
#6628 = ORIENTED_EDGE ( 'NONE', *, *, #6832, .F. ) ;
#6629 = FILL_AREA_STYLE ('',( #3403 ) ) ;
#6630 = VECTOR ( 'NONE', #8287, 1000.000000000000000 ) ;
#6631 = SURFACE_STYLE_FILL_AREA ( #3934 ) ;
#6632 = SURFACE_SIDE_STYLE ('',( #7304 ) ) ;
#6633 = VECTOR ( 'NONE', #1144, 1000.000000000000000 ) ;
#6634 = EDGE_CURVE ( 'NONE', #6741, #5180, #6846, .T. ) ;
#6635 = CARTESIAN_POINT ( 'NONE',  ( -1.750000000000000000, 1.550000000000000044, 0.000000000000000000 ) ) ;
#6636 = CARTESIAN_POINT ( 'NONE',  ( -1.454978131833564836, 1.974264068711928388, -1.008520936539456958 ) ) ;
#6637 = FILL_AREA_STYLE_COLOUR ( '', #5836 ) ;
#6638 = PRESENTATION_LAYER_ASSIGNMENT (  '', '', ( #572 ) ) ;
#6639 = LINE ( 'NONE', #5259, #877 ) ;
#6640 = EDGE_LOOP ( 'NONE', ( #1627, #1155, #6599, #7135 ) ) ;
#6641 = PRESENTATION_STYLE_ASSIGNMENT (( #3245 ) ) ;
#6642 = SURFACE_STYLE_USAGE ( .BOTH. , #5298 ) ;
#6643 = ORIENTED_EDGE ( 'NONE', *, *, #5418, .T. ) ;
#6644 =( NAMED_UNIT ( * ) SI_UNIT ( $, .STERADIAN. ) SOLID_ANGLE_UNIT ( ) );
#6645 = SURFACE_SIDE_STYLE ('',( #8977 ) ) ;
#6646 = ORIENTED_EDGE ( 'NONE', *, *, #1729, .F. ) ;
#6647 = DIRECTION ( 'NONE',  ( 0.000000000000000000, 0.000000000000000000, 1.000000000000000000 ) ) ;
#6648 = UNCERTAINTY_MEASURE_WITH_UNIT (LENGTH_MEASURE( 1.000000000000000082E-05 ), #7990, 'distance_accuracy_value', 'NONE');
#6649 = UNCERTAINTY_MEASURE_WITH_UNIT (LENGTH_MEASURE( 1.000000000000000082E-05 ), #2077, 'distance_accuracy_value', 'NONE');
#6650 = PRODUCT_CONTEXT ( 'NONE', #695, 'mechanical' ) ;
#6651 = LINE ( 'NONE', #5861, #9142 ) ;
#6652 = UNCERTAINTY_MEASURE_WITH_UNIT (LENGTH_MEASURE( 1.000000000000000082E-05 ), #4729, 'distance_accuracy_value', 'NONE');
#6653 = ORIENTED_EDGE ( 'NONE', *, *, #2876, .F. ) ;
#6654 = FILL_AREA_STYLE_COLOUR ( '', #5173 ) ;
#6655 = CARTESIAN_POINT ( 'NONE',  ( 1.350000000000000089, -1.449999999999999956, -0.9013780793965999738 ) ) ;
#6656 = ORIENTED_EDGE ( 'NONE', *, *, #5307, .T. ) ;
#6657 = SURFACE_STYLE_FILL_AREA ( #4513 ) ;
#6658 = CARTESIAN_POINT ( 'NONE',  ( 1.399999999999999911, 1.300000000000000044, 0.000000000000000000 ) ) ;
#6659 = VERTEX_POINT ( 'NONE', #3151 ) ;
#6660 = PLANE ( 'NONE',  #5572 ) ;
#6661 = FILL_AREA_STYLE_COLOUR ( '', #3037 ) ;
#6662 = COLOUR_RGB ( '',0.4117647058823529216, 0.4117647058823529216, 0.4117647058823529216 ) ;
#6663 = ORIENTED_EDGE ( 'NONE', *, *, #8345, .T. ) ;
#6664 = EDGE_CURVE ( 'NONE', #152, #8948, #8783, .T. ) ;
#6665 = MECHANICAL_DESIGN_GEOMETRIC_PRESENTATION_REPRESENTATION (  '', ( #16 ), #1812 ) ;
#6666 = CARTESIAN_POINT ( 'NONE',  ( 1.399999999999999911, 1.399999999999999911, 1.698556084261999999 ) ) ;
#6667 = VECTOR ( 'NONE', #3507, 1000.000000000000000 ) ;
#6668 = PLANE ( 'NONE',  #2334 ) ;
#6669 = ADVANCED_FACE ( 'NONE', ( #5387 ), #4177, .T. ) ;
#6670 = FILL_AREA_STYLE ('',( #3232 ) ) ;
#6671 = DIRECTION ( 'NONE',  ( 1.000000000000000000, 0.000000000000000000, 0.000000000000000000 ) ) ;
#6672 =( GEOMETRIC_REPRESENTATION_CONTEXT ( 3 ) GLOBAL_UNCERTAINTY_ASSIGNED_CONTEXT ( ( #419 ) ) GLOBAL_UNIT_ASSIGNED_CONTEXT ( ( #6490, #1664, #6392 ) ) REPRESENTATION_CONTEXT ( 'NONE', 'WORKASPACE' ) );
#6673 =( GEOMETRIC_REPRESENTATION_CONTEXT ( 3 ) GLOBAL_UNCERTAINTY_ASSIGNED_CONTEXT ( ( #7752 ) ) GLOBAL_UNIT_ASSIGNED_CONTEXT ( ( #5383, #3467, #6107 ) ) REPRESENTATION_CONTEXT ( 'NONE', 'WORKASPACE' ) );
#6674 = AXIS2_PLACEMENT_3D ( 'NONE', #4331, #7769, #6377 ) ;
#6675 = ORIENTED_EDGE ( 'NONE', *, *, #2289, .F. ) ;
#6676 = APPLICATION_CONTEXT ( 'automotive_design' ) ;
#6677 = FILL_AREA_STYLE_COLOUR ( '', #2743 ) ;
#6678 = FILL_AREA_STYLE ('',( #5968 ) ) ;
#6679 = AXIS2_PLACEMENT_3D ( 'NONE', #4227, #6306, #1496 ) ;
#6680 = FILL_AREA_STYLE_COLOUR ( '', #4814 ) ;
#6681 = DIRECTION ( 'NONE',  ( 1.000000000000000000, -0.000000000000000000, -0.000000000000000000 ) ) ;
#6682 = DIRECTION ( 'NONE',  ( 0.000000000000000000, -1.000000000000000000, 0.000000000000000000 ) ) ;
#6683 = ORIENTED_EDGE ( 'NONE', *, *, #5748, .T. ) ;
#6684 = EDGE_CURVE ( 'NONE', #5574, #5666, #776, .T. ) ;
#6685 = SURFACE_STYLE_FILL_AREA ( #6119 ) ;
#6686 = EDGE_LOOP ( 'NONE', ( #4864, #862, #6391, #3651 ) ) ;
#6687 =( NAMED_UNIT ( * ) PLANE_ANGLE_UNIT ( ) SI_UNIT ( $, .RADIAN. ) );
#6688 = SURFACE_STYLE_USAGE ( .BOTH. , #6645 ) ;
#6689 = PRESENTATION_LAYER_ASSIGNMENT (  '', '', ( #3181 ) ) ;
#6690 = EDGE_LOOP ( 'NONE', ( #2118, #4531, #1856, #7714 ) ) ;
#6691 = PRESENTATION_LAYER_ASSIGNMENT (  '', '', ( #3185 ) ) ;
#6692 = DIRECTION ( 'NONE',  ( -1.000000000000000000, 0.000000000000000000, 0.000000000000000000 ) ) ;
#6693 = ORIENTED_EDGE ( 'NONE', *, *, #3143, .T. ) ;
#6694 = SURFACE_STYLE_USAGE ( .BOTH. , #4737 ) ;
#6695 = VECTOR ( 'NONE', #3236, 1000.000000000000000 ) ;
#6696 = LINE ( 'NONE', #6082, #3121 ) ;
#6697 = VERTEX_POINT ( 'NONE', #2798 ) ;
#6698 = EDGE_CURVE ( 'NONE', #2666, #4544, #4360, .T. ) ;
#6699 = SURFACE_SIDE_STYLE ('',( #4600 ) ) ;
#6700 = SURFACE_STYLE_USAGE ( .BOTH. , #1076 ) ;
#6701 = VERTEX_POINT ( 'NONE', #7801 ) ;
#6702 =( NAMED_UNIT ( * ) PLANE_ANGLE_UNIT ( ) SI_UNIT ( $, .RADIAN. ) );
#6703 = VECTOR ( 'NONE', #5300, 1000.000000000000000 ) ;
#6704 = DIRECTION ( 'NONE',  ( 0.000000000000000000, 0.000000000000000000, 1.000000000000000000 ) ) ;
#6705 = CARTESIAN_POINT ( 'NONE',  ( -1.750000000000000000, 1.335834036457999918, -0.9513780793966000182 ) ) ;
#6706 = ORIENTED_EDGE ( 'NONE', *, *, #1717, .T. ) ;
#6707 = SURFACE_SIDE_STYLE ('',( #4752 ) ) ;
#6708 = AXIS2_PLACEMENT_3D ( 'NONE', #5006, #47, #7723 ) ;
#6709 = AXIS2_PLACEMENT_3D ( 'NONE', #1229, #4620, #4069 ) ;
#6710 = CARTESIAN_POINT ( 'NONE',  ( -0.4043210666065122361, 1.335834036457999918, -1.399999999999999911 ) ) ;
#6711 = DIRECTION ( 'NONE',  ( 1.000000000000000000, 0.000000000000000000, 0.000000000000000000 ) ) ;
#6712 =( NAMED_UNIT ( * ) SI_UNIT ( $, .STERADIAN. ) SOLID_ANGLE_UNIT ( ) );
#6713 = EDGE_CURVE ( 'NONE', #2666, #1707, #8562, .T. ) ;
#6714 = DIRECTION ( 'NONE',  ( 0.000000000000000000, 0.000000000000000000, 1.000000000000000000 ) ) ;
#6715 = SURFACE_STYLE_USAGE ( .BOTH. , #512 ) ;
#6716 = PRESENTATION_LAYER_ASSIGNMENT (  '', '', ( #4820 ) ) ;
#6717 = ADVANCED_FACE ( 'NONE', ( #630 ), #2096, .F. ) ;
#6718 = MECHANICAL_DESIGN_GEOMETRIC_PRESENTATION_REPRESENTATION (  '', ( #7185 ), #2171 ) ;
#6719 = ORIENTED_EDGE ( 'NONE', *, *, #5552, .F. ) ;
#6720 = EDGE_CURVE ( 'NONE', #3178, #4081, #7181, .T. ) ;
#6721 = DIRECTION ( 'NONE',  ( -0.000000000000000000, -0.000000000000000000, -1.000000000000000000 ) ) ;
#6722 =( LENGTH_UNIT ( ) NAMED_UNIT ( * ) SI_UNIT ( .MILLI., .METRE. ) );
#6723 = FACE_OUTER_BOUND ( 'NONE', #490, .T. ) ;
#6724 = FACE_OUTER_BOUND ( 'NONE', #4406, .T. ) ;
#6725 = CARTESIAN_POINT ( 'NONE',  ( -1.600000000000000089, -1.449999999999999956, -1.101378079396600151 ) ) ;
#6726 = DIRECTION ( 'NONE',  ( 0.000000000000000000, -0.9931725334838162889, -0.1166546987195020285 ) ) ;
#6727 = ORIENTED_EDGE ( 'NONE', *, *, #5418, .F. ) ;
#6728 = FACE_OUTER_BOUND ( 'NONE', #7590, .T. ) ;
#6729 = STYLED_ITEM ( 'NONE', ( #6346 ), #7867 ) ;
#6730 = VERTEX_POINT ( 'NONE', #6408 ) ;
#6731 = EDGE_CURVE ( 'NONE', #3074, #3512, #7031, .T. ) ;
#6732 = LINE ( 'NONE', #3856, #3246 ) ;
#6733 = VERTEX_POINT ( 'NONE', #6356 ) ;
#6734 = DIRECTION ( 'NONE',  ( 1.000000000000000000, 0.000000000000000000, 0.000000000000000000 ) ) ;
#6735 = DIRECTION ( 'NONE',  ( -0.000000000000000000, 1.000000000000000000, -0.000000000000000000 ) ) ;
#6736 = VERTEX_POINT ( 'NONE', #4869 ) ;
#6737 = CARTESIAN_POINT ( 'NONE',  ( 1.629999999999999893, 1.180000000000000160, 1.698556084261999999 ) ) ;
#6738 = DIRECTION ( 'NONE',  ( 0.000000000000000000, 0.000000000000000000, -1.000000000000000000 ) ) ;
#6739 = SURFACE_STYLE_FILL_AREA ( #2344 ) ;
#6740 = UNCERTAINTY_MEASURE_WITH_UNIT (LENGTH_MEASURE( 1.000000000000000082E-05 ), #5498, 'distance_accuracy_value', 'NONE');
#6741 = VERTEX_POINT ( 'NONE', #2152 ) ;
#6742 = FILL_AREA_STYLE ('',( #3961 ) ) ;
#6743 = PRESENTATION_STYLE_ASSIGNMENT (( #538 ) ) ;
#6745 = ORIENTED_EDGE ( 'NONE', *, *, #6596, .T. ) ;
#6744 = EDGE_CURVE ( 'NONE', #6524, #4995, #1441, .T. ) ;
#6746 =( GEOMETRIC_REPRESENTATION_CONTEXT ( 3 ) GLOBAL_UNCERTAINTY_ASSIGNED_CONTEXT ( ( #2980 ) ) GLOBAL_UNIT_ASSIGNED_CONTEXT ( ( #741, #4278, #7768 ) ) REPRESENTATION_CONTEXT ( 'NONE', 'WORKASPACE' ) );
#6747 = CARTESIAN_POINT ( 'NONE',  ( -1.350000000000000089, 1.550000000000000044, -0.1999999999999999833 ) ) ;
#6748 = VERTEX_POINT ( 'NONE', #1348 ) ;
#6749 = ADVANCED_FACE ( 'NONE', ( #8519 ), #6302, .F. ) ;
#6750 = DIRECTION ( 'NONE',  ( 1.000000000000000000, 0.000000000000000000, 0.000000000000000000 ) ) ;
#6751 = CARTESIAN_POINT ( 'NONE',  ( -1.350000000000000089, -1.449999999999999956, -0.1000000000000000472 ) ) ;
#6752 = CARTESIAN_POINT ( 'NONE',  ( -1.399999999999999911, -1.300000000000000044, 0.000000000000000000 ) ) ;
#6753 = ORIENTED_EDGE ( 'NONE', *, *, #5178, .F. ) ;
#6754 = DIRECTION ( 'NONE',  ( -1.000000000000000000, 0.000000000000000000, 0.000000000000000000 ) ) ;
#6755 = FACE_OUTER_BOUND ( 'NONE', #5029, .T. ) ;
#6756 = CIRCLE ( 'NONE', #5564, 0.8750000000000000000 ) ;
#6757 = LINE ( 'NONE', #3188, #8092 ) ;
#6758 = DIRECTION ( 'NONE',  ( 0.000000000000000000, 0.000000000000000000, -1.000000000000000000 ) ) ;
#6759 = ORIENTED_EDGE ( 'NONE', *, *, #5732, .T. ) ;
#6760 = FILL_AREA_STYLE ('',( #3099 ) ) ;
#6761 = CARTESIAN_POINT ( 'NONE',  ( 0.6000000000000003109, 0.4540675543254998892, -1.299999999999998712 ) ) ;
#6762 = COLOUR_RGB ( '',1.000000000000000000, 1.000000000000000000, 1.000000000000000000 ) ;
#6763 = PRESENTATION_LAYER_ASSIGNMENT (  '', '', ( #3563 ) ) ;
#6764 = ORIENTED_EDGE ( 'NONE', *, *, #3384, .F. ) ;
#6765 = AXIS2_PLACEMENT_3D ( 'NONE', #5454, #1823, #6750 ) ;
#6766 = CARTESIAN_POINT ( 'NONE',  ( -1.500000000000000222, -0.2459324456744999832, -1.320000000000000062 ) ) ;
#6767 = SURFACE_STYLE_USAGE ( .BOTH. , #1137 ) ;
#6768 = CIRCLE ( 'NONE', #868, 0.1000000000000000472 ) ;
#6769 = VECTOR ( 'NONE', #4990, 1000.000000000000000 ) ;
#6770 = DIRECTION ( 'NONE',  ( 0.004785358029998939070, -0.9999885501087124595, 0.000000000000000000 ) ) ;
#6771 = SURFACE_STYLE_FILL_AREA ( #3239 ) ;
#6772 = PRESENTATION_LAYER_ASSIGNMENT (  '', '', ( #710 ) ) ;
#6773 = ORIENTED_EDGE ( 'NONE', *, *, #1033, .T. ) ;
#6774 = AXIS2_PLACEMENT_3D ( 'NONE', #5321, #411, #4054 ) ;
#6775 = VERTEX_POINT ( 'NONE', #7317 ) ;
#6776 =( LENGTH_UNIT ( ) NAMED_UNIT ( * ) SI_UNIT ( .MILLI., .METRE. ) );
#6777 = CIRCLE ( 'NONE', #2245, 0.1499999999999999667 ) ;
#6778 = SURFACE_SIDE_STYLE ('',( #6594 ) ) ;
#6779 = MECHANICAL_DESIGN_GEOMETRIC_PRESENTATION_REPRESENTATION (  '', ( #1182 ), #8121 ) ;
#6780 = ORIENTED_EDGE ( 'NONE', *, *, #8687, .T. ) ;
#6781 = EDGE_CURVE ( 'NONE', #7838, #1605, #5979, .T. ) ;
#6782 = FACE_OUTER_BOUND ( 'NONE', #5735, .T. ) ;
#6783 = CARTESIAN_POINT ( 'NONE',  ( 1.350000000000000089, -1.449999999999999956, -0.9513780793966000182 ) ) ;
#6784 = DIRECTION ( 'NONE',  ( 1.000000000000000000, 0.000000000000000000, 0.000000000000000000 ) ) ;
#6785 = EDGE_LOOP ( 'NONE', ( #5996, #6355, #6416, #486 ) ) ;
#6786 = MECHANICAL_DESIGN_GEOMETRIC_PRESENTATION_REPRESENTATION (  '', ( #8723 ), #1787 ) ;
#6787 = LINE ( 'NONE', #2566, #7341 ) ;
#6788 = EDGE_CURVE ( 'NONE', #2524, #7586, #4588, .T. ) ;
#6789 = CARTESIAN_POINT ( 'NONE',  ( -1.750000000000000000, 1.000000000000000000, -1.399000000000000021 ) ) ;
#6790 = FILL_AREA_STYLE_COLOUR ( '', #8406 ) ;
#6791 = EDGE_LOOP ( 'NONE', ( #2596, #457, #6448, #3659 ) ) ;
#6792 = DIRECTION ( 'NONE',  ( 0.000000000000000000, 0.000000000000000000, 1.000000000000000000 ) ) ;
#6793 = ORIENTED_EDGE ( 'NONE', *, *, #1887, .T. ) ;
#6794 = DIRECTION ( 'NONE',  ( 1.000000000000000000, 0.000000000000000000, 0.000000000000000000 ) ) ;
#6795 = ORIENTED_EDGE ( 'NONE', *, *, #9027, .T. ) ;
#6796 = SURFACE_SIDE_STYLE ('',( #6036 ) ) ;
#6797 = CARTESIAN_POINT ( 'NONE',  ( -1.350000000000000089, -1.449999999999999956, -1.051378079396599885 ) ) ;
#6798 = DIRECTION ( 'NONE',  ( 1.000000000000000000, 0.000000000000000000, 0.000000000000000000 ) ) ;
#6799 = CYLINDRICAL_SURFACE ( 'NONE', #7946, 0.1499999999999999667 ) ;
#6800 = ORIENTED_EDGE ( 'NONE', *, *, #2895, .T. ) ;
#6801 =( NAMED_UNIT ( * ) PLANE_ANGLE_UNIT ( ) SI_UNIT ( $, .RADIAN. ) );
#6802 = EDGE_CURVE ( 'NONE', #6736, #4029, #7393, .T. ) ;
#6803 = FILL_AREA_STYLE ('',( #1971 ) ) ;
#6804 = DIRECTION ( 'NONE',  ( 0.000000000000000000, 0.000000000000000000, -1.000000000000000000 ) ) ;
#6805 = DIRECTION ( 'NONE',  ( -1.000000000000000000, 0.000000000000000000, 0.000000000000000000 ) ) ;
#6806 = VECTOR ( 'NONE', #3366, 1000.000000000000000 ) ;
#6807 = DIRECTION ( 'NONE',  ( 1.000000000000000000, 0.000000000000000000, 0.000000000000000000 ) ) ;
#6808 = DIRECTION ( 'NONE',  ( 1.000000000000000000, 0.000000000000000000, 0.000000000000000000 ) ) ;
#6809 = DIRECTION ( 'NONE',  ( 1.000000000000000000, 0.000000000000000000, 0.000000000000000000 ) ) ;
#6810 =( LENGTH_UNIT ( ) NAMED_UNIT ( * ) SI_UNIT ( .MILLI., .METRE. ) );
#6811 = VERTEX_POINT ( 'NONE', #3717 ) ;
#6812 = SURFACE_STYLE_FILL_AREA ( #8261 ) ;
#6813 = FACE_OUTER_BOUND ( 'NONE', #5661, .T. ) ;
#6814 = CARTESIAN_POINT ( 'NONE',  ( 1.500000000000000222, -0.2459324456744986509, -1.369999999999999885 ) ) ;
#6815 = VECTOR ( 'NONE', #1700, 1000.000000000000000 ) ;
#6816 = PRESENTATION_LAYER_ASSIGNMENT (  '', '', ( #8907 ) ) ;
#6817 = VERTEX_POINT ( 'NONE', #2297 ) ;
#6818 = ORIENTED_EDGE ( 'NONE', *, *, #3475, .T. ) ;
#6819 = DIRECTION ( 'NONE',  ( 0.000000000000000000, 0.1166546987195020285, -0.9931725334838162889 ) ) ;
#6820 = FILL_AREA_STYLE_COLOUR ( '', #8395 ) ;
#6821 = CIRCLE ( 'NONE', #6525, 0.1499999999999999667 ) ;
#6822 = CIRCLE ( 'NONE', #8766, 0.1200000000000000372 ) ;
#6823 = ORIENTED_EDGE ( 'NONE', *, *, #4173, .T. ) ;
#6824 = MECHANICAL_DESIGN_GEOMETRIC_PRESENTATION_REPRESENTATION (  '', ( #8164 ), #33 ) ;
#6825 = CARTESIAN_POINT ( 'NONE',  ( 1.750000000000000000, -1.550000000000000044, -0.9513780793966000182 ) ) ;
#6826 = SURFACE_SIDE_STYLE ('',( #4815 ) ) ;
#6827 = ORIENTED_EDGE ( 'NONE', *, *, #7781, .T. ) ;
#6828 = ADVANCED_FACE ( 'NONE', ( #5936 ), #8655, .F. ) ;
#6829 = UNCERTAINTY_MEASURE_WITH_UNIT (LENGTH_MEASURE( 1.000000000000000082E-05 ), #8580, 'distance_accuracy_value', 'NONE');
#6830 = CARTESIAN_POINT ( 'NONE',  ( -1.750000000000000000, 0.4000000000000000222, 0.000000000000000000 ) ) ;
#6831 = VECTOR ( 'NONE', #2491, 1000.000000000000000 ) ;
#6832 = EDGE_CURVE ( 'NONE', #1882, #3061, #6552, .T. ) ;
#6833 = VERTEX_POINT ( 'NONE', #8698 ) ;
#6834 = DIRECTION ( 'NONE',  ( 0.000000000000000000, 0.000000000000000000, 1.000000000000000000 ) ) ;
#6835 = CARTESIAN_POINT ( 'NONE',  ( -1.104999999999999982, -3.500000000000000000, -1.102973369332799658 ) ) ;
#6836 = ORIENTED_EDGE ( 'NONE', *, *, #8882, .F. ) ;
#6837 = STYLED_ITEM ( 'NONE', ( #2338 ), #317 ) ;
#6838 = ADVANCED_FACE ( 'NONE', ( #3768 ), #5266, .F. ) ;
#6839 = FILL_AREA_STYLE ('',( #1161 ) ) ;
#6840 = PRESENTATION_LAYER_ASSIGNMENT (  '', '', ( #5058 ) ) ;
#6841 =( LENGTH_UNIT ( ) NAMED_UNIT ( * ) SI_UNIT ( .MILLI., .METRE. ) );
#6842 = ORIENTED_EDGE ( 'NONE', *, *, #8252, .F. ) ;
#6843 = CARTESIAN_POINT ( 'NONE',  ( -0.9050000000000001377, -1.550000000000000044, -0.6999999999999999556 ) ) ;
#6844 = CARTESIAN_POINT ( 'NONE',  ( 1.750000000000000000, -1.180000000000000160, -0.1000000000000000472 ) ) ;
#6845 = UNCERTAINTY_MEASURE_WITH_UNIT (LENGTH_MEASURE( 1.000000000000000082E-05 ), #2041, 'distance_accuracy_value', 'NONE');
#6846 = CIRCLE ( 'NONE', #2891, 0.1000000000000000194 ) ;
#6847 = STYLED_ITEM ( 'NONE', ( #358 ), #9162 ) ;
#6848 = EDGE_LOOP ( 'NONE', ( #2780, #5474, #2605, #2196, #5016, #8072 ) ) ;
#6849 = DIRECTION ( 'NONE',  ( -1.000000000000000000, 0.000000000000000000, 0.000000000000000000 ) ) ;
#6850 = CARTESIAN_POINT ( 'NONE',  ( 1.399999999999999911, 1.300000000000000044, -0.1000000000000000472 ) ) ;
#6851 = PLANE ( 'NONE',  #2643 ) ;
#6852 = DIRECTION ( 'NONE',  ( 0.000000000000000000, 0.000000000000000000, 1.000000000000000000 ) ) ;
#6853 = PRESENTATION_LAYER_ASSIGNMENT (  '', '', ( #7170 ) ) ;
#6854 = AXIS2_PLACEMENT_3D ( 'NONE', #4784, #8242, #6794 ) ;
#6855 = LINE ( 'NONE', #7554, #2763 ) ;
#6856 = DIRECTION ( 'NONE',  ( 0.000000000000000000, 0.000000000000000000, -1.000000000000000000 ) ) ;
#6857 = CARTESIAN_POINT ( 'NONE',  ( 1.399999999999999911, 1.300000000000000044, -0.1000000000000000472 ) ) ;
#6858 = FILL_AREA_STYLE ('',( #8911 ) ) ;
#6859 = ADVANCED_FACE ( 'NONE', ( #5482 ), #3431, .T. ) ;
#6860 = DIRECTION ( 'NONE',  ( 0.000000000000000000, 0.000000000000000000, 1.000000000000000000 ) ) ;
#6861 = PRESENTATION_LAYER_ASSIGNMENT (  '', '', ( #3939 ) ) ;
#6862 = VECTOR ( 'NONE', #4806, 1000.000000000000000 ) ;
#6863 = ORIENTED_EDGE ( 'NONE', *, *, #2968, .F. ) ;
#6864 = DIRECTION ( 'NONE',  ( 1.000000000000000000, 0.000000000000000000, 0.000000000000000000 ) ) ;
#6865 = EDGE_CURVE ( 'NONE', #5180, #2477, #2600, .T. ) ;
#6866 =( NAMED_UNIT ( * ) PLANE_ANGLE_UNIT ( ) SI_UNIT ( $, .RADIAN. ) );
#6867 = CARTESIAN_POINT ( 'NONE',  ( 0.9049999999999999156, -1.449999999999999956, -0.9513780793966000182 ) ) ;
#6868 = MECHANICAL_DESIGN_GEOMETRIC_PRESENTATION_REPRESENTATION (  '', ( #1269 ), #965 ) ;
#6869 = SURFACE_STYLE_FILL_AREA ( #382 ) ;
#6870 = ORIENTED_EDGE ( 'NONE', *, *, #6976, .F. ) ;
#6871 = DIRECTION ( 'NONE',  ( 0.000000000000000000, 0.000000000000000000, 1.000000000000000000 ) ) ;
#6872 = VERTEX_POINT ( 'NONE', #4117 ) ;
#6873 = MECHANICAL_DESIGN_GEOMETRIC_PRESENTATION_REPRESENTATION (  '', ( #1417 ), #7336 ) ;
#6874 =( NAMED_UNIT ( * ) PLANE_ANGLE_UNIT ( ) SI_UNIT ( $, .RADIAN. ) );
#6875 = PRESENTATION_LAYER_ASSIGNMENT (  '', '', ( #7475 ) ) ;
#6876 = FILL_AREA_STYLE_COLOUR ( '', #8701 ) ;
#6877 = ORIENTED_EDGE ( 'NONE', *, *, #2310, .T. ) ;
#6878 = FILL_AREA_STYLE_COLOUR ( '', #8555 ) ;
#6879 = ORIENTED_EDGE ( 'NONE', *, *, #2628, .T. ) ;
#6880 = PRESENTATION_LAYER_ASSIGNMENT (  '', '', ( #3809 ) ) ;
#6881 = CARTESIAN_POINT ( 'NONE',  ( 1.299999999999998934, -0.4459324456745000775, -1.320000000000000062 ) ) ;
#6882 = DIRECTION ( 'NONE',  ( -0.000000000000000000, 1.000000000000000000, -0.000000000000000000 ) ) ;
#6883 = ORIENTED_EDGE ( 'NONE', *, *, #9133, .F. ) ;
#6884 = FILL_AREA_STYLE ('',( #5668 ) ) ;
#6885 = CARTESIAN_POINT ( 'NONE',  ( 0.9049999999999999156, 1.435834036458000007, -1.739999999999999769 ) ) ;
#6886 = ORIENTED_EDGE ( 'NONE', *, *, #2909, .T. ) ;
#6887 = VECTOR ( 'NONE', #6681, 1000.000000000000000 ) ;
#6888 = EDGE_CURVE ( 'NONE', #523, #5406, #3951, .T. ) ;
#6889 = ORIENTED_EDGE ( 'NONE', *, *, #3773, .F. ) ;
#6890 = LINE ( 'NONE', #2663, #6621 ) ;
#6891 =( LENGTH_UNIT ( ) NAMED_UNIT ( * ) SI_UNIT ( .MILLI., .METRE. ) );
#6892 = LINE ( 'NONE', #2757, #3763 ) ;
#6893 =( LENGTH_UNIT ( ) NAMED_UNIT ( * ) SI_UNIT ( .MILLI., .METRE. ) );
#6894 = ORIENTED_EDGE ( 'NONE', *, *, #873, .F. ) ;
#6895 = FACE_OUTER_BOUND ( 'NONE', #2992, .T. ) ;
#6896 =( LENGTH_UNIT ( ) NAMED_UNIT ( * ) SI_UNIT ( .MILLI., .METRE. ) );
#6897 = LINE ( 'NONE', #8154, #1375 ) ;
#6898 = EDGE_CURVE ( 'NONE', #18, #2336, #7003, .T. ) ;
#6899 = FACE_OUTER_BOUND ( 'NONE', #8928, .T. ) ;
#6900 =( NAMED_UNIT ( * ) SI_UNIT ( $, .STERADIAN. ) SOLID_ANGLE_UNIT ( ) );
#6901 =( GEOMETRIC_REPRESENTATION_CONTEXT ( 3 ) GLOBAL_UNCERTAINTY_ASSIGNED_CONTEXT ( ( #8510 ) ) GLOBAL_UNIT_ASSIGNED_CONTEXT ( ( #5373, #4018, #4756 ) ) REPRESENTATION_CONTEXT ( 'NONE', 'WORKASPACE' ) );
#6902 = DIRECTION ( 'NONE',  ( 0.000000000000000000, 0.000000000000000000, -1.000000000000000000 ) ) ;
#6903 = CARTESIAN_POINT ( 'NONE',  ( -0.9050000000000001377, 1.449999999999999956, -0.9000000000000000222 ) ) ;
#6904 = UNCERTAINTY_MEASURE_WITH_UNIT (LENGTH_MEASURE( 1.000000000000000082E-05 ), #659, 'distance_accuracy_value', 'NONE');
#6905 = EDGE_CURVE ( 'NONE', #7242, #523, #3343, .T. ) ;
#6906 = ORIENTED_EDGE ( 'NONE', *, *, #2787, .F. ) ;
#6907 = AXIS2_PLACEMENT_3D ( 'NONE', #6384, #5648, #6433 ) ;
#6908 = CARTESIAN_POINT ( 'NONE',  ( -2.299999999999999822, 0.5000000000000000000, -1.399999999999999911 ) ) ;
#6909 = DIRECTION ( 'NONE',  ( -0.9999885501087122375, -0.004785358029999060500, 0.000000000000000000 ) ) ;
#6910 = DIRECTION ( 'NONE',  ( 0.000000000000000000, 0.000000000000000000, -1.000000000000000000 ) ) ;
#6911 = SURFACE_SIDE_STYLE ('',( #6771 ) ) ;
#6912 = AXIS2_PLACEMENT_3D ( 'NONE', #6074, #346, #7536 ) ;
#6913 = ORIENTED_EDGE ( 'NONE', *, *, #7490, .F. ) ;
#6914 = CARTESIAN_POINT ( 'NONE',  ( -1.750000000000000000, -0.9799999999999999822, 0.000000000000000000 ) ) ;
#6915 = EDGE_LOOP ( 'NONE', ( #6122, #7510, #20, #536 ) ) ;
#6916 = SURFACE_STYLE_USAGE ( .BOTH. , #4114 ) ;
#6917 =( GEOMETRIC_REPRESENTATION_CONTEXT ( 3 ) GLOBAL_UNCERTAINTY_ASSIGNED_CONTEXT ( ( #9154 ) ) GLOBAL_UNIT_ASSIGNED_CONTEXT ( ( #4617, #7471, #1666 ) ) REPRESENTATION_CONTEXT ( 'NONE', 'WORKASPACE' ) );
#6918 = PRESENTATION_LAYER_ASSIGNMENT (  '', '', ( #5879 ) ) ;
#6919 = FACE_OUTER_BOUND ( 'NONE', #8, .T. ) ;
#6920 = ORIENTED_EDGE ( 'NONE', *, *, #8398, .T. ) ;
#6921 = EDGE_CURVE ( 'NONE', #3747, #6524, #3932, .T. ) ;
#6922 = PRESENTATION_LAYER_ASSIGNMENT (  '', '', ( #7657 ) ) ;
#6923 = CIRCLE ( 'NONE', #8858, 0.1000000000000000472 ) ;
#6924 = FILL_AREA_STYLE_COLOUR ( '', #5241 ) ;
#6925 = EDGE_LOOP ( 'NONE', ( #8587, #4668, #2830, #8971 ) ) ;
#6926 = DIRECTION ( 'NONE',  ( 0.000000000000000000, 1.000000000000000000, 0.000000000000000000 ) ) ;
#6927 = UNCERTAINTY_MEASURE_WITH_UNIT (LENGTH_MEASURE( 1.000000000000000082E-05 ), #3741, 'distance_accuracy_value', 'NONE');
#6928 = CARTESIAN_POINT ( 'NONE',  ( 1.750000000000000000, -0.4225320565518999594, -0.1000000000000000472 ) ) ;
#6929 = DIRECTION ( 'NONE',  ( 1.000000000000000000, 0.000000000000000000, 0.000000000000000000 ) ) ;
#6930 = CIRCLE ( 'NONE', #3555, 0.1499999999999999667 ) ;
#6931 = VERTEX_POINT ( 'NONE', #6783 ) ;
#6932 =( GEOMETRIC_REPRESENTATION_CONTEXT ( 3 ) GLOBAL_UNCERTAINTY_ASSIGNED_CONTEXT ( ( #6845 ) ) GLOBAL_UNIT_ASSIGNED_CONTEXT ( ( #2041, #2790, #72 ) ) REPRESENTATION_CONTEXT ( 'NONE', 'WORKASPACE' ) );
#6933 = DIRECTION ( 'NONE',  ( 0.000000000000000000, 1.000000000000000000, 0.000000000000000000 ) ) ;
#6934 = LINE ( 'NONE', #1489, #1326 ) ;
#6935 = ORIENTED_EDGE ( 'NONE', *, *, #5694, .F. ) ;
#6936 = DIRECTION ( 'NONE',  ( 0.000000000000000000, 1.000000000000000000, 0.000000000000000000 ) ) ;
#6937 = VERTEX_POINT ( 'NONE', #7486 ) ;
#6938 = COLOUR_RGB ( '',0.4117647058823529216, 0.4117647058823529216, 0.4117647058823529216 ) ;
#6939 =( GEOMETRIC_REPRESENTATION_CONTEXT ( 3 ) GLOBAL_UNCERTAINTY_ASSIGNED_CONTEXT ( ( #3361 ) ) GLOBAL_UNIT_ASSIGNED_CONTEXT ( ( #4695, #8715, #8852 ) ) REPRESENTATION_CONTEXT ( 'NONE', 'WORKASPACE' ) );
#6940 = SURFACE_SIDE_STYLE ('',( #2582 ) ) ;
#6941 = SURFACE_SIDE_STYLE ('',( #1966 ) ) ;
#6942 = CARTESIAN_POINT ( 'NONE',  ( 1.750000000000000000, 1.000000000000000000, -1.399000000000000021 ) ) ;
#6943 = UNCERTAINTY_MEASURE_WITH_UNIT (LENGTH_MEASURE( 1.000000000000000082E-05 ), #4525, 'distance_accuracy_value', 'NONE');
#6944 = VECTOR ( 'NONE', #8286, 999.9999999999998863 ) ;
#6945 = ORIENTED_EDGE ( 'NONE', *, *, #2261, .F. ) ;
#6946 = CARTESIAN_POINT ( 'NONE',  ( 1.350000000000000089, -1.550000000000000266, -0.9013780793965999738 ) ) ;
#6947 = CARTESIAN_POINT ( 'NONE',  ( -1.750000000000000000, -1.327698927806999940, -0.9513780793966000182 ) ) ;
#6948 = CARTESIAN_POINT ( 'NONE',  ( -1.729999999999999982, -0.4225320565518999594, -0.1000000000000000472 ) ) ;
#6949 =( NAMED_UNIT ( * ) PLANE_ANGLE_UNIT ( ) SI_UNIT ( $, .RADIAN. ) );
#6950 =( NAMED_UNIT ( * ) SI_UNIT ( $, .STERADIAN. ) SOLID_ANGLE_UNIT ( ) );
#6951 =( NAMED_UNIT ( * ) PLANE_ANGLE_UNIT ( ) SI_UNIT ( $, .RADIAN. ) );
#6952 =( NAMED_UNIT ( * ) SI_UNIT ( $, .STERADIAN. ) SOLID_ANGLE_UNIT ( ) );
#6953 = DIRECTION ( 'NONE',  ( 0.000000000000000000, -1.000000000000000000, 0.000000000000000000 ) ) ;
#6954 = EDGE_CURVE ( 'NONE', #3620, #1290, #6240, .T. ) ;
#6955 = SURFACE_STYLE_FILL_AREA ( #8353 ) ;
#6956 = ADVANCED_FACE ( 'NONE', ( #3993 ), #437, .T. ) ;
#6957 = ORIENTED_EDGE ( 'NONE', *, *, #7579, .T. ) ;
#6958 = SURFACE_STYLE_FILL_AREA ( #7645 ) ;
#6959 = SURFACE_STYLE_FILL_AREA ( #7517 ) ;
#6960 = ADVANCED_FACE ( 'NONE', ( #5027 ), #9150, .F. ) ;
#6961 = CARTESIAN_POINT ( 'NONE',  ( 1.750000000000000000, -1.327698927806999940, -1.300754277287799798 ) ) ;
#6962 = MECHANICAL_DESIGN_GEOMETRIC_PRESENTATION_REPRESENTATION (  '', ( #1352 ), #7112 ) ;
#6964 = EDGE_LOOP ( 'NONE', ( #7097, #7028, #976, #5038 ) ) ;
#6963 = STYLED_ITEM ( 'NONE', ( #9155 ), #4879 ) ;
#6965 = PRESENTATION_STYLE_ASSIGNMENT (( #4161 ) ) ;
#6966 = EDGE_LOOP ( 'NONE', ( #9033, #8095, #6055, #2470, #5534 ) ) ;
#6967 = CARTESIAN_POINT ( 'NONE',  ( 1.129999999999999671, 0.4540675543254999447, -1.369999999999999885 ) ) ;
#6968 = SURFACE_STYLE_FILL_AREA ( #6121 ) ;
#6969 = AXIS2_PLACEMENT_3D ( 'NONE', #7756, #724, #6170 ) ;
#6970 = CIRCLE ( 'NONE', #2570, 0.1999999999999999833 ) ;
#6971 = CARTESIAN_POINT ( 'NONE',  ( -1.500000000000000000, 0.2540675543254986013, -1.369999999999999885 ) ) ;
#6972 = DIRECTION ( 'NONE',  ( -0.000000000000000000, -1.000000000000000000, -0.000000000000000000 ) ) ;
#6973 = ORIENTED_EDGE ( 'NONE', *, *, #991, .F. ) ;
#6974 = CARTESIAN_POINT ( 'NONE',  ( -2.299999999999999822, 1.000000000000000000, -1.399999999999999911 ) ) ;
#6975 = FILL_AREA_STYLE_COLOUR ( '', #7081 ) ;
#6976 = EDGE_CURVE ( 'NONE', #5895, #6733, #2036, .T. ) ;
#6977 = AXIS2_PLACEMENT_3D ( 'NONE', #8876, #1007, #6819 ) ;
#6978 = STYLED_ITEM ( 'NONE', ( #2593 ), #8329 ) ;
#6979 = ORIENTED_EDGE ( 'NONE', *, *, #3365, .T. ) ;
#6980 = AXIS2_PLACEMENT_3D ( 'NONE', #2664, #7593, #4095 ) ;
#6981 = CARTESIAN_POINT ( 'NONE',  ( -8.131516293641283255E-17, 0.000000000000000000, -1.399999999999999911 ) ) ;
#6982 = CARTESIAN_POINT ( 'NONE',  ( 2.299999999999999822, 0.5000000000000000000, -1.399999999999999911 ) ) ;
#6983 = ORIENTED_EDGE ( 'NONE', *, *, #1363, .T. ) ;
#6984 = DIRECTION ( 'NONE',  ( 0.000000000000000000, 0.000000000000000000, -1.000000000000000000 ) ) ;
#6985 = ORIENTED_EDGE ( 'NONE', *, *, #9051, .F. ) ;
#6986 =( GEOMETRIC_REPRESENTATION_CONTEXT ( 3 ) GLOBAL_UNCERTAINTY_ASSIGNED_CONTEXT ( ( #6558 ) ) GLOBAL_UNIT_ASSIGNED_CONTEXT ( ( #6810, #6050, #8303 ) ) REPRESENTATION_CONTEXT ( 'NONE', 'WORKASPACE' ) );
#6987 = SURFACE_STYLE_USAGE ( .BOTH. , #6940 ) ;
#6988 = CARTESIAN_POINT ( 'NONE',  ( 1.399999999999999911, -1.399999999999999911, -0.1000000000000000472 ) ) ;
#6989 = ORIENTED_EDGE ( 'NONE', *, *, #8493, .F. ) ;
#6990 = CYLINDRICAL_SURFACE ( 'NONE', #8572, 0.1200000000000000372 ) ;
#6991 = COLOUR_RGB ( '',0.4117647058823529216, 0.4117647058823529216, 0.4117647058823529216 ) ;
#6992 = CIRCLE ( 'NONE', #2445, 0.1500000000000000777 ) ;
#6993 = SURFACE_SIDE_STYLE ('',( #2901 ) ) ;
#6994 = FACE_OUTER_BOUND ( 'NONE', #8333, .T. ) ;
#6995 = PRESENTATION_STYLE_ASSIGNMENT (( #460 ) ) ;
#6996 = DIRECTION ( 'NONE',  ( 1.000000000000000000, 0.000000000000000000, 0.000000000000000000 ) ) ;
#6997 = PRESENTATION_LAYER_ASSIGNMENT (  '', '', ( #1839 ) ) ;
#6998 = DIRECTION ( 'NONE',  ( 0.000000000000000000, 0.000000000000000000, 1.000000000000000000 ) ) ;
#6999 = CARTESIAN_POINT ( 'NONE',  ( -1.750999999999999890, 0.5000000000000000000, -1.399999999999999911 ) ) ;
#7000 = PRESENTATION_LAYER_ASSIGNMENT (  '', '', ( #191 ) ) ;
#7001 = CARTESIAN_POINT ( 'NONE',  ( -0.2799999999999985834, 0.4540675543254999447, -1.320000000000000062 ) ) ;
#7002 = ORIENTED_EDGE ( 'NONE', *, *, #7973, .F. ) ;
#7003 = CIRCLE ( 'NONE', #1108, 0.1000000000000000472 ) ;
#7004 = EDGE_CURVE ( 'NONE', #5862, #675, #4667, .T. ) ;
#7005 =( LENGTH_UNIT ( ) NAMED_UNIT ( * ) SI_UNIT ( .MILLI., .METRE. ) );
#7006 = FILL_AREA_STYLE ('',( #3237 ) ) ;
#7007 = CARTESIAN_POINT ( 'NONE',  ( -8.131516293641283255E-17, 0.000000000000000000, -1.300000000000000044 ) ) ;
#7008 = EDGE_CURVE ( 'NONE', #2146, #4029, #6209, .T. ) ;
#7009 = DIRECTION ( 'NONE',  ( 0.000000000000000000, 0.000000000000000000, 1.000000000000000000 ) ) ;
#7010 = VECTOR ( 'NONE', #3107, 1000.000000000000000 ) ;
#7011 = VERTEX_POINT ( 'NONE', #1337 ) ;
#7012 =( NAMED_UNIT ( * ) SI_UNIT ( $, .STERADIAN. ) SOLID_ANGLE_UNIT ( ) );
#7013 = EDGE_CURVE ( 'NONE', #1641, #2966, #8409, .T. ) ;
#7014 = ORIENTED_EDGE ( 'NONE', *, *, #188, .F. ) ;
#7015 = EDGE_CURVE ( 'NONE', #4245, #303, #2137, .T. ) ;
#7016 = SURFACE_STYLE_USAGE ( .BOTH. , #1334 ) ;
#7017 =( GEOMETRIC_REPRESENTATION_CONTEXT ( 3 ) GLOBAL_UNCERTAINTY_ASSIGNED_CONTEXT ( ( #4258 ) ) GLOBAL_UNIT_ASSIGNED_CONTEXT ( ( #7405, #3175, #7915 ) ) REPRESENTATION_CONTEXT ( 'NONE', 'WORKASPACE' ) );
#7018 = SURFACE_STYLE_FILL_AREA ( #22 ) ;
#7019 = AXIS2_PLACEMENT_3D ( 'NONE', #7921, #800, #6579 ) ;
#7020 = CARTESIAN_POINT ( 'NONE',  ( -1.750000000000000000, 0.4000000000000000222, -0.1000000000000000472 ) ) ;
#7021 = VERTEX_POINT ( 'NONE', #7062 ) ;
#7022 = SURFACE_SIDE_STYLE ('',( #4217 ) ) ;
#7023 = UNCERTAINTY_MEASURE_WITH_UNIT (LENGTH_MEASURE( 1.000000000000000082E-05 ), #42, 'distance_accuracy_value', 'NONE');
#7024 =( NAMED_UNIT ( * ) SI_UNIT ( $, .STERADIAN. ) SOLID_ANGLE_UNIT ( ) );
#7025 = FILL_AREA_STYLE ('',( #8460 ) ) ;
#7026 = EDGE_CURVE ( 'NONE', #405, #5243, #3200, .T. ) ;
#7027 =( GEOMETRIC_REPRESENTATION_CONTEXT ( 3 ) GLOBAL_UNCERTAINTY_ASSIGNED_CONTEXT ( ( #3451 ) ) GLOBAL_UNIT_ASSIGNED_CONTEXT ( ( #8957, #372, #5416 ) ) REPRESENTATION_CONTEXT ( 'NONE', 'WORKASPACE' ) );
#7028 = ORIENTED_EDGE ( 'NONE', *, *, #7127, .F. ) ;
#7029 = LINE ( 'NONE', #671, #8000 ) ;
#7030 = EDGE_LOOP ( 'NONE', ( #2692, #2153, #2778, #7549 ) ) ;
#7031 = LINE ( 'NONE', #674, #5949 ) ;
#7032 = VECTOR ( 'NONE', #9104, 1000.000000000000000 ) ;
#7033 = ORIENTED_EDGE ( 'NONE', *, *, #1922, .F. ) ;
#7034 = COLOUR_RGB ( '',0.4117647058823529216, 0.4117647058823529216, 0.4117647058823529216 ) ;
#7035 = CARTESIAN_POINT ( 'NONE',  ( -0.7050000000000000711, 1.550000000000000044, -0.9000000000000000222 ) ) ;
#7036 = CYLINDRICAL_SURFACE ( 'NONE', #622, 0.1000000000000000472 ) ;
#7037 = SURFACE_STYLE_USAGE ( .BOTH. , #678 ) ;
#7038 = UNCERTAINTY_MEASURE_WITH_UNIT (LENGTH_MEASURE( 1.000000000000000082E-05 ), #8215, 'distance_accuracy_value', 'NONE');
#7039 = VERTEX_POINT ( 'NONE', #1430 ) ;
#7040 = EDGE_CURVE ( 'NONE', #8936, #3577, #5815, .T. ) ;
#7041 = DIRECTION ( 'NONE',  ( 1.000000000000000000, -0.000000000000000000, -0.000000000000000000 ) ) ;
#7042 = VECTOR ( 'NONE', #7309, 1000.000000000000000 ) ;
#7043 = DIRECTION ( 'NONE',  ( 0.000000000000000000, 0.000000000000000000, 1.000000000000000000 ) ) ;
#7044 = EDGE_CURVE ( 'NONE', #3984, #6659, #5563, .T. ) ;
#7045 =( NAMED_UNIT ( * ) SI_UNIT ( $, .STERADIAN. ) SOLID_ANGLE_UNIT ( ) );
#7046 = FILL_AREA_STYLE_COLOUR ( '', #9110 ) ;
#7047 = CARTESIAN_POINT ( 'NONE',  ( 0.8049999999999998268, 1.449999999999999956, -1.399999999999999911 ) ) ;
#7048 = SURFACE_SIDE_STYLE ('',( #5596 ) ) ;
#7049 = DIRECTION ( 'NONE',  ( -1.000000000000000000, 0.000000000000000000, 0.000000000000000000 ) ) ;
#7050 = VERTEX_POINT ( 'NONE', #8597 ) ;
#7051 = CARTESIAN_POINT ( 'NONE',  ( -1.350000000000000089, -1.550000000000000044, -0.9513780793966000182 ) ) ;
#7052 = VECTOR ( 'NONE', #1404, 1000.000000000000000 ) ;
#7053 = DIRECTION ( 'NONE',  ( 3.252606517456513302E-16, 1.000000000000000000, 0.000000000000000000 ) ) ;
#7054 = LINE ( 'NONE', #141, #8690 ) ;
#7055 = FACE_OUTER_BOUND ( 'NONE', #3293, .T. ) ;
#7056 = CARTESIAN_POINT ( 'NONE',  ( 0.8049999999999998268, 1.550000000000000044, -0.7267949192431122363 ) ) ;
#7057 = ORIENTED_EDGE ( 'NONE', *, *, #3870, .T. ) ;
#7058 = VECTOR ( 'NONE', #98, 1000.000000000000000 ) ;
#7059 = CARTESIAN_POINT ( 'NONE',  ( 1.300000000000000266, 0.2540675543254999891, -1.369999999999999885 ) ) ;
#7060 = ORIENTED_EDGE ( 'NONE', *, *, #9005, .T. ) ;
#7061 = DIRECTION ( 'NONE',  ( 0.000000000000000000, -1.000000000000000000, 0.000000000000000000 ) ) ;
#7062 = CARTESIAN_POINT ( 'NONE',  ( 2.299999999999999822, 1.000000000000000000, -1.399999999999999911 ) ) ;
#7063 = PRESENTATION_STYLE_ASSIGNMENT (( #2740 ) ) ;
#7064 = ORIENTED_EDGE ( 'NONE', *, *, #8892, .F. ) ;
#7065 = LINE ( 'NONE', #406, #5291 ) ;
#7066 = DIRECTION ( 'NONE',  ( 0.000000000000000000, 0.000000000000000000, -1.000000000000000000 ) ) ;
#7067 = DIRECTION ( 'NONE',  ( 0.000000000000000000, -1.000000000000000000, 0.000000000000000000 ) ) ;
#7068 = ORIENTED_EDGE ( 'NONE', *, *, #1717, .F. ) ;
#7069 = CARTESIAN_POINT ( 'NONE',  ( 1.100000000000000089, -1.449999999999999956, -0.6564291051182821191 ) ) ;
#7070 = EDGE_CURVE ( 'NONE', #8921, #3984, #4954, .T. ) ;
#7071 = MECHANICAL_DESIGN_GEOMETRIC_PRESENTATION_REPRESENTATION (  '', ( #700 ), #1166 ) ;
#7072 =( GEOMETRIC_REPRESENTATION_CONTEXT ( 3 ) GLOBAL_UNCERTAINTY_ASSIGNED_CONTEXT ( ( #7863 ) ) GLOBAL_UNIT_ASSIGNED_CONTEXT ( ( #2619, #4256, #4050 ) ) REPRESENTATION_CONTEXT ( 'NONE', 'WORKASPACE' ) );
#7073 = DIRECTION ( 'NONE',  ( -1.000000000000000000, 3.648550790143000474E-14, 0.000000000000000000 ) ) ;
#7074 = VERTEX_POINT ( 'NONE', #5256 ) ;
#7075 = PRESENTATION_STYLE_ASSIGNMENT (( #4269 ) ) ;
#7076 = CARTESIAN_POINT ( 'NONE',  ( 2.299999999999999822, 1.000000000000000000, -1.300000000000000044 ) ) ;
#7077 = VERTEX_POINT ( 'NONE', #3068 ) ;
#7078 = EDGE_CURVE ( 'NONE', #726, #8001, #7306, .T. ) ;
#7079 = VECTOR ( 'NONE', #4226, 1000.000000000000000 ) ;
#7080 = VECTOR ( 'NONE', #5899, 1000.000000000000000 ) ;
#7081 = COLOUR_RGB ( '',0.4117647058823529216, 0.4117647058823529216, 0.4117647058823529216 ) ;
#7082 = ORIENTED_EDGE ( 'NONE', *, *, #4548, .T. ) ;
#7083 = PRESENTATION_STYLE_ASSIGNMENT (( #6312 ) ) ;
#7084 = SURFACE_STYLE_FILL_AREA ( #6418 ) ;
#7085 =( NAMED_UNIT ( * ) PLANE_ANGLE_UNIT ( ) SI_UNIT ( $, .RADIAN. ) );
#7086 =( GEOMETRIC_REPRESENTATION_CONTEXT ( 3 ) GLOBAL_UNCERTAINTY_ASSIGNED_CONTEXT ( ( #8428 ) ) GLOBAL_UNIT_ASSIGNED_CONTEXT ( ( #95, #5104, #5278 ) ) REPRESENTATION_CONTEXT ( 'NONE', 'WORKASPACE' ) );
#7087 =( NAMED_UNIT ( * ) SI_UNIT ( $, .STERADIAN. ) SOLID_ANGLE_UNIT ( ) );
#7088 = PRESENTATION_STYLE_ASSIGNMENT (( #7815 ) ) ;
#7089 =( NAMED_UNIT ( * ) SI_UNIT ( $, .STERADIAN. ) SOLID_ANGLE_UNIT ( ) );
#7090 = LINE ( 'NONE', #2856, #8067 ) ;
#7091 = SURFACE_STYLE_FILL_AREA ( #792 ) ;
#7092 = PRESENTATION_LAYER_ASSIGNMENT (  '', '', ( #4003 ) ) ;
#7093 = SURFACE_STYLE_USAGE ( .BOTH. , #5774 ) ;
#7094 =( NAMED_UNIT ( * ) PLANE_ANGLE_UNIT ( ) SI_UNIT ( $, .RADIAN. ) );
#7095 = CARTESIAN_POINT ( 'NONE',  ( -1.500000000000000222, -0.2459324456744985399, -1.399999999999999911 ) ) ;
#7096 = EDGE_CURVE ( 'NONE', #4802, #6565, #7259, .T. ) ;
#7097 = ORIENTED_EDGE ( 'NONE', *, *, #6447, .F. ) ;
#7098 = CARTESIAN_POINT ( 'NONE',  ( 1.680000000000000160, -0.8709128788536000254, 0.000000000000000000 ) ) ;
#7099 = PRESENTATION_STYLE_ASSIGNMENT (( #7775 ) ) ;
#7100 = SURFACE_STYLE_USAGE ( .BOTH. , #4294 ) ;
#7101 = LINE ( 'NONE', #902, #5210 ) ;
#7102 =( LENGTH_UNIT ( ) NAMED_UNIT ( * ) SI_UNIT ( .MILLI., .METRE. ) );
#7103 = PLANE ( 'NONE',  #4889 ) ;
#7104 = VERTEX_POINT ( 'NONE', #1617 ) ;
#7105 = FACE_OUTER_BOUND ( 'NONE', #7885, .T. ) ;
#7106 = EDGE_CURVE ( 'NONE', #4139, #5325, #7350, .T. ) ;
#7107 = DIRECTION ( 'NONE',  ( 1.000000000000000000, 0.000000000000000000, 0.000000000000000000 ) ) ;
#7108 =( LENGTH_UNIT ( ) NAMED_UNIT ( * ) SI_UNIT ( .MILLI., .METRE. ) );
#7109 = SURFACE_SIDE_STYLE ('',( #67 ) ) ;
#7110 = CARTESIAN_POINT ( 'NONE',  ( 0.000000000000000000, 0.000000000000000000, -1.399000000000000021 ) ) ;
#7111 = ORIENTED_EDGE ( 'NONE', *, *, #6976, .T. ) ;
#7112 =( GEOMETRIC_REPRESENTATION_CONTEXT ( 3 ) GLOBAL_UNCERTAINTY_ASSIGNED_CONTEXT ( ( #2595 ) ) GLOBAL_UNIT_ASSIGNED_CONTEXT ( ( #7811, #1500, #87 ) ) REPRESENTATION_CONTEXT ( 'NONE', 'WORKASPACE' ) );
#7113 = FACE_OUTER_BOUND ( 'NONE', #7712, .T. ) ;
#7114 = UNCERTAINTY_MEASURE_WITH_UNIT (LENGTH_MEASURE( 1.000000000000000082E-05 ), #8722, 'distance_accuracy_value', 'NONE');
#7115 = VECTOR ( 'NONE', #1904, 1000.000000000000000 ) ;
#7116 = LINE ( 'NONE', #111, #7807 ) ;
#7117 = LINE ( 'NONE', #5079, #276 ) ;
#7118 = ORIENTED_EDGE ( 'NONE', *, *, #1890, .T. ) ;
#7119 = PRESENTATION_LAYER_ASSIGNMENT (  '', '', ( #4034 ) ) ;
#7120 = FILL_AREA_STYLE_COLOUR ( '', #7577 ) ;
#7121 = DIRECTION ( 'NONE',  ( 0.000000000000000000, 0.000000000000000000, -1.000000000000000000 ) ) ;
#7122 = ORIENTED_EDGE ( 'NONE', *, *, #6788, .T. ) ;
#7123 = VECTOR ( 'NONE', #2363, 1000.000000000000000 ) ;
#7124 = EDGE_CURVE ( 'NONE', #5829, #8660, #908, .T. ) ;
#7125 = DIRECTION ( 'NONE',  ( 0.000000000000000000, 1.000000000000000000, 0.000000000000000000 ) ) ;
#7126 = EDGE_LOOP ( 'NONE', ( #3433, #1570, #9171, #7211 ) ) ;
#7127 = EDGE_CURVE ( 'NONE', #347, #2805, #7890, .T. ) ;
#7128 = MECHANICAL_DESIGN_GEOMETRIC_PRESENTATION_REPRESENTATION (  '', ( #3901 ), #3744 ) ;
#7129 = FACE_OUTER_BOUND ( 'NONE', #5605, .T. ) ;
#7130 = AXIS2_PLACEMENT_3D ( 'NONE', #3145, #194, #1047 ) ;
#7131 = VECTOR ( 'NONE', #5282, 1000.000000000000000 ) ;
#7132 = PRESENTATION_LAYER_ASSIGNMENT (  '', '', ( #4337 ) ) ;
#7133 =( NAMED_UNIT ( * ) SI_UNIT ( $, .STERADIAN. ) SOLID_ANGLE_UNIT ( ) );
#7134 = UNCERTAINTY_MEASURE_WITH_UNIT (LENGTH_MEASURE( 1.000000000000000082E-05 ), #6012, 'distance_accuracy_value', 'NONE');
#7135 = ORIENTED_EDGE ( 'NONE', *, *, #1038, .T. ) ;
#7136 = FILL_AREA_STYLE_COLOUR ( '', #2081 ) ;
#7137 = EDGE_CURVE ( 'NONE', #9083, #7039, #150, .T. ) ;
#7138 = PRESENTATION_STYLE_ASSIGNMENT (( #2208 ) ) ;
#7139 = CARTESIAN_POINT ( 'NONE',  ( -8.131516293641283255E-17, 0.000000000000000000, 0.4999999999999998890 ) ) ;
#7140 = AXIS2_PLACEMENT_3D ( 'NONE', #6666, #940, #992 ) ;
#7141 = VECTOR ( 'NONE', #2098, 1000.000000000000000 ) ;
#7142 = SURFACE_SIDE_STYLE ('',( #2107 ) ) ;
#7143 = CARTESIAN_POINT ( 'NONE',  ( 1.300000000000000266, -0.2459324456745000387, -1.369999999999999885 ) ) ;
#7144 = FILL_AREA_STYLE_COLOUR ( '', #4677 ) ;
#7145 = CARTESIAN_POINT ( 'NONE',  ( 1.750000000000000000, 0.4000000000000000222, -0.1000000000000000472 ) ) ;
#7146 = CARTESIAN_POINT ( 'NONE',  ( -1.729999999999999982, 0.7618257577072999887, -0.1000000000000000472 ) ) ;
#7147 = MECHANICAL_DESIGN_GEOMETRIC_PRESENTATION_REPRESENTATION (  '', ( #8328 ), #2299 ) ;
#7148 = DIRECTION ( 'NONE',  ( 0.000000000000000000, -1.000000000000000000, 0.000000000000000000 ) ) ;
#7149 = AXIS2_PLACEMENT_3D ( 'NONE', #842, #1602, #3829 ) ;
#7150 = VERTEX_POINT ( 'NONE', #3755 ) ;
#7151 =( NAMED_UNIT ( * ) PLANE_ANGLE_UNIT ( ) SI_UNIT ( $, .RADIAN. ) );
#7152 = LINE ( 'NONE', #3643, #7058 ) ;
#7153 = COLOUR_RGB ( '',0.4117647058823529216, 0.4117647058823529216, 0.4117647058823529216 ) ;
#7154 = CIRCLE ( 'NONE', #7130, 0.1199999999999999956 ) ;
#7155 = DIRECTION ( 'NONE',  ( 0.000000000000000000, -1.000000000000000000, 0.000000000000000000 ) ) ;
#7156 = SURFACE_STYLE_FILL_AREA ( #15 ) ;
#7157 = CARTESIAN_POINT ( 'NONE',  ( 1.750000000000000000, -1.449999999999999956, -1.302973369332799836 ) ) ;
#7158 =( GEOMETRIC_REPRESENTATION_CONTEXT ( 3 ) GLOBAL_UNCERTAINTY_ASSIGNED_CONTEXT ( ( #4652 ) ) GLOBAL_UNIT_ASSIGNED_CONTEXT ( ( #8123, #8871, #6061 ) ) REPRESENTATION_CONTEXT ( 'NONE', 'WORKASPACE' ) );
#7159 = MECHANICAL_DESIGN_GEOMETRIC_PRESENTATION_REPRESENTATION (  '', ( #4361 ), #8934 ) ;
#7160 = ORIENTED_EDGE ( 'NONE', *, *, #4715, .T. ) ;
#7161 = ADVANCED_FACE ( 'NONE', ( #5795 ), #6440, .T. ) ;
#7162 = PLANE ( 'NONE',  #2124 ) ;
#7163 =( NAMED_UNIT ( * ) SI_UNIT ( $, .STERADIAN. ) SOLID_ANGLE_UNIT ( ) );
#7164 = CARTESIAN_POINT ( 'NONE',  ( -1.350000000000000089, -1.449999999999999956, -0.1000000000000000472 ) ) ;
#7165 = SURFACE_SIDE_STYLE ('',( #8596 ) ) ;
#7166 = EDGE_CURVE ( 'NONE', #1457, #8963, #955, .T. ) ;
#7167 = DIRECTION ( 'NONE',  ( 0.000000000000000000, -1.000000000000000000, 0.000000000000000000 ) ) ;
#7168 = CARTESIAN_POINT ( 'NONE',  ( -2.299999999999999822, 1.000000000000000000, -1.300000000000000044 ) ) ;
#7169 = ORIENTED_EDGE ( 'NONE', *, *, #6905, .F. ) ;
#7170 = STYLED_ITEM ( 'NONE', ( #5181 ), #6838 ) ;
#7171 = DIRECTION ( 'NONE',  ( 0.000000000000000000, 0.000000000000000000, 1.000000000000000000 ) ) ;
#7172 =( NAMED_UNIT ( * ) PLANE_ANGLE_UNIT ( ) SI_UNIT ( $, .RADIAN. ) );
#7173 = FILL_AREA_STYLE_COLOUR ( '', #3703 ) ;
#7174 = CARTESIAN_POINT ( 'NONE',  ( 1.350000000000000089, 1.974264068711928388, -1.051378079396599885 ) ) ;
#7175 = VERTEX_POINT ( 'NONE', #2465 ) ;
#7176 = CARTESIAN_POINT ( 'NONE',  ( 1.751000000000000112, 0.5000000000000000000, -1.399999999999999911 ) ) ;
#7177 = PRESENTATION_LAYER_ASSIGNMENT (  '', '', ( #5381 ) ) ;
#7178 = DIRECTION ( 'NONE',  ( 0.000000000000000000, 1.000000000000000000, 0.000000000000000000 ) ) ;
#7179 = ORIENTED_EDGE ( 'NONE', *, *, #2105, .T. ) ;
#7180 = B_SPLINE_CURVE_WITH_KNOTS ( 'NONE', 3,
 ( #8034, #4535, #860, #1001, #3149, #3704 ),
 .UNSPECIFIED., .F., .F.,
 ( 4, 1, 1, 4 ),
 ( 0.000000000000000000, 0.3333333333333000081, 0.6666666666667000474, 1.000000000000000000 ),
 .UNSPECIFIED. ) ;
#7181 = LINE ( 'NONE', #8614, #2750 ) ;
#7182 = FILL_AREA_STYLE ('',( #4363 ) ) ;
#7183 = ORIENTED_EDGE ( 'NONE', *, *, #6394, .F. ) ;
#7184 =( GEOMETRIC_REPRESENTATION_CONTEXT ( 3 ) GLOBAL_UNCERTAINTY_ASSIGNED_CONTEXT ( ( #1581 ) ) GLOBAL_UNIT_ASSIGNED_CONTEXT ( ( #5885, #6005, #3846 ) ) REPRESENTATION_CONTEXT ( 'NONE', 'WORKASPACE' ) );
#7185 = STYLED_ITEM ( 'NONE', ( #4387 ), #7474 ) ;
#7186 = SURFACE_STYLE_USAGE ( .BOTH. , #39 ) ;
#7187 = EDGE_LOOP ( 'NONE', ( #4300, #3574, #3397, #3827 ) ) ;
#7188 =( NAMED_UNIT ( * ) PLANE_ANGLE_UNIT ( ) SI_UNIT ( $, .RADIAN. ) );
#7189 = CARTESIAN_POINT ( 'NONE',  ( -0.2299999999999990941, 0.4540675543254999447, -1.369999999999999885 ) ) ;
#7190 = COLOUR_RGB ( '',1.000000000000000000, 1.000000000000000000, 1.000000000000000000 ) ;
#7191 = EDGE_CURVE ( 'NONE', #3184, #813, #8733, .T. ) ;
#7192 = STYLED_ITEM ( 'NONE', ( #8582 ), #7745 ) ;
#7193 = CARTESIAN_POINT ( 'NONE',  ( -1.350000000000000089, -1.760000000000000009, 0.000000000000000000 ) ) ;
#7194 = DIRECTION ( 'NONE',  ( -0.4166666666666983820, 0.9090593428862949743, 0.000000000000000000 ) ) ;
#7195 = FACE_OUTER_BOUND ( 'NONE', #7328, .T. ) ;
#7196 = FILL_AREA_STYLE_COLOUR ( '', #819 ) ;
#7197 = DIRECTION ( 'NONE',  ( 0.000000000000000000, 0.000000000000000000, 1.000000000000000000 ) ) ;
#7198 = FILL_AREA_STYLE_COLOUR ( '', #2437 ) ;
#7199 = AXIS2_PLACEMENT_3D ( 'NONE', #3278, #7637, #6186 ) ;
#7200 = DIRECTION ( 'NONE',  ( 0.000000000000000000, -1.000000000000000000, 0.000000000000000000 ) ) ;
#7201 = VECTOR ( 'NONE', #4353, 1000.000000000000000 ) ;
#7202 = ORIENTED_EDGE ( 'NONE', *, *, #4568, .T. ) ;
#7203 = EDGE_CURVE ( 'NONE', #3351, #1135, #7180, .T. ) ;
#7204 = PLANE ( 'NONE',  #1677 ) ;
#7205 = CYLINDRICAL_SURFACE ( 'NONE', #8520, 0.2000000000000000944 ) ;
#7206 =( NAMED_UNIT ( * ) PLANE_ANGLE_UNIT ( ) SI_UNIT ( $, .RADIAN. ) );
#7207 = EDGE_CURVE ( 'NONE', #8043, #3984, #2329, .T. ) ;
#7208 = FILL_AREA_STYLE ('',( #2225 ) ) ;
#7209 = DIRECTION ( 'NONE',  ( -1.000000000000000000, -1.720845688168999895E-14, -8.992806499464000218E-14 ) ) ;
#7210 = DIRECTION ( 'NONE',  ( 0.000000000000000000, 0.000000000000000000, 1.000000000000000000 ) ) ;
#7211 = ORIENTED_EDGE ( 'NONE', *, *, #3411, .F. ) ;
#7212 = CIRCLE ( 'NONE', #3231, 0.8750000000000000000 ) ;
#7213 = DIRECTION ( 'NONE',  ( 1.000000000000000000, 0.000000000000000000, 0.000000000000000000 ) ) ;
#7214 = DIRECTION ( 'NONE',  ( 1.000000000000000000, 0.000000000000000000, 0.000000000000000000 ) ) ;
#7215 = CARTESIAN_POINT ( 'NONE',  ( -1.750000000000000000, 1.180000000000000160, 0.000000000000000000 ) ) ;
#7216 = EDGE_LOOP ( 'NONE', ( #928, #2818, #9108, #7902, #4896, #3362 ) ) ;
#7217 = FACE_OUTER_BOUND ( 'NONE', #7216, .T. ) ;
#7218 = LINE ( 'NONE', #8648, #1742 ) ;
#7219 = UNCERTAINTY_MEASURE_WITH_UNIT (LENGTH_MEASURE( 1.000000000000000082E-05 ), #6368, 'distance_accuracy_value', 'NONE');
#7220 = VECTOR ( 'NONE', #509, 1000.000000000000000 ) ;
#7221 = LINE ( 'NONE', #9114, #2964 ) ;
#7222 = ORIENTED_EDGE ( 'NONE', *, *, #5207, .T. ) ;
#7223 = EDGE_CURVE ( 'NONE', #7308, #6931, #3938, .T. ) ;
#7224 = FILL_AREA_STYLE_COLOUR ( '', #6084 ) ;
#7225 = VERTEX_POINT ( 'NONE', #5425 ) ;
#7226 = AXIS2_PLACEMENT_3D ( 'NONE', #2719, #6852, #1175 ) ;
#7227 =( NAMED_UNIT ( * ) PLANE_ANGLE_UNIT ( ) SI_UNIT ( $, .RADIAN. ) );
#7228 = LINE ( 'NONE', #5810, #399 ) ;
#7229 = EDGE_LOOP ( 'NONE', ( #8901, #6211, #5538, #1171 ) ) ;
#7230 = CIRCLE ( 'NONE', #5874, 0.1000000000000000472 ) ;
#7231 = CARTESIAN_POINT ( 'NONE',  ( -1.350000000000000089, -1.550000000000000044, -0.9513780793966000182 ) ) ;
#7232 = CIRCLE ( 'NONE', #6155, 0.1999999999999998723 ) ;
#7233 = DIRECTION ( 'NONE',  ( -1.000000000000000000, 0.000000000000000000, 0.000000000000000000 ) ) ;
#7234 = VERTEX_POINT ( 'NONE', #8870 ) ;
#7235 =( LENGTH_UNIT ( ) NAMED_UNIT ( * ) SI_UNIT ( .MILLI., .METRE. ) );
#7236 = FACE_OUTER_BOUND ( 'NONE', #990, .T. ) ;
#7237 = AXIS2_PLACEMENT_3D ( 'NONE', #3108, #6586, #2285 ) ;
#7238 = ORIENTED_EDGE ( 'NONE', *, *, #1547, .F. ) ;
#7239 = LINE ( 'NONE', #5195, #5876 ) ;
#7240 = PRESENTATION_STYLE_ASSIGNMENT (( #2166 ) ) ;
#7241 = LINE ( 'NONE', #6522, #6831 ) ;
#7242 = VERTEX_POINT ( 'NONE', #8265 ) ;
#7243 = CIRCLE ( 'NONE', #3122, 0.1999999999999999833 ) ;
#7244 = VECTOR ( 'NONE', #4651, 1000.000000000000000 ) ;
#7245 = CARTESIAN_POINT ( 'NONE',  ( 1.179999999999999050, 0.4540675543254998892, -1.320000000000000062 ) ) ;
#7246 =( NAMED_UNIT ( * ) SI_UNIT ( $, .STERADIAN. ) SOLID_ANGLE_UNIT ( ) );
#7247 = CARTESIAN_POINT ( 'NONE',  ( -8.131516293641283255E-17, 0.000000000000000000, -0.1000000000000000472 ) ) ;
#7248 = EDGE_CURVE ( 'NONE', #5553, #6507, #8967, .T. ) ;
#7249 = FILL_AREA_STYLE ('',( #2959 ) ) ;
#7250 = VECTOR ( 'NONE', #7870, 1000.000000000000000 ) ;
#7251 = CARTESIAN_POINT ( 'NONE',  ( -1.104999999999999982, 1.449999999999999512, -1.102973369332799658 ) ) ;
#7252 = VECTOR ( 'NONE', #2440, 1000.000000000000000 ) ;
#7253 = EDGE_CURVE ( 'NONE', #8948, #8243, #8169, .T. ) ;
#7254 = ORIENTED_EDGE ( 'NONE', *, *, #4317, .F. ) ;
#7255 = CARTESIAN_POINT ( 'NONE',  ( 1.300000000000000266, 1.399999999999999911, -0.006350832689599908258 ) ) ;
#7256 = EDGE_CURVE ( 'NONE', #2345, #3061, #520, .T. ) ;
#7257 = DIRECTION ( 'NONE',  ( 0.000000000000000000, 1.000000000000000000, 0.000000000000000000 ) ) ;
#7258 =( NAMED_UNIT ( * ) SI_UNIT ( $, .STERADIAN. ) SOLID_ANGLE_UNIT ( ) );
#7259 = LINE ( 'NONE', #4399, #7010 ) ;
#7260 = LINE ( 'NONE', #909, #3398 ) ;
#7261 = VERTEX_POINT ( 'NONE', #1940 ) ;
#7262 = PRESENTATION_STYLE_ASSIGNMENT (( #154 ) ) ;
#7263 = SURFACE_STYLE_FILL_AREA ( #3024 ) ;
#7264 = FILL_AREA_STYLE ('',( #3760 ) ) ;
#7265 = CARTESIAN_POINT ( 'NONE',  ( 0.000000000000000000, 0.000000000000000000, -1.399000000000000021 ) ) ;
#7266 = ORIENTED_EDGE ( 'NONE', *, *, #917, .T. ) ;
#7267 = CARTESIAN_POINT ( 'NONE',  ( -0.9050000000000001377, -1.450000000000000400, -0.6999999999999999556 ) ) ;
#7268 = ORIENTED_EDGE ( 'NONE', *, *, #5507, .F. ) ;
#7269 =( GEOMETRIC_REPRESENTATION_CONTEXT ( 3 ) GLOBAL_UNCERTAINTY_ASSIGNED_CONTEXT ( ( #6649 ) ) GLOBAL_UNIT_ASSIGNED_CONTEXT ( ( #2077, #7693, #3515 ) ) REPRESENTATION_CONTEXT ( 'NONE', 'WORKASPACE' ) );
#7270 = SURFACE_STYLE_USAGE ( .BOTH. , #3078 ) ;
#7271 = DIRECTION ( 'NONE',  ( 1.000000000000000000, 0.000000000000000000, 0.000000000000000000 ) ) ;
#7272 = ORIENTED_EDGE ( 'NONE', *, *, #7078, .F. ) ;
#7273 = PRODUCT_RELATED_PRODUCT_CATEGORY ( 'part', '', ( #3204 ) ) ;
#7274 = DIRECTION ( 'NONE',  ( -1.000000000000000000, 0.000000000000000000, 0.000000000000000000 ) ) ;
#7275 = AXIS2_PLACEMENT_3D ( 'NONE', #6981, #625, #8418 ) ;
#7276 = ORIENTED_EDGE ( 'NONE', *, *, #4899, .F. ) ;
#7277 = PRESENTATION_LAYER_ASSIGNMENT (  '', '', ( #4035 ) ) ;
#7278 = SURFACE_STYLE_USAGE ( .BOTH. , #2259 ) ;
#7279 = ORIENTED_EDGE ( 'NONE', *, *, #2999, .T. ) ;
#7280 = DIRECTION ( 'NONE',  ( 0.000000000000000000, 0.000000000000000000, 1.000000000000000000 ) ) ;
#7281 = SURFACE_STYLE_USAGE ( .BOTH. , #226 ) ;
#7282 = CARTESIAN_POINT ( 'NONE',  ( 1.305532792318000235, 1.365651834345999793, -0.0003818148426000056786 ) ) ;
#7283 = ORIENTED_EDGE ( 'NONE', *, *, #6046, .F. ) ;
#7284 = MECHANICAL_DESIGN_GEOMETRIC_PRESENTATION_REPRESENTATION (  '', ( #4333 ), #6672 ) ;
#7285 = AXIS2_PLACEMENT_3D ( 'NONE', #3927, #5201, #3056 ) ;
#7286 = CARTESIAN_POINT ( 'NONE',  ( 0.6200000000000012168, -0.4459324456745000775, -1.320000000000000062 ) ) ;
#7287 = CARTESIAN_POINT ( 'NONE',  ( 1.004999999999999893, -1.327698927806999940, -1.300754277287799798 ) ) ;
#7288 =( GEOMETRIC_REPRESENTATION_CONTEXT ( 3 ) GLOBAL_UNCERTAINTY_ASSIGNED_CONTEXT ( ( #4550 ) ) GLOBAL_UNIT_ASSIGNED_CONTEXT ( ( #7922, #4296, #3600 ) ) REPRESENTATION_CONTEXT ( 'NONE', 'WORKASPACE' ) );
#7289 = CARTESIAN_POINT ( 'NONE',  ( -1.300000000000000266, -0.2459324456744999832, -1.369999999999999885 ) ) ;
#7290 = CARTESIAN_POINT ( 'NONE',  ( -1.729999999999999982, -0.5425320565518999549, 0.000000000000000000 ) ) ;
#7291 = ORIENTED_EDGE ( 'NONE', *, *, #7015, .T. ) ;
#7292 = AXIS2_PLACEMENT_3D ( 'NONE', #5842, #5746, #8593 ) ;
#7293 = SURFACE_STYLE_FILL_AREA ( #1655 ) ;
#7294 = LINE ( 'NONE', #8590, #4062 ) ;
#7295 = VECTOR ( 'NONE', #8194, 1000.000000000000000 ) ;
#7296 = PRESENTATION_STYLE_ASSIGNMENT (( #6627 ) ) ;
#7297 = EDGE_CURVE ( 'NONE', #2658, #8515, #2163, .T. ) ;
#7298 = ORIENTED_EDGE ( 'NONE', *, *, #1133, .T. ) ;
#7299 = SURFACE_STYLE_USAGE ( .BOTH. , #3698 ) ;
#7300 = MECHANICAL_DESIGN_GEOMETRIC_PRESENTATION_REPRESENTATION (  '', ( #6535 ), #4197 ) ;
#7301 = LINE ( 'NONE', #953, #559 ) ;
#7302 = VECTOR ( 'NONE', #7888, 1000.000000000000000 ) ;
#7303 = EDGE_CURVE ( 'NONE', #2524, #85, #6058, .T. ) ;
#7304 = SURFACE_STYLE_FILL_AREA ( #5216 ) ;
#7305 =( NAMED_UNIT ( * ) SI_UNIT ( $, .STERADIAN. ) SOLID_ANGLE_UNIT ( ) );
#7306 = LINE ( 'NONE', #8075, #1405 ) ;
#7307 = DIRECTION ( 'NONE',  ( 2.168404344971008868E-16, 1.000000000000000000, -0.000000000000000000 ) ) ;
#7308 = VERTEX_POINT ( 'NONE', #6867 ) ;
#7309 = DIRECTION ( 'NONE',  ( 0.000000000000000000, 1.000000000000000000, 0.000000000000000000 ) ) ;
#7310 = VECTOR ( 'NONE', #6443, 1000.000000000000000 ) ;
#7311 =( LENGTH_UNIT ( ) NAMED_UNIT ( * ) SI_UNIT ( .MILLI., .METRE. ) );
#7312 =( GEOMETRIC_REPRESENTATION_CONTEXT ( 3 ) GLOBAL_UNCERTAINTY_ASSIGNED_CONTEXT ( ( #7491 ) ) GLOBAL_UNIT_ASSIGNED_CONTEXT ( ( #3783, #2400, #227 ) ) REPRESENTATION_CONTEXT ( 'NONE', 'WORKASPACE' ) );
#7313 = EDGE_CURVE ( 'NONE', #833, #4037, #2503, .T. ) ;
#7314 = ORIENTED_EDGE ( 'NONE', *, *, #3826, .F. ) ;
#7315 = CARTESIAN_POINT ( 'NONE',  ( 0.7049999999999998490, 2.500000000000000000, -0.6999999999999999556 ) ) ;
#7316 = ORIENTED_EDGE ( 'NONE', *, *, #6367, .F. ) ;
#7317 = CARTESIAN_POINT ( 'NONE',  ( -1.680000000000000160, -0.8709128788536000254, -0.1000000000000000472 ) ) ;
#7318 =( NAMED_UNIT ( * ) SI_UNIT ( $, .STERADIAN. ) SOLID_ANGLE_UNIT ( ) );
#7319 = EDGE_LOOP ( 'NONE', ( #8218, #4584, #2157, #215 ) ) ;
#7320 = UNCERTAINTY_MEASURE_WITH_UNIT (LENGTH_MEASURE( 1.000000000000000082E-05 ), #3786, 'distance_accuracy_value', 'NONE');
#7321 = ADVANCED_FACE ( 'NONE', ( #6813 ), #7476, .F. ) ;
#7322 = LINE ( 'NONE', #8838, #4477 ) ;
#7323 = CARTESIAN_POINT ( 'NONE',  ( -1.610000000000000098, 0.7618257577072999887, 0.000000000000000000 ) ) ;
#7324 = COLOUR_RGB ( '',1.000000000000000000, 1.000000000000000000, 1.000000000000000000 ) ;
#7325 = ORIENTED_EDGE ( 'NONE', *, *, #4004, .F. ) ;
#7326 = DIRECTION ( 'NONE',  ( 0.000000000000000000, 0.000000000000000000, 1.000000000000000000 ) ) ;
#7327 = LINE ( 'NONE', #977, #6006 ) ;
#7328 = EDGE_LOOP ( 'NONE', ( #5170, #7122, #4369, #4392 ) ) ;
#7329 = CARTESIAN_POINT ( 'NONE',  ( 1.750999999999999668, -1.000000000000000000, -1.399000000000000021 ) ) ;
#7330 = ORIENTED_EDGE ( 'NONE', *, *, #271, .F. ) ;
#7331 = VECTOR ( 'NONE', #4662, 1000.000000000000000 ) ;
#7332 = DIRECTION ( 'NONE',  ( 0.000000000000000000, 0.000000000000000000, -1.000000000000000000 ) ) ;
#7333 = SURFACE_SIDE_STYLE ('',( #2315 ) ) ;
#7334 = LINE ( 'NONE', #8149, #723 ) ;
#7335 = ORIENTED_EDGE ( 'NONE', *, *, #3139, .T. ) ;
#7336 =( GEOMETRIC_REPRESENTATION_CONTEXT ( 3 ) GLOBAL_UNCERTAINTY_ASSIGNED_CONTEXT ( ( #1198 ) ) GLOBAL_UNIT_ASSIGNED_CONTEXT ( ( #2029, #6866, #2822 ) ) REPRESENTATION_CONTEXT ( 'NONE', 'WORKASPACE' ) );
#7337 = ADVANCED_FACE ( 'NONE', ( #6724 ), #2552, .T. ) ;
#7338 = CARTESIAN_POINT ( 'NONE',  ( 1.750000000000000000, -1.550000000000000044, -0.9513780793966000182 ) ) ;
#7339 =( NAMED_UNIT ( * ) PLANE_ANGLE_UNIT ( ) SI_UNIT ( $, .RADIAN. ) );
#7340 = AXIS2_PLACEMENT_3D ( 'NONE', #4385, #97, #3687 ) ;
#7341 = VECTOR ( 'NONE', #4682, 1000.000000000000000 ) ;
#7342 = FILL_AREA_STYLE ('',( #8726 ) ) ;
#7343 = CARTESIAN_POINT ( 'NONE',  ( -0.7049999999999999600, 1.449999999999999956, -0.6999999999999999556 ) ) ;
#7344 = ORIENTED_EDGE ( 'NONE', *, *, #3224, .T. ) ;
#7345 = DIRECTION ( 'NONE',  ( 1.000000000000000000, 0.000000000000000000, 0.000000000000000000 ) ) ;
#7346 = PRESENTATION_LAYER_ASSIGNMENT (  '', '', ( #5407 ) ) ;
#7347 = CARTESIAN_POINT ( 'NONE',  ( 1.750000000000000000, -1.550000000000000044, 0.000000000000000000 ) ) ;
#7348 = DIRECTION ( 'NONE',  ( 0.000000000000000000, -1.000000000000000000, 0.000000000000000000 ) ) ;
#7349 = DIRECTION ( 'NONE',  ( 0.000000000000000000, 0.000000000000000000, -1.000000000000000000 ) ) ;
#7350 = LINE ( 'NONE', #2284, #3940 ) ;
#7351 = LINE ( 'NONE', #1622, #7764 ) ;
#7352 = DIRECTION ( 'NONE',  ( 0.000000000000000000, 0.000000000000000000, 1.000000000000000000 ) ) ;
#7353 = ORIENTED_EDGE ( 'NONE', *, *, #1279, .F. ) ;
#7354 =( LENGTH_UNIT ( ) NAMED_UNIT ( * ) SI_UNIT ( .MILLI., .METRE. ) );
#7355 = CARTESIAN_POINT ( 'NONE',  ( 1.242857142857142883, 1.449999999999999956, -0.7963999475630351155 ) ) ;
#7356 = ORIENTED_EDGE ( 'NONE', *, *, #7916, .F. ) ;
#7357 = CARTESIAN_POINT ( 'NONE',  ( -8.131516293641283255E-17, 0.000000000000000000, -1.399999999999999911 ) ) ;
#7358 = AXIS2_PLACEMENT_3D ( 'NONE', #7139, #3630, #3781 ) ;
#7359 = ORIENTED_EDGE ( 'NONE', *, *, #7106, .F. ) ;
#7360 = EDGE_CURVE ( 'NONE', #7050, #2146, #3554, .T. ) ;
#7361 = PLANE ( 'NONE',  #660 ) ;
#7362 = ADVANCED_FACE ( 'NONE', ( #2176 ), #5650, .T. ) ;
#7363 = CARTESIAN_POINT ( 'NONE',  ( 1.399999999999999911, -1.399999999999999911, 0.000000000000000000 ) ) ;
#7364 = ORIENTED_EDGE ( 'NONE', *, *, #880, .T. ) ;
#7365 = EDGE_LOOP ( 'NONE', ( #4741, #4255, #3076, #4351 ) ) ;
#7366 = EDGE_CURVE ( 'NONE', #2557, #4685, #8201, .T. ) ;
#7367 = DIRECTION ( 'NONE',  ( 0.000000000000000000, 1.000000000000000000, 0.000000000000000000 ) ) ;
#7368 = ORIENTED_EDGE ( 'NONE', *, *, #796, .T. ) ;
#7369 = STYLED_ITEM ( 'NONE', ( #2609 ), #2462 ) ;
#7370 = DIRECTION ( 'NONE',  ( 1.000000000000000000, 0.000000000000000000, 0.000000000000000000 ) ) ;
#7371 = ORIENTED_EDGE ( 'NONE', *, *, #4817, .F. ) ;
#7372 = MECHANICAL_DESIGN_GEOMETRIC_PRESENTATION_REPRESENTATION (  '', ( #3253 ), #6917 ) ;
#7373 = VECTOR ( 'NONE', #6540, 1000.000000000000000 ) ;
#7374 = AXIS2_PLACEMENT_3D ( 'NONE', #2521, #3959, #6692 ) ;
#7375 = CARTESIAN_POINT ( 'NONE',  ( -0.7049999999999999600, 2.500000000000000000, -0.6999999999999999556 ) ) ;
#7376 = DIRECTION ( 'NONE',  ( 0.000000000000000000, -0.1166546987195020424, 0.9931725334838162889 ) ) ;
#7377 = DIRECTION ( 'NONE',  ( -0.000000000000000000, 1.000000000000000000, -0.000000000000000000 ) ) ;
#7378 = CARTESIAN_POINT ( 'NONE',  ( 1.750000000000000000, -0.5000000000000000000, -1.399000000000000021 ) ) ;
#7379 = LINE ( 'NONE', #3797, #3011 ) ;
#7380 = EDGE_CURVE ( 'NONE', #7308, #4364, #7738, .T. ) ;
#7381 = VERTEX_POINT ( 'NONE', #1416 ) ;
#7382 = CARTESIAN_POINT ( 'NONE',  ( 1.594948974278317833, -1.449999999999999956, -1.151378079396599974 ) ) ;
#7383 = AXIS2_PLACEMENT_3D ( 'NONE', #1103, #7613, #3944 ) ;
#7384 = VECTOR ( 'NONE', #3136, 1000.000000000000000 ) ;
#7385 = CARTESIAN_POINT ( 'NONE',  ( -0.8050000000000000488, 1.449999999999999956, -1.399999999999999911 ) ) ;
#7386 =( NAMED_UNIT ( * ) PLANE_ANGLE_UNIT ( ) SI_UNIT ( $, .RADIAN. ) );
#7387 = AXIS2_PLACEMENT_3D ( 'NONE', #7447, #7542, #3259 ) ;
#7388 = EDGE_LOOP ( 'NONE', ( #4162, #3040, #402, #117 ) ) ;
#7389 = DIRECTION ( 'NONE',  ( 0.000000000000000000, 0.000000000000000000, -1.000000000000000000 ) ) ;
#7390 = SURFACE_STYLE_FILL_AREA ( #4500 ) ;
#7391 = ORIENTED_EDGE ( 'NONE', *, *, #6556, .T. ) ;
#7392 = SURFACE_STYLE_FILL_AREA ( #7574 ) ;
#7393 = LINE ( 'NONE', #3859, #5662 ) ;
#7394 = PLANE ( 'NONE',  #4719 ) ;
#7395 = EDGE_LOOP ( 'NONE', ( #5788, #2511, #3465, #8429, #8751, #2873, #1620, #2549, #8689, #4766, #8446, #1795, #9164, #1984, #1498, #2251, #248, #1251, #5389, #4516, #36, #8796, #580, #8653, #7060, #6310 ) ) ;
#7396 = SURFACE_STYLE_USAGE ( .BOTH. , #3163 ) ;
#7397 = UNCERTAINTY_MEASURE_WITH_UNIT (LENGTH_MEASURE( 1.000000000000000082E-05 ), #1380, 'distance_accuracy_value', 'NONE');
#7398 =( NAMED_UNIT ( * ) PLANE_ANGLE_UNIT ( ) SI_UNIT ( $, .RADIAN. ) );
#7399 =( NAMED_UNIT ( * ) PLANE_ANGLE_UNIT ( ) SI_UNIT ( $, .RADIAN. ) );
#7400 = UNCERTAINTY_MEASURE_WITH_UNIT (LENGTH_MEASURE( 1.000000000000000082E-05 ), #6841, 'distance_accuracy_value', 'NONE');
#7401 = VERTEX_POINT ( 'NONE', #2223 ) ;
#7402 = ADVANCED_FACE ( 'NONE', ( #7055 ), #4975, .F. ) ;
#7403 = LINE ( 'NONE', #3962, #5294 ) ;
#7404 = ORIENTED_EDGE ( 'NONE', *, *, #100, .F. ) ;
#7405 =( LENGTH_UNIT ( ) NAMED_UNIT ( * ) SI_UNIT ( .MILLI., .METRE. ) );
#7406 = DIRECTION ( 'NONE',  ( 0.000000000000000000, 0.2499999999999887312, 0.9682458365518571419 ) ) ;
#7407 = ADVANCED_FACE ( 'NONE', ( #1657 ), #945, .F. ) ;
#7408 = ORIENTED_EDGE ( 'NONE', *, *, #219, .F. ) ;
#7409 = DIRECTION ( 'NONE',  ( 0.000000000000000000, 0.000000000000000000, -1.000000000000000000 ) ) ;
#7410 = VECTOR ( 'NONE', #7551, 1000.000000000000000 ) ;
#7411 = LINE ( 'NONE', #3921, #2283 ) ;
#7412 = CARTESIAN_POINT ( 'NONE',  ( -1.350000000000000089, -1.550000000000000044, -0.9013780793965999738 ) ) ;
#7413 = AXIS2_PLACEMENT_3D ( 'NONE', #7857, #2255, #4318 ) ;
#7414 = CARTESIAN_POINT ( 'NONE',  ( -1.179999999999999272, 0.4540675543254999447, -1.320000000000000062 ) ) ;
#7415 = EDGE_CURVE ( 'NONE', #8184, #7050, #5533, .T. ) ;
#7416 = VERTEX_POINT ( 'NONE', #3644 ) ;
#7417 = FILL_AREA_STYLE ('',( #7504 ) ) ;
#7418 = AXIS2_PLACEMENT_3D ( 'NONE', #355, #2571, #3218 ) ;
#7419 = PRESENTATION_STYLE_ASSIGNMENT (( #8808 ) ) ;
#7420 = STYLED_ITEM ( 'NONE', ( #2919 ), #4048 ) ;
#7421 = CARTESIAN_POINT ( 'NONE',  ( -0.8750000000000001110, 1.071565949253934149E-16, -0.1000000000000000472 ) ) ;
#7422 = VECTOR ( 'NONE', #2554, 1000.000000000000000 ) ;
#7423 = CIRCLE ( 'NONE', #2432, 0.1999999999999999833 ) ;
#7424 = VECTOR ( 'NONE', #511, 1000.000000000000000 ) ;
#7425 = ORIENTED_EDGE ( 'NONE', *, *, #2116, .F. ) ;
#7426 = CARTESIAN_POINT ( 'NONE',  ( -1.750000000000000000, 1.000000000000000000, -1.399000000000000021 ) ) ;
#7427 =( GEOMETRIC_REPRESENTATION_CONTEXT ( 3 ) GLOBAL_UNCERTAINTY_ASSIGNED_CONTEXT ( ( #268 ) ) GLOBAL_UNIT_ASSIGNED_CONTEXT ( ( #7959, #1509, #3052 ) ) REPRESENTATION_CONTEXT ( 'NONE', 'WORKASPACE' ) );
#7428 = FACE_OUTER_BOUND ( 'NONE', #6686, .T. ) ;
#7429 = EDGE_CURVE ( 'NONE', #5325, #3716, #5834, .T. ) ;
#7430 = ORIENTED_EDGE ( 'NONE', *, *, #6035, .T. ) ;
#7431 = AXIS2_PLACEMENT_3D ( 'NONE', #8958, #6188, #6808 ) ;
#7432 = FILL_AREA_STYLE_COLOUR ( '', #1029 ) ;
#7433 = CIRCLE ( 'NONE', #4646, 0.1499999999999999667 ) ;
#7434 = ORIENTED_EDGE ( 'NONE', *, *, #2105, .F. ) ;
#7435 = PLANE ( 'NONE',  #3103 ) ;
#7436 = EDGE_LOOP ( 'NONE', ( #998, #6278, #8448, #2305 ) ) ;
#7437 = EDGE_CURVE ( 'NONE', #7537, #2658, #901, .T. ) ;
#7438 =( LENGTH_UNIT ( ) NAMED_UNIT ( * ) SI_UNIT ( .MILLI., .METRE. ) );
#7439 = CARTESIAN_POINT ( 'NONE',  ( 1.350000000000000089, 1.550000000000000044, -0.9013780793965999738 ) ) ;
#7440 = CARTESIAN_POINT ( 'NONE',  ( 1.300000000000000266, -1.300000000000000044, -0.6564291051182821191 ) ) ;
#7441 = ORIENTED_EDGE ( 'NONE', *, *, #5445, .T. ) ;
#7442 = AXIS2_PLACEMENT_3D ( 'NONE', #3611, #4352, #7171 ) ;
#7443 = VECTOR ( 'NONE', #5967, 1000.000000000000000 ) ;
#7444 = DIRECTION ( 'NONE',  ( -0.000000000000000000, 1.000000000000000000, -0.000000000000000000 ) ) ;
#7445 = CARTESIAN_POINT ( 'NONE',  ( 2.299999999999999822, 0.5000000000000000000, -1.399999999999999911 ) ) ;
#7446 = VERTEX_POINT ( 'NONE', #3742 ) ;
#7447 = CARTESIAN_POINT ( 'NONE',  ( -1.300000000000000266, -1.760000000000000009, 0.000000000000000000 ) ) ;
#7448 = STYLED_ITEM ( 'NONE', ( #5681 ), #9113 ) ;
#7449 = DIRECTION ( 'NONE',  ( 0.000000000000000000, 0.000000000000000000, -1.000000000000000000 ) ) ;
#7450 = VERTEX_POINT ( 'NONE', #2275 ) ;
#7451 =( LENGTH_UNIT ( ) NAMED_UNIT ( * ) SI_UNIT ( .MILLI., .METRE. ) );
#7452 =( NAMED_UNIT ( * ) PLANE_ANGLE_UNIT ( ) SI_UNIT ( $, .RADIAN. ) );
#7453 = VERTEX_POINT ( 'NONE', #850 ) ;
#7454 = DIRECTION ( 'NONE',  ( 1.000000000000000000, 0.000000000000000000, 0.000000000000000000 ) ) ;
#7455 = VECTOR ( 'NONE', #2879, 1000.000000000000000 ) ;
#7456 = LINE ( 'NONE', #8246, #3322 ) ;
#7457 = CARTESIAN_POINT ( 'NONE',  ( -1.300000000000000266, -0.2459324456744999832, -1.320000000000000062 ) ) ;
#7458 = ORIENTED_EDGE ( 'NONE', *, *, #662, .T. ) ;
#7459 = CARTESIAN_POINT ( 'NONE',  ( 0.9049999999999999156, 1.550000000000000044, -0.6999999999999999556 ) ) ;
#7460 = CARTESIAN_POINT ( 'NONE',  ( 0.2799999999999990830, 0.4540675543254998892, -1.320000000000000062 ) ) ;
#7461 = CARTESIAN_POINT ( 'NONE',  ( -1.750000000000000000, -1.449999999999999956, -1.101378079396600151 ) ) ;
#7462 = CARTESIAN_POINT ( 'NONE',  ( -1.629999999999999893, 1.180000000000000160, 1.698556084261999999 ) ) ;
#7463 = ORIENTED_EDGE ( 'NONE', *, *, #4826, .F. ) ;
#7464 =( NAMED_UNIT ( * ) PLANE_ANGLE_UNIT ( ) SI_UNIT ( $, .RADIAN. ) );
#7465 = DIRECTION ( 'NONE',  ( 0.7071067811865510144, -1.703659351870424091E-16, 0.7071067811865440200 ) ) ;
#7466 = UNCERTAINTY_MEASURE_WITH_UNIT (LENGTH_MEASURE( 1.000000000000000082E-05 ), #6206, 'distance_accuracy_value', 'NONE');
#7467 = VECTOR ( 'NONE', #2926, 1000.000000000000000 ) ;
#7468 = PRESENTATION_STYLE_ASSIGNMENT (( #6590 ) ) ;
#7469 = STYLED_ITEM ( 'NONE', ( #8538 ), #7362 ) ;
#7470 = ORIENTED_EDGE ( 'NONE', *, *, #462, .F. ) ;
#7471 =( NAMED_UNIT ( * ) PLANE_ANGLE_UNIT ( ) SI_UNIT ( $, .RADIAN. ) );
#7472 = VECTOR ( 'NONE', #3928, 1000.000000000000114 ) ;
#7473 = DIRECTION ( 'NONE',  ( 0.000000000000000000, 0.000000000000000000, -1.000000000000000000 ) ) ;
#7474 = ADVANCED_FACE ( 'NONE', ( #99 ), #5063, .T. ) ;
#7475 = STYLED_ITEM ( 'NONE', ( #1727 ), #7740 ) ;
#7476 = PLANE ( 'NONE',  #2467 ) ;
#7477 = PRESENTATION_STYLE_ASSIGNMENT (( #428 ) ) ;
#7478 = SURFACE_SIDE_STYLE ('',( #6869 ) ) ;
#7479 = EDGE_LOOP ( 'NONE', ( #8667, #2794, #3478, #6745 ) ) ;
#7480 = CARTESIAN_POINT ( 'NONE',  ( 1.600000000000000089, 1.550000000000000044, -0.9513780793966000182 ) ) ;
#7481 = AXIS2_PLACEMENT_3D ( 'NONE', #3346, #5346, #8367 ) ;
#7482 = ORIENTED_EDGE ( 'NONE', *, *, #1938, .F. ) ;
#7483 = LINE ( 'NONE', #8877, #3682 ) ;
#7484 = VERTEX_POINT ( 'NONE', #2362 ) ;
#7485 = CARTESIAN_POINT ( 'NONE',  ( 0.9049999999999999156, 2.500000000000000000, -1.739999999999999769 ) ) ;
#7486 = CARTESIAN_POINT ( 'NONE',  ( -1.299999999999998934, -0.4459324456745000220, -1.320000000000000062 ) ) ;
#7487 = PRESENTATION_STYLE_ASSIGNMENT (( #6688 ) ) ;
#7488 = VERTEX_POINT ( 'NONE', #5154 ) ;
#7489 = CARTESIAN_POINT ( 'NONE',  ( 0.9049999999999999156, 1.550000000000000044, -1.102973369332799658 ) ) ;
#7490 = EDGE_CURVE ( 'NONE', #5568, #5371, #7971, .T. ) ;
#7491 = UNCERTAINTY_MEASURE_WITH_UNIT (LENGTH_MEASURE( 1.000000000000000082E-05 ), #3783, 'distance_accuracy_value', 'NONE');
#7492 = VERTEX_POINT ( 'NONE', #8069 ) ;
#7493 = DIRECTION ( 'NONE',  ( 1.000000000000000000, 0.000000000000000000, 0.000000000000000000 ) ) ;
#7494 = ORIENTED_EDGE ( 'NONE', *, *, #2510, .F. ) ;
#7495 = VECTOR ( 'NONE', #3633, 1000.000000000000000 ) ;
#7496 = FILL_AREA_STYLE ('',( #4557 ) ) ;
#7497 = ORIENTED_EDGE ( 'NONE', *, *, #2797, .T. ) ;
#7498 = LINE ( 'NONE', #8551, #3042 ) ;
#7499 = CARTESIAN_POINT ( 'NONE',  ( -1.104999999999999982, -3.500000000000000000, -1.302973369332799836 ) ) ;
#7500 = CARTESIAN_POINT ( 'NONE',  ( 0.9049999999999999156, -1.449999999999999956, -0.6999999999999999556 ) ) ;
#7501 =( NAMED_UNIT ( * ) SI_UNIT ( $, .STERADIAN. ) SOLID_ANGLE_UNIT ( ) );
#7502 = UNCERTAINTY_MEASURE_WITH_UNIT (LENGTH_MEASURE( 1.000000000000000082E-05 ), #6893, 'distance_accuracy_value', 'NONE');
#7503 = ORIENTED_EDGE ( 'NONE', *, *, #2101, .F. ) ;
#7504 = FILL_AREA_STYLE_COLOUR ( '', #7961 ) ;
#7505 = EDGE_CURVE ( 'NONE', #5829, #1848, #1881, .T. ) ;
#7506 =( NAMED_UNIT ( * ) PLANE_ANGLE_UNIT ( ) SI_UNIT ( $, .RADIAN. ) );
#7507 = FILL_AREA_STYLE ('',( #1878 ) ) ;
#7508 = CIRCLE ( 'NONE', #691, 0.2000000000000000944 ) ;
#7509 = FILL_AREA_STYLE ('',( #2589 ) ) ;
#7510 = ORIENTED_EDGE ( 'NONE', *, *, #2357, .F. ) ;
#7511 = APPLICATION_CONTEXT ( 'automotive_design' ) ;
#7512 = PRESENTATION_STYLE_ASSIGNMENT (( #7604 ) ) ;
#7513 = PRESENTATION_STYLE_ASSIGNMENT (( #8814 ) ) ;
#7514 = ORIENTED_EDGE ( 'NONE', *, *, #470, .F. ) ;
#7515 = AXIS2_PLACEMENT_3D ( 'NONE', #8100, #7409, #1648 ) ;
#7516 = SURFACE_STYLE_USAGE ( .BOTH. , #1985 ) ;
#7517 = FILL_AREA_STYLE ('',( #6108 ) ) ;
#7518 = VECTOR ( 'NONE', #812, 1000.000000000000000 ) ;
#7519 =( NAMED_UNIT ( * ) PLANE_ANGLE_UNIT ( ) SI_UNIT ( $, .RADIAN. ) );
#7520 = EDGE_CURVE ( 'NONE', #7757, #3178, #4058, .T. ) ;
#7521 = PRESENTATION_LAYER_ASSIGNMENT (  '', '', ( #2070 ) ) ;
#7522 = FILL_AREA_STYLE ('',( #381 ) ) ;
#7523 = CARTESIAN_POINT ( 'NONE',  ( 1.299999999999998712, 0.4540675543254999447, -1.369999999999999885 ) ) ;
#7524 = COLOUR_RGB ( '',1.000000000000000000, 1.000000000000000000, 1.000000000000000000 ) ;
#7525 = ORIENTED_EDGE ( 'NONE', *, *, #3575, .T. ) ;
#7526 = SURFACE_SIDE_STYLE ('',( #571 ) ) ;
#7527 = EDGE_CURVE ( 'NONE', #3074, #5288, #1746, .T. ) ;
#7528 = COLOUR_RGB ( '',1.000000000000000000, 1.000000000000000000, 1.000000000000000000 ) ;
#7529 = ORIENTED_EDGE ( 'NONE', *, *, #8892, .T. ) ;
#7530 = FACE_OUTER_BOUND ( 'NONE', #1888, .T. ) ;
#7531 = STYLED_ITEM ( 'NONE', ( #6965 ), #6088 ) ;
#7532 = CARTESIAN_POINT ( 'NONE',  ( -1.129999999999999227, -0.4459324456745000220, -1.369999999999999885 ) ) ;
#7533 = MECHANICAL_DESIGN_GEOMETRIC_PRESENTATION_REPRESENTATION (  '', ( #5167 ), #4890 ) ;
#7534 = ORIENTED_EDGE ( 'NONE', *, *, #3082, .F. ) ;
#7535 =( NAMED_UNIT ( * ) PLANE_ANGLE_UNIT ( ) SI_UNIT ( $, .RADIAN. ) );
#7536 = DIRECTION ( 'NONE',  ( 1.000000000000000000, 0.000000000000000000, 0.000000000000000000 ) ) ;
#7537 = VERTEX_POINT ( 'NONE', #4569 ) ;
#7538 =( GEOMETRIC_REPRESENTATION_CONTEXT ( 3 ) GLOBAL_UNCERTAINTY_ASSIGNED_CONTEXT ( ( #4905 ) ) GLOBAL_UNIT_ASSIGNED_CONTEXT ( ( #2667, #8949, #1828 ) ) REPRESENTATION_CONTEXT ( 'NONE', 'WORKASPACE' ) );
#7539 = CIRCLE ( 'NONE', #7374, 0.1200000000000000927 ) ;
#7540 =( NAMED_UNIT ( * ) SI_UNIT ( $, .STERADIAN. ) SOLID_ANGLE_UNIT ( ) );
#7541 = VERTEX_POINT ( 'NONE', #7378 ) ;
#7542 = DIRECTION ( 'NONE',  ( 1.000000000000000000, 0.000000000000000000, 0.000000000000000000 ) ) ;
#7543 = CARTESIAN_POINT ( 'NONE',  ( -1.729999999999999982, 0.4000000000000000222, -0.1000000000000000472 ) ) ;
#7544 = ORIENTED_EDGE ( 'NONE', *, *, #719, .F. ) ;
#7545 =( NAMED_UNIT ( * ) SI_UNIT ( $, .STERADIAN. ) SOLID_ANGLE_UNIT ( ) );
#7546 = ORIENTED_EDGE ( 'NONE', *, *, #7380, .T. ) ;
#7547 = DIRECTION ( 'NONE',  ( -0.000000000000000000, -0.000000000000000000, -1.000000000000000000 ) ) ;
#7548 = CYLINDRICAL_SURFACE ( 'NONE', #771, 0.1000000000000000472 ) ;
#7549 = ORIENTED_EDGE ( 'NONE', *, *, #2913, .F. ) ;
#7550 = CARTESIAN_POINT ( 'NONE',  ( 1.750000000000000000, 1.550000000000000044, -1.302973369332799836 ) ) ;
#7551 = DIRECTION ( 'NONE',  ( -2.409338161078898687E-16, -1.000000000000000000, -0.000000000000000000 ) ) ;
#7552 = LINE ( 'NONE', #2202, #7220 ) ;
#7553 = COLOUR_RGB ( '',0.7686274509803920907, 0.7686274509803920907, 0.7686274509803920907 ) ;
#7554 = CARTESIAN_POINT ( 'NONE',  ( 1.399999999999999911, -1.300000000000000044, 0.000000000000000000 ) ) ;
#7555 = CARTESIAN_POINT ( 'NONE',  ( -0.9050000000000001377, -1.427698927807000029, -1.399999999999999911 ) ) ;
#7556 = AXIS2_PLACEMENT_3D ( 'NONE', #300, #8048, #5185 ) ;
#7557 = CARTESIAN_POINT ( 'NONE',  ( -1.750000000000000000, 1.449999999999999956, -0.9513780793966000182 ) ) ;
#7558 = FILL_AREA_STYLE_COLOUR ( '', #2431 ) ;
#7559 = ORIENTED_EDGE ( 'NONE', *, *, #6447, .T. ) ;
#7560 =( GEOMETRIC_REPRESENTATION_CONTEXT ( 3 ) GLOBAL_UNCERTAINTY_ASSIGNED_CONTEXT ( ( #6374 ) ) GLOBAL_UNIT_ASSIGNED_CONTEXT ( ( #6049, #4885, #4798 ) ) REPRESENTATION_CONTEXT ( 'NONE', 'WORKASPACE' ) );
#7561 = DIRECTION ( 'NONE',  ( 0.000000000000000000, -1.000000000000000000, 0.000000000000000000 ) ) ;
#7562 = SURFACE_SIDE_STYLE ('',( #1325 ) ) ;
#7563 = DIRECTION ( 'NONE',  ( -0.000000000000000000, -0.000000000000000000, 1.000000000000000000 ) ) ;
#7564 = VECTOR ( 'NONE', #8449, 1000.000000000000000 ) ;
#7565 = LINE ( 'NONE', #7523, #7422 ) ;
#7566 = STYLED_ITEM ( 'NONE', ( #7513 ), #8321 ) ;
#7567 = MECHANICAL_DESIGN_GEOMETRIC_PRESENTATION_REPRESENTATION (  '', ( #4483 ), #1368 ) ;
#7568 = VERTEX_POINT ( 'NONE', #1220 ) ;
#7569 =( NAMED_UNIT ( * ) SI_UNIT ( $, .STERADIAN. ) SOLID_ANGLE_UNIT ( ) );
#7570 = ORIENTED_EDGE ( 'NONE', *, *, #586, .T. ) ;
#7571 = SURFACE_STYLE_FILL_AREA ( #5432 ) ;
#7572 = EDGE_CURVE ( 'NONE', #1183, #1522, #2631, .T. ) ;
#7573 = EDGE_LOOP ( 'NONE', ( #3353, #6066, #3974, #1102, #222, #3610, #7947, #2390, #951, #1663, #5271, #4771, #1384, #6410, #3987, #5953, #8191, #6436, #354, #1153 ) ) ;
#7574 = FILL_AREA_STYLE ('',( #4033 ) ) ;
#7575 = ORIENTED_EDGE ( 'NONE', *, *, #7297, .F. ) ;
#7576 = UNCERTAINTY_MEASURE_WITH_UNIT (LENGTH_MEASURE( 1.000000000000000082E-05 ), #6251, 'distance_accuracy_value', 'NONE');
#7577 = COLOUR_RGB ( '',0.4117647058823529216, 0.4117647058823529216, 0.4117647058823529216 ) ;
#7578 = SURFACE_STYLE_FILL_AREA ( #1955 ) ;
#7579 = EDGE_CURVE ( 'NONE', #4995, #5382, #6855, .T. ) ;
#7580 =( GEOMETRIC_REPRESENTATION_CONTEXT ( 3 ) GLOBAL_UNCERTAINTY_ASSIGNED_CONTEXT ( ( #8703 ) ) GLOBAL_UNIT_ASSIGNED_CONTEXT ( ( #2847, #4874, #2802 ) ) REPRESENTATION_CONTEXT ( 'NONE', 'WORKASPACE' ) );
#7581 = LINE ( 'NONE', #1250, #2523 ) ;
#7582 = UNCERTAINTY_MEASURE_WITH_UNIT (LENGTH_MEASURE( 1.000000000000000082E-05 ), #3289, 'distance_accuracy_value', 'NONE');
#7583 = ORIENTED_EDGE ( 'NONE', *, *, #4591, .T. ) ;
#7584 = ADVANCED_FACE ( 'NONE', ( #6101 ), #4020, .T. ) ;
#7585 = CARTESIAN_POINT ( 'NONE',  ( -1.299999999999998934, 0.4540675543254998336, -1.320000000000000062 ) ) ;
#7586 = VERTEX_POINT ( 'NONE', #5324 ) ;
#7587 = COLOUR_RGB ( '',1.000000000000000000, 1.000000000000000000, 1.000000000000000000 ) ;
#7588 = LINE ( 'NONE', #6747, #8652 ) ;
#7589 = PRESENTATION_LAYER_ASSIGNMENT (  '', '', ( #2451 ) ) ;
#7590 = EDGE_LOOP ( 'NONE', ( #1193, #8847, #1780, #5811 ) ) ;
#7591 = EDGE_CURVE ( 'NONE', #4037, #4364, #8378, .T. ) ;
#7592 = LINE ( 'NONE', #542, #2665 ) ;
#7593 = DIRECTION ( 'NONE',  ( 0.000000000000000000, -1.000000000000000000, 0.000000000000000000 ) ) ;
#7594 = DIRECTION ( 'NONE',  ( -1.000000000000000000, 0.000000000000000000, 0.000000000000000000 ) ) ;
#7595 = DIRECTION ( 'NONE',  ( -0.000000000000000000, 1.000000000000000000, -0.000000000000000000 ) ) ;
#7596 = UNCERTAINTY_MEASURE_WITH_UNIT (LENGTH_MEASURE( 1.000000000000000082E-05 ), #5011, 'distance_accuracy_value', 'NONE');
#7597 = PRESENTATION_LAYER_ASSIGNMENT (  '', '', ( #5233 ) ) ;
#7598 = ORIENTED_EDGE ( 'NONE', *, *, #4657, .F. ) ;
#7599 = DIRECTION ( 'NONE',  ( 1.000000000000000000, 0.000000000000000000, 0.000000000000000000 ) ) ;
#7600 = CARTESIAN_POINT ( 'NONE',  ( 1.299999999999998934, -0.4459324456745000220, -1.369999999999999885 ) ) ;
#7601 = AXIS2_PLACEMENT_3D ( 'NONE', #8323, #8832, #2001 ) ;
#7602 = FILL_AREA_STYLE ('',( #5376 ) ) ;
#7603 =( LENGTH_UNIT ( ) NAMED_UNIT ( * ) SI_UNIT ( .MILLI., .METRE. ) );
#7604 = SURFACE_STYLE_USAGE ( .BOTH. , #1317 ) ;
#7605 = LINE ( 'NONE', #6149, #6028 ) ;
#7606 = EDGE_CURVE ( 'NONE', #4245, #3074, #4830, .T. ) ;
#7607 = COLOUR_RGB ( '',0.4117647058823529216, 0.4117647058823529216, 0.4117647058823529216 ) ;
#7608 = AXIS2_PLACEMENT_3D ( 'NONE', #7385, #2422, #108 ) ;
#7609 = VERTEX_POINT ( 'NONE', #4758 ) ;
#7610 = FACE_OUTER_BOUND ( 'NONE', #920, .T. ) ;
#7611 = FILL_AREA_STYLE ('',( #7776 ) ) ;
#7612 = ORIENTED_EDGE ( 'NONE', *, *, #327, .F. ) ;
#7613 = DIRECTION ( 'NONE',  ( 0.000000000000000000, -1.000000000000000000, 0.000000000000000000 ) ) ;
#7614 = VERTEX_POINT ( 'NONE', #3280 ) ;
#7615 = PLANE ( 'NONE',  #8757 ) ;
#7616 = AXIS2_PLACEMENT_3D ( 'NONE', #4967, #2111, #4146 ) ;
#7617 = DIRECTION ( 'NONE',  ( 0.000000000000000000, 1.000000000000000000, 0.000000000000000000 ) ) ;
#7618 = ORIENTED_EDGE ( 'NONE', *, *, #4435, .F. ) ;
#7619 = CARTESIAN_POINT ( 'NONE',  ( 1.750000000000000000, -1.550000000000000044, -0.9513780793966000182 ) ) ;
#7620 = DIRECTION ( 'NONE',  ( -1.000000000000000000, 3.648550790143000474E-14, 0.000000000000000000 ) ) ;
#7621 = DIRECTION ( 'NONE',  ( -0.000000000000000000, 1.000000000000000000, -0.000000000000000000 ) ) ;
#7622 = ORIENTED_EDGE ( 'NONE', *, *, #6394, .T. ) ;
#7623 = PRESENTATION_LAYER_ASSIGNMENT (  '', '', ( #2342 ) ) ;
#7624 = DIRECTION ( 'NONE',  ( 0.000000000000000000, -1.000000000000000000, 0.000000000000000000 ) ) ;
#7625 = VERTEX_POINT ( 'NONE', #4611 ) ;
#7626 =( NAMED_UNIT ( * ) PLANE_ANGLE_UNIT ( ) SI_UNIT ( $, .RADIAN. ) );
#7627 = CARTESIAN_POINT ( 'NONE',  ( -8.131516293641283255E-17, 0.000000000000000000, 0.5999999999999999778 ) ) ;
#7628 = VERTEX_POINT ( 'NONE', #7421 ) ;
#7629 = DIRECTION ( 'NONE',  ( 0.000000000000000000, 1.000000000000000000, 0.000000000000000000 ) ) ;
#7630 = ORIENTED_EDGE ( 'NONE', *, *, #1521, .F. ) ;
#7631 = EDGE_CURVE ( 'NONE', #6565, #1294, #8663, .T. ) ;
#7632 = CARTESIAN_POINT ( 'NONE',  ( -1.750000000000000000, -0.4225320565518999594, -0.1000000000000000472 ) ) ;
#7633 = ORIENTED_EDGE ( 'NONE', *, *, #8028, .T. ) ;
#7634 = ADVANCED_FACE ( 'NONE', ( #8205 ), #2590, .T. ) ;
#7635 = CYLINDRICAL_SURFACE ( 'NONE', #8914, 0.1499999999999999667 ) ;
#7636 = FILL_AREA_STYLE ('',( #4839 ) ) ;
#7637 = DIRECTION ( 'NONE',  ( 0.000000000000000000, -1.000000000000000000, 0.000000000000000000 ) ) ;
#7638 = LINE ( 'NONE', #7076, #7649 ) ;
#7639 = DIRECTION ( 'NONE',  ( 0.000000000000000000, 0.000000000000000000, -1.000000000000000000 ) ) ;
#7640 = STYLED_ITEM ( 'NONE', ( #2108 ), #1777 ) ;
#7641 = CARTESIAN_POINT ( 'NONE',  ( 1.729999999999999982, -0.4225320565518999594, 0.000000000000000000 ) ) ;
#7642 = SURFACE_SIDE_STYLE ('',( #6955 ) ) ;
#7643 = ORIENTED_EDGE ( 'NONE', *, *, #3356, .F. ) ;
#7644 = CIRCLE ( 'NONE', #4413, 0.1999999999999998723 ) ;
#7645 = FILL_AREA_STYLE ('',( #2726 ) ) ;
#7646 = EDGE_CURVE ( 'NONE', #6014, #8696, #1124, .T. ) ;
#7647 =( NAMED_UNIT ( * ) SI_UNIT ( $, .STERADIAN. ) SOLID_ANGLE_UNIT ( ) );
#7648 = CYLINDRICAL_SURFACE ( 'NONE', #4800, 0.1000000000000000472 ) ;
#7649 = VECTOR ( 'NONE', #3576, 1000.000000000000000 ) ;
#7650 = ORIENTED_EDGE ( 'NONE', *, *, #5667, .F. ) ;
#7651 = SURFACE_SIDE_STYLE ('',( #5742 ) ) ;
#7652 = ORIENTED_EDGE ( 'NONE', *, *, #1363, .F. ) ;
#7653 = CARTESIAN_POINT ( 'NONE',  ( 1.750000000000000000, -1.180000000000000160, 0.000000000000000000 ) ) ;
#7654 = AXIS2_PLACEMENT_3D ( 'NONE', #3701, #7257, #329 ) ;
#7655 = CIRCLE ( 'NONE', #8854, 0.1999999999999999833 ) ;
#7656 = SURFACE_STYLE_FILL_AREA ( #4303 ) ;
#7657 = STYLED_ITEM ( 'NONE', ( #4262 ), #5775 ) ;
#7658 = MECHANICAL_DESIGN_GEOMETRIC_PRESENTATION_REPRESENTATION (  '', ( #1169 ), #7948 ) ;
#7659 = DIRECTION ( 'NONE',  ( 0.000000000000000000, 0.000000000000000000, -1.000000000000000000 ) ) ;
#7660 = CARTESIAN_POINT ( 'NONE',  ( 1.750000000000000000, -1.449999999999999956, -0.1000000000000000472 ) ) ;
#7661 = ORIENTED_EDGE ( 'NONE', *, *, #4548, .F. ) ;
#7662 = CARTESIAN_POINT ( 'NONE',  ( -1.800000000000000044, -1.550000000000000044, -1.399999999999999911 ) ) ;
#7663 = UNCERTAINTY_MEASURE_WITH_UNIT (LENGTH_MEASURE( 1.000000000000000082E-05 ), #1549, 'distance_accuracy_value', 'NONE');
#7664 = PRESENTATION_LAYER_ASSIGNMENT (  '', '', ( #2073 ) ) ;
#7665 = FILL_AREA_STYLE ('',( #7173 ) ) ;
#7666 = PRESENTATION_LAYER_ASSIGNMENT (  '', '', ( #7531 ) ) ;
#7667 = ORIENTED_EDGE ( 'NONE', *, *, #7360, .F. ) ;
#7668 = VECTOR ( 'NONE', #1435, 1000.000000000000000 ) ;
#7669 = DIRECTION ( 'NONE',  ( 0.000000000000000000, 0.1166546987195020424, -0.9931725334838162889 ) ) ;
#7670 = SURFACE_STYLE_FILL_AREA ( #6406 ) ;
#7671 = VERTEX_POINT ( 'NONE', #5593 ) ;
#7672 = VECTOR ( 'NONE', #6754, 1000.000000000000000 ) ;
#7673 = ORIENTED_EDGE ( 'NONE', *, *, #8115, .F. ) ;
#7674 = CIRCLE ( 'NONE', #890, 0.1200000000000000927 ) ;
#7675 =( NAMED_UNIT ( * ) SI_UNIT ( $, .STERADIAN. ) SOLID_ANGLE_UNIT ( ) );
#7676 = PRESENTATION_STYLE_ASSIGNMENT (( #4876 ) ) ;
#7677 = EDGE_CURVE ( 'NONE', #495, #3641, #7090, .T. ) ;
#7678 = ORIENTED_EDGE ( 'NONE', *, *, #3937, .T. ) ;
#7679 = PRESENTATION_STYLE_ASSIGNMENT (( #2104 ) ) ;
#7680 = EDGE_CURVE ( 'NONE', #6611, #563, #3067, .T. ) ;
#7681 =( NAMED_UNIT ( * ) PLANE_ANGLE_UNIT ( ) SI_UNIT ( $, .RADIAN. ) );
#7682 = CARTESIAN_POINT ( 'NONE',  ( 1.350000000000000089, -1.449999999999999956, -0.1000000000000000472 ) ) ;
#7683 =( NAMED_UNIT ( * ) SI_UNIT ( $, .STERADIAN. ) SOLID_ANGLE_UNIT ( ) );
#7684 =( NAMED_UNIT ( * ) PLANE_ANGLE_UNIT ( ) SI_UNIT ( $, .RADIAN. ) );
#7685 = EDGE_CURVE ( 'NONE', #8334, #4107, #5679, .T. ) ;
#7686 = FILL_AREA_STYLE ('',( #6148 ) ) ;
#7687 = CARTESIAN_POINT ( 'NONE',  ( 1.300000000000000266, -1.449999999999999956, -0.6564291051182821191 ) ) ;
#7688 = ORIENTED_EDGE ( 'NONE', *, *, #3629, .T. ) ;
#7689 = VECTOR ( 'NONE', #9172, 1000.000000000000000 ) ;
#7690 =( LENGTH_UNIT ( ) NAMED_UNIT ( * ) SI_UNIT ( .MILLI., .METRE. ) );
#7691 =( NAMED_UNIT ( * ) PLANE_ANGLE_UNIT ( ) SI_UNIT ( $, .RADIAN. ) );
#7692 = EDGE_CURVE ( 'NONE', #1542, #347, #3409, .T. ) ;
#7693 =( NAMED_UNIT ( * ) PLANE_ANGLE_UNIT ( ) SI_UNIT ( $, .RADIAN. ) );
#7694 = CARTESIAN_POINT ( 'NONE',  ( -1.750999999999999668, 1.000000000000000000, -1.399999999999999911 ) ) ;
#7696 = ORIENTED_EDGE ( 'NONE', *, *, #5039, .F. ) ;
#7695 = CIRCLE ( 'NONE', #597, 0.1000000000000000472 ) ;
#7697 = EDGE_LOOP ( 'NONE', ( #3158, #6156, #6083, #9152, #7254 ) ) ;
#7698 = CARTESIAN_POINT ( 'NONE',  ( -1.750999999999999668, 1.000000000000000000, -1.399000000000000021 ) ) ;
#7699 = FACE_OUTER_BOUND ( 'NONE', #8564, .T. ) ;
#7700 = MECHANICAL_DESIGN_GEOMETRIC_PRESENTATION_REPRESENTATION (  '', ( #2569 ), #4779 ) ;
#7701 = CARTESIAN_POINT ( 'NONE',  ( 0.7049999999999998490, 1.449999999999999956, -0.9000000000000000222 ) ) ;
#7702 = DIRECTION ( 'NONE',  ( 0.000000000000000000, 0.000000000000000000, -1.000000000000000000 ) ) ;
#7703 = ORIENTED_EDGE ( 'NONE', *, *, #334, .T. ) ;
#7704 = DIRECTION ( 'NONE',  ( 0.000000000000000000, 0.000000000000000000, 1.000000000000000000 ) ) ;
#7705 = EDGE_CURVE ( 'NONE', #4029, #6398, #3505, .T. ) ;
#7706 = LINE ( 'NONE', #2244, #6769 ) ;
#7707 = AXIS2_PLACEMENT_3D ( 'NONE', #2768, #2066, #4886 ) ;
#7708 = ORIENTED_EDGE ( 'NONE', *, *, #4601, .T. ) ;
#7709 = ADVANCED_FACE ( 'NONE', ( #5464 ), #8481, .F. ) ;
#7710 =( GEOMETRIC_REPRESENTATION_CONTEXT ( 3 ) GLOBAL_UNCERTAINTY_ASSIGNED_CONTEXT ( ( #2164 ) ) GLOBAL_UNIT_ASSIGNED_CONTEXT ( ( #3092, #3179, #1695 ) ) REPRESENTATION_CONTEXT ( 'NONE', 'WORKASPACE' ) );
#7711 = SURFACE_SIDE_STYLE ('',( #7670 ) ) ;
#7712 = EDGE_LOOP ( 'NONE', ( #3147, #5963, #5977, #1587 ) ) ;
#7713 = DIRECTION ( 'NONE',  ( 0.000000000000000000, 0.000000000000000000, -1.000000000000000000 ) ) ;
#7714 = ORIENTED_EDGE ( 'NONE', *, *, #7968, .T. ) ;
#7715 = MECHANICAL_DESIGN_GEOMETRIC_PRESENTATION_REPRESENTATION (  '', ( #1835 ), #5070 ) ;
#7716 = CARTESIAN_POINT ( 'NONE',  ( -1.100000000000000089, 1.449999999999999956, -0.6564291051182821191 ) ) ;
#7717 = LINE ( 'NONE', #9121, #7141 ) ;
#7718 = FACE_OUTER_BOUND ( 'NONE', #5088, .T. ) ;
#7719 = DIRECTION ( 'NONE',  ( -0.000000000000000000, 0.000000000000000000, -1.000000000000000000 ) ) ;
#7720 = ORIENTED_EDGE ( 'NONE', *, *, #7860, .T. ) ;
#7721 = AXIS2_PLACEMENT_3D ( 'NONE', #3878, #3828, #3133 ) ;
#7722 = PRESENTATION_LAYER_ASSIGNMENT (  '', '', ( #6537 ) ) ;
#7723 = DIRECTION ( 'NONE',  ( 0.000000000000000000, 0.000000000000000000, -1.000000000000000000 ) ) ;
#7724 = DIRECTION ( 'NONE',  ( 0.000000000000000000, 0.000000000000000000, 1.000000000000000000 ) ) ;
#7725 = SURFACE_STYLE_USAGE ( .BOTH. , #8629 ) ;
#7726 = DIRECTION ( 'NONE',  ( 0.000000000000000000, 0.000000000000000000, 1.000000000000000000 ) ) ;
#7727 = PLANE ( 'NONE',  #7721 ) ;
#7728 = COLOUR_RGB ( '',0.7686274509803920907, 0.7686274509803920907, 0.7686274509803920907 ) ;
#7729 = CARTESIAN_POINT ( 'NONE',  ( -8.131516293641283255E-17, 0.000000000000000000, -1.399999999999999911 ) ) ;
#7730 = CARTESIAN_POINT ( 'NONE',  ( -1.610000000000000098, 0.5199999999999999067, -0.1000000000000000472 ) ) ;
#7731 = AXIS2_PLACEMENT_3D ( 'NONE', #7382, #2061, #8166 ) ;
#7732 = FILL_AREA_STYLE_COLOUR ( '', #7524 ) ;
#7733 = ORIENTED_EDGE ( 'NONE', *, *, #7677, .F. ) ;
#7734 = AXIS2_PLACEMENT_3D ( 'NONE', #8986, #589, #3445 ) ;
#7735 = FILL_AREA_STYLE ('',( #2864 ) ) ;
#7736 = CARTESIAN_POINT ( 'NONE',  ( -1.750000000000000000, 0.9799999999999999822, -0.1000000000000000472 ) ) ;
#7737 = EDGE_CURVE ( 'NONE', #5860, #8515, #4191, .T. ) ;
#7738 = LINE ( 'NONE', #8495, #8357 ) ;
#7739 =( NAMED_UNIT ( * ) SI_UNIT ( $, .STERADIAN. ) SOLID_ANGLE_UNIT ( ) );
#7740 = ADVANCED_FACE ( 'NONE', ( #1766 ), #7361, .F. ) ;
#7741 = AXIS2_PLACEMENT_3D ( 'NONE', #6341, #5699, #8455 ) ;
#7742 = EDGE_LOOP ( 'NONE', ( #2730, #7283, #1130, #3308 ) ) ;
#7743 = CARTESIAN_POINT ( 'NONE',  ( -1.300000000000000266, -1.760000000000000009, -0.6564291051182821191 ) ) ;
#7744 = ORIENTED_EDGE ( 'NONE', *, *, #7360, .T. ) ;
#7745 = ADVANCED_FACE ( 'NONE', ( #8748 ), #791, .F. ) ;
#7746 = DIRECTION ( 'NONE',  ( 0.000000000000000000, -1.000000000000000000, 0.000000000000000000 ) ) ;
#7747 = PRESENTATION_STYLE_ASSIGNMENT (( #4645 ) ) ;
#7748 = COLOUR_RGB ( '',0.4117647058823529216, 0.4117647058823529216, 0.4117647058823529216 ) ;
#7749 = CARTESIAN_POINT ( 'NONE',  ( -1.800000000000000044, -1.550000000000000044, 0.000000000000000000 ) ) ;
#7750 = ORIENTED_EDGE ( 'NONE', *, *, #4514, .F. ) ;
#7751 = DIRECTION ( 'NONE',  ( 0.000000000000000000, 0.000000000000000000, -1.000000000000000000 ) ) ;
#7752 = UNCERTAINTY_MEASURE_WITH_UNIT (LENGTH_MEASURE( 1.000000000000000082E-05 ), #5383, 'distance_accuracy_value', 'NONE');
#7753 = CYLINDRICAL_SURFACE ( 'NONE', #6308, 0.8499999999999999778 ) ;
#7754 = PRESENTATION_LAYER_ASSIGNMENT (  '', '', ( #3639 ) ) ;
#7755 = ORIENTED_EDGE ( 'NONE', *, *, #751, .T. ) ;
#7756 = CARTESIAN_POINT ( 'NONE',  ( 1.399999999999999911, 1.399999999999999911, 0.000000000000000000 ) ) ;
#7757 = VERTEX_POINT ( 'NONE', #3634 ) ;
#7758 = DIRECTION ( 'NONE',  ( 0.000000000000000000, 0.000000000000000000, -1.000000000000000000 ) ) ;
#7759 = AXIS2_PLACEMENT_3D ( 'NONE', #8492, #2319, #7053 ) ;
#7760 = ORIENTED_EDGE ( 'NONE', *, *, #1159, .T. ) ;
#7761 = ADVANCED_FACE ( 'NONE', ( #3863 ), #8836, .T. ) ;
#7762 = EDGE_LOOP ( 'NONE', ( #8835, #4444, #3101, #4854 ) ) ;
#7763 = SURFACE_STYLE_USAGE ( .BOTH. , #681 ) ;
#7764 = VECTOR ( 'NONE', #912, 1000.000000000000000 ) ;
#7765 = DIRECTION ( 'NONE',  ( 1.807003620809173892E-16, 1.000000000000000000, 0.000000000000000000 ) ) ;
#7766 = FACE_OUTER_BOUND ( 'NONE', #1733, .T. ) ;
#7767 =( NAMED_UNIT ( * ) PLANE_ANGLE_UNIT ( ) SI_UNIT ( $, .RADIAN. ) );
#7768 =( NAMED_UNIT ( * ) SI_UNIT ( $, .STERADIAN. ) SOLID_ANGLE_UNIT ( ) );
#7769 = DIRECTION ( 'NONE',  ( -0.000000000000000000, 1.000000000000000000, -0.000000000000000000 ) ) ;
#7770 = CARTESIAN_POINT ( 'NONE',  ( 1.600000000000000089, -1.550000000000000044, -1.101378079396600151 ) ) ;
#7771 = LINE ( 'NONE', #2911, #5306 ) ;
#7772 = ORIENTED_EDGE ( 'NONE', *, *, #5119, .F. ) ;
#7773 = DIRECTION ( 'NONE',  ( 1.000000000000000000, 0.000000000000000000, 0.000000000000000000 ) ) ;
#7774 = AXIS2_PLACEMENT_3D ( 'NONE', #7193, #5191, #7868 ) ;
#7775 = SURFACE_STYLE_USAGE ( .BOTH. , #5783 ) ;
#7776 = FILL_AREA_STYLE_COLOUR ( '', #7748 ) ;
#7777 = CARTESIAN_POINT ( 'NONE',  ( 1.129999999999999671, -0.2459324456744999832, -1.369999999999999885 ) ) ;
#7778 = EDGE_LOOP ( 'NONE', ( #3443, #2648, #2603, #3032, #7650, #7335, #5610, #5002, #1478, #6225 ) ) ;
#7779 = COLOUR_RGB ( '',0.4117647058823529216, 0.4117647058823529216, 0.4117647058823529216 ) ;
#7780 = DIRECTION ( 'NONE',  ( 0.000000000000000000, -1.000000000000000000, 0.000000000000000000 ) ) ;
#7781 = EDGE_CURVE ( 'NONE', #4696, #7541, #4772, .T. ) ;
#7782 = VERTEX_POINT ( 'NONE', #2611 ) ;
#7783 = STYLED_ITEM ( 'NONE', ( #9064 ), #500 ) ;
#7784 = ADVANCED_FACE ( 'NONE', ( #5400 ), #3996, .T. ) ;
#7785 = CARTESIAN_POINT ( 'NONE',  ( -8.131516293641283255E-17, 0.000000000000000000, -1.399999999999999911 ) ) ;
#7786 = DIRECTION ( 'NONE',  ( 0.000000000000000000, 0.000000000000000000, -1.000000000000000000 ) ) ;
#7787 = VECTOR ( 'NONE', #875, 1000.000000000000000 ) ;
#7788 = CARTESIAN_POINT ( 'NONE',  ( 1.610000000000000098, 0.7618257577072999887, 0.000000000000000000 ) ) ;
#7789 = EDGE_LOOP ( 'NONE', ( #762, #8165, #5035, #528 ) ) ;
#7790 =( NAMED_UNIT ( * ) SI_UNIT ( $, .STERADIAN. ) SOLID_ANGLE_UNIT ( ) );
#7791 = EDGE_CURVE ( 'NONE', #5895, #6087, #6787, .T. ) ;
#7792 = CARTESIAN_POINT ( 'NONE',  ( 1.500000000000000000, 0.2540675543254985458, -1.369999999999999885 ) ) ;
#7793 = COLOUR_RGB ( '',1.000000000000000000, 1.000000000000000000, 1.000000000000000000 ) ;
#7794 = LINE ( 'NONE', #7174, #8558 ) ;
#7795 = STYLED_ITEM ( 'NONE', ( #3780 ), #2918 ) ;
#7796 = ORIENTED_EDGE ( 'NONE', *, *, #5970, .F. ) ;
#7797 =( GEOMETRIC_REPRESENTATION_CONTEXT ( 3 ) GLOBAL_UNCERTAINTY_ASSIGNED_CONTEXT ( ( #4011 ) ) GLOBAL_UNIT_ASSIGNED_CONTEXT ( ( #40, #5000, #4320 ) ) REPRESENTATION_CONTEXT ( 'NONE', 'WORKASPACE' ) );
#7798 = DIRECTION ( 'NONE',  ( 0.000000000000000000, 1.000000000000000000, 0.000000000000000000 ) ) ;
#7799 = VECTOR ( 'NONE', #28, 1000.000000000000000 ) ;
#7800 = EDGE_LOOP ( 'NONE', ( #1749, #1512, #9115, #2881 ) ) ;
#7801 = CARTESIAN_POINT ( 'NONE',  ( -1.594948974278317833, -1.449999999999999956, -0.9513780793966000182 ) ) ;
#7802 = LINE ( 'NONE', #6100, #8250 ) ;
#7803 = ORIENTED_EDGE ( 'NONE', *, *, #2233, .T. ) ;
#7804 = AXIS2_PLACEMENT_3D ( 'NONE', #6441, #6397, #1577 ) ;
#7805 = MECHANICAL_DESIGN_GEOMETRIC_PRESENTATION_REPRESENTATION (  '', ( #7657 ), #5158 ) ;
#7806 = FILL_AREA_STYLE_COLOUR ( '', #2426 ) ;
#7807 = VECTOR ( 'NONE', #3569, 1000.000000000000000 ) ;
#7808 = ORIENTED_EDGE ( 'NONE', *, *, #4709, .F. ) ;
#7809 = CARTESIAN_POINT ( 'NONE',  ( -1.242857142857142883, -1.550000000000000044, -0.7963999475630351155 ) ) ;
#7810 =( GEOMETRIC_REPRESENTATION_CONTEXT ( 3 ) GLOBAL_UNCERTAINTY_ASSIGNED_CONTEXT ( ( #6253 ) ) GLOBAL_UNIT_ASSIGNED_CONTEXT ( ( #8237, #5986, #401 ) ) REPRESENTATION_CONTEXT ( 'NONE', 'WORKASPACE' ) );
#7811 =( LENGTH_UNIT ( ) NAMED_UNIT ( * ) SI_UNIT ( .MILLI., .METRE. ) );
#7812 = COLOUR_RGB ( '',0.4117647058823529216, 0.4117647058823529216, 0.4117647058823529216 ) ;
#7813 =( NAMED_UNIT ( * ) SI_UNIT ( $, .STERADIAN. ) SOLID_ANGLE_UNIT ( ) );
#7814 = AXIS2_PLACEMENT_3D ( 'NONE', #3591, #2269, #7148 ) ;
#7815 = SURFACE_STYLE_USAGE ( .BOTH. , #2948 ) ;
#7816 = DIRECTION ( 'NONE',  ( 1.000000000000000000, 0.000000000000000000, 0.000000000000000000 ) ) ;
#7817 = CARTESIAN_POINT ( 'NONE',  ( 1.750000000000000000, -0.9799999999999999822, -0.1000000000000000472 ) ) ;
#7818 = MECHANICAL_DESIGN_GEOMETRIC_PRESENTATION_REPRESENTATION (  '', ( #4003 ), #7538 ) ;
#7819 = DIRECTION ( 'NONE',  ( 0.000000000000000000, -1.000000000000000000, 0.000000000000000000 ) ) ;
#7820 = DIRECTION ( 'NONE',  ( 0.000000000000000000, 0.000000000000000000, -1.000000000000000000 ) ) ;
#7821 = EDGE_CURVE ( 'NONE', #3291, #704, #441, .T. ) ;
#7822 = DIRECTION ( 'NONE',  ( 0.000000000000000000, 1.000000000000000000, 0.000000000000000000 ) ) ;
#7823 = ORIENTED_EDGE ( 'NONE', *, *, #1164, .T. ) ;
#7824 = ADVANCED_FACE ( 'NONE', ( #3301 ), #5528, .T. ) ;
#7825 = CARTESIAN_POINT ( 'NONE',  ( 1.300000000000000266, 1.550000000000000044, -0.6564291051182821191 ) ) ;
#7826 = CARTESIAN_POINT ( 'NONE',  ( 0.4043210666065120140, -1.327698927806999940, -1.399999999999999911 ) ) ;
#7827 = DIRECTION ( 'NONE',  ( -1.000000000000000000, 0.000000000000000000, 0.000000000000000000 ) ) ;
#7828 = SURFACE_STYLE_USAGE ( .BOTH. , #8020 ) ;
#7829 = LINE ( 'NONE', #1611, #8454 ) ;
#7830 = LINE ( 'NONE', #4202, #5649 ) ;
#7831 =( NAMED_UNIT ( * ) SI_UNIT ( $, .STERADIAN. ) SOLID_ANGLE_UNIT ( ) );
#7832 = ORIENTED_EDGE ( 'NONE', *, *, #1052, .T. ) ;
#7833 =( NAMED_UNIT ( * ) PLANE_ANGLE_UNIT ( ) SI_UNIT ( $, .RADIAN. ) );
#7834 = CARTESIAN_POINT ( 'NONE',  ( -1.600000000000000089, 1.550000000000000044, -0.9513780793966000182 ) ) ;
#7835 = FILL_AREA_STYLE_COLOUR ( '', #6413 ) ;
#7836 = PRESENTATION_STYLE_ASSIGNMENT (( #2190 ) ) ;
#7837 = CARTESIAN_POINT ( 'NONE',  ( -1.750000000000000000, -1.180000000000000160, -0.1000000000000000472 ) ) ;
#7838 = VERTEX_POINT ( 'NONE', #9025 ) ;
#7839 = CIRCLE ( 'NONE', #4168, 0.2000000000000000944 ) ;
#7840 = PRESENTATION_STYLE_ASSIGNMENT (( #7932 ) ) ;
#7841 = PRESENTATION_STYLE_ASSIGNMENT (( #2288 ) ) ;
#7842 = CIRCLE ( 'NONE', #8302, 0.2000000000000000944 ) ;
#7843 = FACE_OUTER_BOUND ( 'NONE', #4720, .T. ) ;
#7844 = EDGE_CURVE ( 'NONE', #5450, #5412, #1531, .T. ) ;
#7845 = DIRECTION ( 'NONE',  ( 1.000000000000000000, 0.000000000000000000, 0.000000000000000000 ) ) ;
#7846 = ORIENTED_EDGE ( 'NONE', *, *, #5779, .F. ) ;
#7847 = CARTESIAN_POINT ( 'NONE',  ( -2.079999999999999627, 0.5000000000000000000, -1.399000000000000021 ) ) ;
#7848 = SURFACE_STYLE_USAGE ( .BOTH. , #2295 ) ;
#7849 = VERTEX_POINT ( 'NONE', #2979 ) ;
#7850 = VECTOR ( 'NONE', #9002, 1000.000000000000000 ) ;
#7851 = DIRECTION ( 'NONE',  ( -1.000000000000000000, 0.000000000000000000, 0.000000000000000000 ) ) ;
#7852 = LINE ( 'NONE', #8615, #7787 ) ;
#7853 = VERTEX_POINT ( 'NONE', #5754 ) ;
#7854 = EDGE_CURVE ( 'NONE', #56, #6741, #8214, .T. ) ;
#7855 = ADVANCED_FACE ( 'NONE', ( #7113 ), #4904, .F. ) ;
#7856 =( GEOMETRIC_REPRESENTATION_CONTEXT ( 3 ) GLOBAL_UNCERTAINTY_ASSIGNED_CONTEXT ( ( #4456 ) ) GLOBAL_UNIT_ASSIGNED_CONTEXT ( ( #6776, #293, #1105 ) ) REPRESENTATION_CONTEXT ( 'NONE', 'WORKASPACE' ) );
#7857 = CARTESIAN_POINT ( 'NONE',  ( 1.594948974278317833, 1.974264068711928388, -1.151378079396599974 ) ) ;
#7858 = COLOUR_RGB ( '',0.4117647058823529216, 0.4117647058823529216, 0.4117647058823529216 ) ;
#7859 = COLOUR_RGB ( '',1.000000000000000000, 1.000000000000000000, 1.000000000000000000 ) ;
#7860 = EDGE_CURVE ( 'NONE', #3904, #2710, #4987, .T. ) ;
#7861 = AXIS2_PLACEMENT_3D ( 'NONE', #8584, #6426, #5639 ) ;
#7862 = LINE ( 'NONE', #2994, #1019 ) ;
#7863 = UNCERTAINTY_MEASURE_WITH_UNIT (LENGTH_MEASURE( 1.000000000000000082E-05 ), #2619, 'distance_accuracy_value', 'NONE');
#7864 = ORIENTED_EDGE ( 'NONE', *, *, #1576, .F. ) ;
#7865 = FACE_OUTER_BOUND ( 'NONE', #3492, .T. ) ;
#7866 = LINE ( 'NONE', #4141, #7689 ) ;
#7867 = ADVANCED_FACE ( 'NONE', ( #2141 ), #1385, .F. ) ;
#7868 = DIRECTION ( 'NONE',  ( 0.000000000000000000, 1.000000000000000000, 0.000000000000000000 ) ) ;
#7869 =( LENGTH_UNIT ( ) NAMED_UNIT ( * ) SI_UNIT ( .MILLI., .METRE. ) );
#7870 = DIRECTION ( 'NONE',  ( 0.000000000000000000, -1.000000000000000000, 0.000000000000000000 ) ) ;
#7871 = SURFACE_SIDE_STYLE ('',( #5227 ) ) ;
#7872 = LINE ( 'NONE', #4283, #5503 ) ;
#7873 = PLANE ( 'NONE',  #3019 ) ;
#7874 = FILL_AREA_STYLE ('',( #5827 ) ) ;
#7875 = VECTOR ( 'NONE', #4418, 1000.000000000000000 ) ;
#7876 = STYLED_ITEM ( 'NONE', ( #9035 ), #8740 ) ;
#7877 = EDGE_LOOP ( 'NONE', ( #4823, #8764, #6246, #6675, #6646, #8278 ) ) ;
#7878 =( NAMED_UNIT ( * ) SI_UNIT ( $, .STERADIAN. ) SOLID_ANGLE_UNIT ( ) );
#7879 = DIRECTION ( 'NONE',  ( 0.000000000000000000, 0.000000000000000000, -1.000000000000000000 ) ) ;
#7880 =( GEOMETRIC_REPRESENTATION_CONTEXT ( 3 ) GLOBAL_UNCERTAINTY_ASSIGNED_CONTEXT ( ( #4085 ) ) GLOBAL_UNIT_ASSIGNED_CONTEXT ( ( #4480, #3328, #4708 ) ) REPRESENTATION_CONTEXT ( 'NONE', 'WORKASPACE' ) );
#7881 = DIRECTION ( 'NONE',  ( 1.000000000000000000, 0.000000000000000000, 0.000000000000000000 ) ) ;
#7882 = PLANE ( 'NONE',  #5939 ) ;
#7883 = ADVANCED_FACE ( 'NONE', ( #5664 ), #8509, .F. ) ;
#7884 = CARTESIAN_POINT ( 'NONE',  ( 0.6700000000000008171, 0.4540675543254999447, -1.369999999999999885 ) ) ;
#7885 = EDGE_LOOP ( 'NONE', ( #6300, #1304, #4214, #5696 ) ) ;
#7886 = DIRECTION ( 'NONE',  ( 0.000000000000000000, 2.608128533680000140E-14, -1.000000000000000000 ) ) ;
#7887 = CYLINDRICAL_SURFACE ( 'NONE', #4129, 0.1200000000000000927 ) ;
#7888 = DIRECTION ( 'NONE',  ( 4.336808689942041895E-16, -1.000000000000000000, 0.000000000000000000 ) ) ;
#7889 = FILL_AREA_STYLE ('',( #7835 ) ) ;
#7890 = LINE ( 'NONE', #3020, #1568 ) ;
#7891 = CARTESIAN_POINT ( 'NONE',  ( -1.750000000000000000, 1.550000000000000044, -1.101378079396600151 ) ) ;
#7892 = VERTEX_POINT ( 'NONE', #5172 ) ;
#7893 =( GEOMETRIC_REPRESENTATION_CONTEXT ( 3 ) GLOBAL_UNCERTAINTY_ASSIGNED_CONTEXT ( ( #2054 ) ) GLOBAL_UNIT_ASSIGNED_CONTEXT ( ( #37, #4957, #3622 ) ) REPRESENTATION_CONTEXT ( 'NONE', 'WORKASPACE' ) );
#7894 = CARTESIAN_POINT ( 'NONE',  ( 1.299999999999998712, 0.4540675543254999447, -1.399999999999999911 ) ) ;
#7895 = LINE ( 'NONE', #1055, #6887 ) ;
#7896 = DIRECTION ( 'NONE',  ( 0.000000000000000000, 1.000000000000000000, 0.000000000000000000 ) ) ;
#7897 = VERTEX_POINT ( 'NONE', #2378 ) ;
#7898 = STYLED_ITEM ( 'NONE', ( #4690 ), #1284 ) ;
#7899 = CARTESIAN_POINT ( 'NONE',  ( 1.300000000000000266, -1.300000000000000044, 0.000000000000000000 ) ) ;
#7900 =( GEOMETRIC_REPRESENTATION_CONTEXT ( 3 ) GLOBAL_UNCERTAINTY_ASSIGNED_CONTEXT ( ( #5456 ) ) GLOBAL_UNIT_ASSIGNED_CONTEXT ( ( #3334, #7519, #3893 ) ) REPRESENTATION_CONTEXT ( 'NONE', 'WORKASPACE' ) );
#7901 = SURFACE_SIDE_STYLE ('',( #5807 ) ) ;
#7902 = ORIENTED_EDGE ( 'NONE', *, *, #2586, .F. ) ;
#7903 = FILL_AREA_STYLE_COLOUR ( '', #6399 ) ;
#7904 = PRESENTATION_STYLE_ASSIGNMENT (( #6455 ) ) ;
#7905 = VERTEX_POINT ( 'NONE', #1715 ) ;
#7906 = PRESENTATION_LAYER_ASSIGNMENT (  '', '', ( #68 ) ) ;
#7907 = DIRECTION ( 'NONE',  ( -1.000000000000000000, -0.000000000000000000, -0.000000000000000000 ) ) ;
#7908 = ORIENTED_EDGE ( 'NONE', *, *, #4343, .F. ) ;
#7909 = DIRECTION ( 'NONE',  ( 0.000000000000000000, -1.000000000000000000, 0.000000000000000000 ) ) ;
#7910 = ADVANCED_FACE ( 'NONE', ( #8823 ), #8037, .T. ) ;
#7911 = SURFACE_STYLE_USAGE ( .BOTH. , #5096 ) ;
#7912 = VECTOR ( 'NONE', #6711, 1000.000000000000000 ) ;
#7913 = STYLED_ITEM ( 'NONE', ( #6321 ), #7634 ) ;
#7914 = FACE_OUTER_BOUND ( 'NONE', #8026, .T. ) ;
#7915 =( NAMED_UNIT ( * ) SI_UNIT ( $, .STERADIAN. ) SOLID_ANGLE_UNIT ( ) );
#7916 = EDGE_CURVE ( 'NONE', #7492, #5288, #4495, .T. ) ;
#7917 = CARTESIAN_POINT ( 'NONE',  ( 1.751000000000000334, 1.000000000000000000, -1.399999999999999911 ) ) ;
#7918 =( LENGTH_UNIT ( ) NAMED_UNIT ( * ) SI_UNIT ( .MILLI., .METRE. ) );
#7919 = EDGE_CURVE ( 'NONE', #8693, #8875, #7351, .T. ) ;
#7920 = DIRECTION ( 'NONE',  ( -1.000000000000000000, 0.000000000000000000, 0.000000000000000000 ) ) ;
#7921 = CARTESIAN_POINT ( 'NONE',  ( -1.600000000000000089, -1.550000000000000044, -1.101378079396600151 ) ) ;
#7922 =( LENGTH_UNIT ( ) NAMED_UNIT ( * ) SI_UNIT ( .MILLI., .METRE. ) );
#7923 = SURFACE_STYLE_USAGE ( .BOTH. , #6531 ) ;
#7924 = CARTESIAN_POINT ( 'NONE',  ( -1.750999999999999668, 1.000000000000000000, -1.399000000000000021 ) ) ;
#7925 = ORIENTED_EDGE ( 'NONE', *, *, #7606, .F. ) ;
#7926 = MECHANICAL_DESIGN_GEOMETRIC_PRESENTATION_REPRESENTATION (  '', ( #7640 ), #2046 ) ;
#7927 = FACE_OUTER_BOUND ( 'NONE', #673, .T. ) ;
#7928 =( LENGTH_UNIT ( ) NAMED_UNIT ( * ) SI_UNIT ( .MILLI., .METRE. ) );
#7929 = SURFACE_STYLE_USAGE ( .BOTH. , #3848 ) ;
#7930 = DIRECTION ( 'NONE',  ( -1.000000000000000000, 0.000000000000000000, 0.000000000000000000 ) ) ;
#7931 = EDGE_LOOP ( 'NONE', ( #5644, #5819, #4778, #6706 ) ) ;
#7932 = SURFACE_STYLE_USAGE ( .BOTH. , #959 ) ;
#7933 = DIRECTION ( 'NONE',  ( 0.000000000000000000, 0.000000000000000000, -1.000000000000000000 ) ) ;
#7934 = UNCERTAINTY_MEASURE_WITH_UNIT (LENGTH_MEASURE( 1.000000000000000082E-05 ), #3666, 'distance_accuracy_value', 'NONE');
#7935 = STYLED_ITEM ( 'NONE', ( #5463 ), #2229 ) ;
#7936 = CARTESIAN_POINT ( 'NONE',  ( -8.131516293641283255E-17, 0.000000000000000000, -1.300000000000000044 ) ) ;
#7937 = DIRECTION ( 'NONE',  ( 0.000000000000000000, 0.000000000000000000, 1.000000000000000000 ) ) ;
#7938 = EDGE_LOOP ( 'NONE', ( #3427, #2080, #4596, #6793 ) ) ;
#7939 = FILL_AREA_STYLE_COLOUR ( '', #1069 ) ;
#7940 = EDGE_LOOP ( 'NONE', ( #2423, #4688, #5264, #1647 ) ) ;
#7941 = MECHANICAL_DESIGN_GEOMETRIC_PRESENTATION_REPRESENTATION (  '', ( #261 ), #6615 ) ;
#7942 = DIRECTION ( 'NONE',  ( 3.469446951953612296E-14, 1.000000000000000000, 0.000000000000000000 ) ) ;
#7943 = ORIENTED_EDGE ( 'NONE', *, *, #2960, .T. ) ;
#7944 = MECHANICAL_DESIGN_GEOMETRIC_PRESENTATION_REPRESENTATION (  '', ( #7783 ), #2059 ) ;
#7945 = DIRECTION ( 'NONE',  ( 0.8660254037844289376, 0.5000000000000169864, 0.000000000000000000 ) ) ;
#7946 = AXIS2_PLACEMENT_3D ( 'NONE', #3319, #6224, #9036 ) ;
#7947 = ORIENTED_EDGE ( 'NONE', *, *, #961, .F. ) ;
#7948 =( GEOMETRIC_REPRESENTATION_CONTEXT ( 3 ) GLOBAL_UNCERTAINTY_ASSIGNED_CONTEXT ( ( #7596 ) ) GLOBAL_UNIT_ASSIGNED_CONTEXT ( ( #5011, #5636, #7045 ) ) REPRESENTATION_CONTEXT ( 'NONE', 'WORKASPACE' ) );
#7949 = CARTESIAN_POINT ( 'NONE',  ( -1.680000000000000160, 0.8709128788536000254, -0.1000000000000000472 ) ) ;
#7950 = DIRECTION ( 'NONE',  ( -0.000000000000000000, -1.000000000000000000, -0.000000000000000000 ) ) ;
#7951 = EDGE_LOOP ( 'NONE', ( #5599, #4204, #5584, #4316 ) ) ;
#7952 = LINE ( 'NONE', #2399, #8085 ) ;
#7953 = VECTOR ( 'NONE', #4555, 1000.000000000000000 ) ;
#7954 = SURFACE_STYLE_USAGE ( .BOTH. , #6699 ) ;
#7955 = ORIENTED_EDGE ( 'NONE', *, *, #5178, .T. ) ;
#7956 = CIRCLE ( 'NONE', #6167, 0.1000000000000000472 ) ;
#7957 = MECHANICAL_DESIGN_GEOMETRIC_PRESENTATION_REPRESENTATION (  '', ( #710 ), #5159 ) ;
#7958 = EDGE_CURVE ( 'NONE', #7492, #1722, #7895, .T. ) ;
#7959 =( LENGTH_UNIT ( ) NAMED_UNIT ( * ) SI_UNIT ( .MILLI., .METRE. ) );
#7960 = SURFACE_STYLE_FILL_AREA ( #8487 ) ;
#7961 = COLOUR_RGB ( '',0.4117647058823529216, 0.4117647058823529216, 0.4117647058823529216 ) ;
#7962 = ORIENTED_EDGE ( 'NONE', *, *, #2303, .F. ) ;
#7963 = EDGE_CURVE ( 'NONE', #3757, #8921, #4403, .T. ) ;
#7964 = AXIS2_PLACEMENT_3D ( 'NONE', #2965, #5604, #4299 ) ;
#7965 = COLOUR_RGB ( '',0.4117647058823529216, 0.4117647058823529216, 0.4117647058823529216 ) ;
#7966 = DIRECTION ( 'NONE',  ( 0.000000000000000000, 0.000000000000000000, 1.000000000000000000 ) ) ;
#7967 = CARTESIAN_POINT ( 'NONE',  ( -1.750000000000000000, -1.000000000000000000, -1.300000000000000044 ) ) ;
#7968 = EDGE_CURVE ( 'NONE', #4086, #4241, #7218, .T. ) ;
#7969 = FILL_AREA_STYLE_COLOUR ( '', #4996 ) ;
#7970 = AXIS2_PLACEMENT_3D ( 'NONE', #2056, #6269, #1354 ) ;
#7971 = LINE ( 'NONE', #2546, #4671 ) ;
#7972 = SURFACE_SIDE_STYLE ('',( #4389 ) ) ;
#7973 = EDGE_CURVE ( 'NONE', #1077, #8083, #3708, .T. ) ;
#7974 = FACE_OUTER_BOUND ( 'NONE', #7365, .T. ) ;
#7975 = PRESENTATION_LAYER_ASSIGNMENT (  '', '', ( #8727 ) ) ;
#7976 = FILL_AREA_STYLE ('',( #2458 ) ) ;
#7977 = ORIENTED_EDGE ( 'NONE', *, *, #8439, .T. ) ;
#7978 = CARTESIAN_POINT ( 'NONE',  ( -0.9050000000000001377, 1.435834036458000007, -1.399999999999999911 ) ) ;
#7979 = LINE ( 'NONE', #3195, #3396 ) ;
#7980 = CARTESIAN_POINT ( 'NONE',  ( -1.610000000000000098, 0.7618257577072999887, 0.000000000000000000 ) ) ;
#7981 = EDGE_CURVE ( 'NONE', #6182, #3919, #2634, .T. ) ;
#7982 = DIRECTION ( 'NONE',  ( -1.204669080539449344E-16, -1.000000000000000000, 0.000000000000000000 ) ) ;
#7983 = CARTESIAN_POINT ( 'NONE',  ( -1.750999999999999668, 1.000000000000000000, -1.399999999999999911 ) ) ;
#7984 = VERTEX_POINT ( 'NONE', #206 ) ;
#7985 = LINE ( 'NONE', #3660, #7310 ) ;
#7986 = DIRECTION ( 'NONE',  ( -1.000000000000000000, 0.000000000000000000, 0.000000000000000000 ) ) ;
#7987 = DIRECTION ( 'NONE',  ( 0.000000000000000000, -0.1166546987195020424, 0.9931725334838162889 ) ) ;
#7988 = ORIENTED_EDGE ( 'NONE', *, *, #3979, .T. ) ;
#7989 = SURFACE_SIDE_STYLE ('',( #5179 ) ) ;
#7990 =( LENGTH_UNIT ( ) NAMED_UNIT ( * ) SI_UNIT ( .MILLI., .METRE. ) );
#7991 = ORIENTED_EDGE ( 'NONE', *, *, #1656, .F. ) ;
#7992 = AXIS2_PLACEMENT_3D ( 'NONE', #2260, #5045, #8431 ) ;
#7993 = ADVANCED_FACE ( 'NONE', ( #8124 ), #8170, .F. ) ;
#7994 = FILL_AREA_STYLE ('',( #1634 ) ) ;
#7995 = CARTESIAN_POINT ( 'NONE',  ( -1.005000000000000115, -1.327698927806999940, -1.399999999999999911 ) ) ;
#7996 = ORIENTED_EDGE ( 'NONE', *, *, #808, .F. ) ;
#7997 = CARTESIAN_POINT ( 'NONE',  ( 0.9049999999999999156, 1.335834036457999918, -1.399999999999999911 ) ) ;
#7998 = ADVANCED_FACE ( 'NONE', ( #7428 ), #2641, .F. ) ;
#7999 = DIRECTION ( 'NONE',  ( -1.000000000000000000, 0.000000000000000000, 0.000000000000000000 ) ) ;
#8000 = VECTOR ( 'NONE', #7669, 1000.000000000000114 ) ;
#8001 = VERTEX_POINT ( 'NONE', #9013 ) ;
#8002 = VECTOR ( 'NONE', #8182, 1000.000000000000000 ) ;
#8003 = FILL_AREA_STYLE ('',( #126 ) ) ;
#8004 =( NAMED_UNIT ( * ) SI_UNIT ( $, .STERADIAN. ) SOLID_ANGLE_UNIT ( ) );
#8005 = LINE ( 'NONE', #6421, #6279 ) ;
#8006 = PRESENTATION_STYLE_ASSIGNMENT (( #7281 ) ) ;
#8007 = ORIENTED_EDGE ( 'NONE', *, *, #7008, .T. ) ;
#8008 = STYLED_ITEM ( 'NONE', ( #952 ), #3762 ) ;
#8009 = MECHANICAL_DESIGN_GEOMETRIC_PRESENTATION_REPRESENTATION (  '', ( #8163 ), #164 ) ;
#8010 = FILL_AREA_STYLE_COLOUR ( '', #5437 ) ;
#8011 = DIRECTION ( 'NONE',  ( -1.000000000000000000, 0.000000000000000000, 0.000000000000000000 ) ) ;
#8012 = COLOUR_RGB ( '',0.4117647058823529216, 0.4117647058823529216, 0.4117647058823529216 ) ;
#8013 = SURFACE_STYLE_FILL_AREA ( #364 ) ;
#8014 = ORIENTED_EDGE ( 'NONE', *, *, #3699, .T. ) ;
#8015 = PRESENTATION_LAYER_ASSIGNMENT (  '', '', ( #1534 ) ) ;
#8016 = MECHANICAL_DESIGN_GEOMETRIC_PRESENTATION_REPRESENTATION (  '', ( #8318 ), #3602 ) ;
#8017 = COLOUR_RGB ( '',0.4117647058823529216, 0.4117647058823529216, 0.4117647058823529216 ) ;
#8018 =( NAMED_UNIT ( * ) PLANE_ANGLE_UNIT ( ) SI_UNIT ( $, .RADIAN. ) );
#8019 = CARTESIAN_POINT ( 'NONE',  ( 0.7049999999999997380, -1.550000000000000044, -0.6999999999999999556 ) ) ;
#8020 = SURFACE_SIDE_STYLE ('',( #4479 ) ) ;
#8021 = DIRECTION ( 'NONE',  ( 0.000000000000000000, 0.000000000000000000, 1.000000000000000000 ) ) ;
#8022 =( NAMED_UNIT ( * ) SI_UNIT ( $, .STERADIAN. ) SOLID_ANGLE_UNIT ( ) );
#8023 = VECTOR ( 'NONE', #315, 1000.000000000000000 ) ;
#8024 = UNCERTAINTY_MEASURE_WITH_UNIT (LENGTH_MEASURE( 1.000000000000000082E-05 ), #3030, 'distance_accuracy_value', 'NONE');
#8025 = SURFACE_STYLE_USAGE ( .BOTH. , #195 ) ;
#8026 = EDGE_LOOP ( 'NONE', ( #4972, #4401, #1049 ) ) ;
#8027 =( GEOMETRIC_REPRESENTATION_CONTEXT ( 3 ) GLOBAL_UNCERTAINTY_ASSIGNED_CONTEXT ( ( #1681 ) ) GLOBAL_UNIT_ASSIGNED_CONTEXT ( ( #7918, #839, #92 ) ) REPRESENTATION_CONTEXT ( 'NONE', 'WORKASPACE' ) );
#8028 = EDGE_CURVE ( 'NONE', #8777, #1760, #1892, .T. ) ;
#8029 = DIRECTION ( 'NONE',  ( 1.000000000000000000, 0.000000000000000000, 0.000000000000000000 ) ) ;
#8030 = COLOUR_RGB ( '',1.000000000000000000, 1.000000000000000000, 1.000000000000000000 ) ;
#8031 = CIRCLE ( 'NONE', #8758, 0.1499999999999999667 ) ;
#8032 = DIRECTION ( 'NONE',  ( 0.000000000000000000, 0.000000000000000000, 1.000000000000000000 ) ) ;
#8033 = CARTESIAN_POINT ( 'NONE',  ( -1.729999999999999982, 0.7618257577072999887, 1.698556084261999999 ) ) ;
#8034 = CARTESIAN_POINT ( 'NONE',  ( -1.300000000000000266, 1.399999999999999911, -0.006350832689599908258 ) ) ;
#8035 = EDGE_CURVE ( 'NONE', #2842, #347, #7565, .T. ) ;
#8036 = DIRECTION ( 'NONE',  ( -0.000000000000000000, -1.000000000000000000, -0.000000000000000000 ) ) ;
#8037 = PLANE ( 'NONE',  #828 ) ;
#8038 = VECTOR ( 'NONE', #1754, 1000.000000000000000 ) ;
#8039 = EDGE_CURVE ( 'NONE', #3567, #1522, #1843, .T. ) ;
#8040 = EDGE_LOOP ( 'NONE', ( #5361, #1803, #6168, #7760 ) ) ;
#8041 = FILL_AREA_STYLE ('',( #1146 ) ) ;
#8042 = LINE ( 'NONE', #5934, #697 ) ;
#8043 = VERTEX_POINT ( 'NONE', #3336 ) ;
#8044 = COLOUR_RGB ( '',0.7686274509803920907, 0.7686274509803920907, 0.7686274509803920907 ) ;
#8045 = PRODUCT_DEFINITION_FORMATION_WITH_SPECIFIED_SOURCE ( 'ไป', '', #3631, .NOT_KNOWN. ) ;
#8046 = ORIENTED_EDGE ( 'NONE', *, *, #2310, .F. ) ;
#8047 = UNCERTAINTY_MEASURE_WITH_UNIT (LENGTH_MEASURE( 1.000000000000000082E-05 ), #116, 'distance_accuracy_value', 'NONE');
#8048 = DIRECTION ( 'NONE',  ( -0.000000000000000000, -1.000000000000000000, -0.000000000000000000 ) ) ;
#8049 = VECTOR ( 'NONE', #3916, 1000.000000000000000 ) ;
#8050 = CARTESIAN_POINT ( 'NONE',  ( -1.750000000000000000, 1.550000000000000044, -1.302973369332799836 ) ) ;
#8051 = UNCERTAINTY_MEASURE_WITH_UNIT (LENGTH_MEASURE( 1.000000000000000082E-05 ), #149, 'distance_accuracy_value', 'NONE');
#8052 = ORIENTED_EDGE ( 'NONE', *, *, #3638, .T. ) ;
#8053 = PRESENTATION_STYLE_ASSIGNMENT (( #7278 ) ) ;
#8054 = LINE ( 'NONE', #1643, #2069 ) ;
#8055 = VERTEX_POINT ( 'NONE', #6114 ) ;
#8056 = DIRECTION ( 'NONE',  ( 1.000000000000000000, 0.000000000000000000, 0.000000000000000000 ) ) ;
#8057 = EDGE_CURVE ( 'NONE', #4076, #8171, #568, .T. ) ;
#8058 = SURFACE_SIDE_STYLE ('',( #4647 ) ) ;
#8059 = STYLED_ITEM ( 'NONE', ( #3803 ), #1343 ) ;
#8060 = ORIENTED_EDGE ( 'NONE', *, *, #8617, .T. ) ;
#8061 = VECTOR ( 'NONE', #6807, 1000.000000000000000 ) ;
#8062 = SURFACE_SIDE_STYLE ('',( #277 ) ) ;
#8063 = CARTESIAN_POINT ( 'NONE',  ( -0.8650685075296677962, -1.533810843881407537, -0.7752464903143861941 ) ) ;
#8064 = CARTESIAN_POINT ( 'NONE',  ( 2.079999999999999627, 1.000000000000000000, -1.399999999999999911 ) ) ;
#8065 = FILL_AREA_STYLE ('',( #8763 ) ) ;
#8066 = ORIENTED_EDGE ( 'NONE', *, *, #5475, .T. ) ;
#8067 = VECTOR ( 'NONE', #1451, 1000.000000000000000 ) ;
#8068 = DIRECTION ( 'NONE',  ( 0.000000000000000000, 0.000000000000000000, -1.000000000000000000 ) ) ;
#8069 = CARTESIAN_POINT ( 'NONE',  ( -1.129999999999999893, 0.4540675543254999447, -1.369999999999999885 ) ) ;
#8070 = DIRECTION ( 'NONE',  ( 0.000000000000000000, 0.000000000000000000, -1.000000000000000000 ) ) ;
#8071 = DIRECTION ( 'NONE',  ( -3.252606517456513302E-16, -1.000000000000000000, 0.000000000000000000 ) ) ;
#8072 = ORIENTED_EDGE ( 'NONE', *, *, #5380, .T. ) ;
#8073 = FACE_OUTER_BOUND ( 'NONE', #8099, .T. ) ;
#8074 = DIRECTION ( 'NONE',  ( 0.000000000000000000, 0.000000000000000000, -1.000000000000000000 ) ) ;
#8075 = CARTESIAN_POINT ( 'NONE',  ( 0.9049999999999999156, -1.427698927806999807, -1.739999999999999769 ) ) ;
#8076 = CARTESIAN_POINT ( 'NONE',  ( -1.750000000000000000, -0.5000000000000000000, -1.399999999999999911 ) ) ;
#8077 = EDGE_CURVE ( 'NONE', #7984, #3904, #1231, .T. ) ;
#8078 = DIRECTION ( 'NONE',  ( -0.000000000000000000, 0.000000000000000000, -1.000000000000000000 ) ) ;
#8079 = ORIENTED_EDGE ( 'NONE', *, *, #8771, .F. ) ;
#8080 = CARTESIAN_POINT ( 'NONE',  ( 1.350000000000000089, 1.974264068711928388, -0.9013780793965999738 ) ) ;
#8081 = ADVANCED_FACE ( 'NONE', ( #5557 ), #5022, .T. ) ;
#8082 = FILL_AREA_STYLE_COLOUR ( '', #4277 ) ;
#8083 = VERTEX_POINT ( 'NONE', #2827 ) ;
#8084 = SURFACE_STYLE_FILL_AREA ( #7994 ) ;
#8085 = VECTOR ( 'NONE', #225, 1000.000000000000000 ) ;
#8086 = ORIENTED_EDGE ( 'NONE', *, *, #4664, .F. ) ;
#8087 = EDGE_CURVE ( 'NONE', #165, #5553, #7830, .T. ) ;
#8088 = FILL_AREA_STYLE_COLOUR ( '', #1419 ) ;
#8089 = PRODUCT_CONTEXT ( 'NONE', #4521, 'mechanical' ) ;
#8090 =( NAMED_UNIT ( * ) SI_UNIT ( $, .STERADIAN. ) SOLID_ANGLE_UNIT ( ) );
#8091 = ORIENTED_EDGE ( 'NONE', *, *, #3819, .F. ) ;
#8092 = VECTOR ( 'NONE', #1745, 1000.000000000000000 ) ;
#8093 = DIRECTION ( 'NONE',  ( -0.000000000000000000, -0.000000000000000000, -1.000000000000000000 ) ) ;
#8094 = LINE ( 'NONE', #6885, #4287 ) ;
#8095 = ORIENTED_EDGE ( 'NONE', *, *, #7137, .F. ) ;
#8096 = CARTESIAN_POINT ( 'NONE',  ( -1.750000000000000000, -1.449999999999999956, -0.1000000000000000472 ) ) ;
#8097 = PLANE ( 'NONE',  #3190 ) ;
#8098 =( GEOMETRIC_REPRESENTATION_CONTEXT ( 3 ) GLOBAL_UNCERTAINTY_ASSIGNED_CONTEXT ( ( #2142 ) ) GLOBAL_UNIT_ASSIGNED_CONTEXT ( ( #6247, #661, #1239 ) ) REPRESENTATION_CONTEXT ( 'NONE', 'WORKASPACE' ) );
#8099 = EDGE_LOOP ( 'NONE', ( #6220, #5935, #4908, #8891 ) ) ;
#8100 = CARTESIAN_POINT ( 'NONE',  ( 1.629999999999999893, 0.9799999999999999822, 1.698556084261999999 ) ) ;
#8101 = COLOUR_RGB ( '',1.000000000000000000, 1.000000000000000000, 1.000000000000000000 ) ;
#8102 = ORIENTED_EDGE ( 'NONE', *, *, #6315, .F. ) ;
#8103 = AXIS2_PLACEMENT_3D ( 'NONE', #7347, #8029, #3102 ) ;
#8104 = SURFACE_SIDE_STYLE ('',( #5372 ) ) ;
#8105 = COLOUR_RGB ( '',0.4117647058823529216, 0.4117647058823529216, 0.4117647058823529216 ) ;
#8106 = MECHANICAL_DESIGN_GEOMETRIC_PRESENTATION_REPRESENTATION (  '', ( #8566 ), #709 ) ;
#8107 = FILL_AREA_STYLE ('',( #5150 ) ) ;
#8108 = VECTOR ( 'NONE', #9034, 1000.000000000000000 ) ;
#8109 =( NAMED_UNIT ( * ) SI_UNIT ( $, .STERADIAN. ) SOLID_ANGLE_UNIT ( ) );
#8110 = EDGE_CURVE ( 'NONE', #670, #7782, #2180, .T. ) ;
#8111 = CARTESIAN_POINT ( 'NONE',  ( 1.750000000000000000, 1.449999999999999956, -0.1000000000000000472 ) ) ;
#8112 = CIRCLE ( 'NONE', #5882, 0.1499999999999999667 ) ;
#8113 =( NAMED_UNIT ( * ) SI_UNIT ( $, .STERADIAN. ) SOLID_ANGLE_UNIT ( ) );
#8114 = AXIS2_PLACEMENT_3D ( 'NONE', #6065, #8923, #2602 ) ;
#8115 = EDGE_CURVE ( 'NONE', #7541, #4081, #3649, .T. ) ;
#8116 = ORIENTED_EDGE ( 'NONE', *, *, #5839, .T. ) ;
#8117 =( GEOMETRIC_REPRESENTATION_CONTEXT ( 3 ) GLOBAL_UNCERTAINTY_ASSIGNED_CONTEXT ( ( #7023 ) ) GLOBAL_UNIT_ASSIGNED_CONTEXT ( ( #42, #1308, #2207 ) ) REPRESENTATION_CONTEXT ( 'NONE', 'WORKASPACE' ) );
#8118 = CARTESIAN_POINT ( 'NONE',  ( 0.9049999999999999156, -1.427698927807000029, -1.399999999999999911 ) ) ;
#8119 =( NAMED_UNIT ( * ) SI_UNIT ( $, .STERADIAN. ) SOLID_ANGLE_UNIT ( ) );
#8120 = SURFACE_STYLE_FILL_AREA ( #3105 ) ;
#8121 =( GEOMETRIC_REPRESENTATION_CONTEXT ( 3 ) GLOBAL_UNCERTAINTY_ASSIGNED_CONTEXT ( ( #4274 ) ) GLOBAL_UNIT_ASSIGNED_CONTEXT ( ( #2815, #8631, #4423 ) ) REPRESENTATION_CONTEXT ( 'NONE', 'WORKASPACE' ) );
#8122 = SURFACE_SIDE_STYLE ('',( #5385 ) ) ;
#8123 =( LENGTH_UNIT ( ) NAMED_UNIT ( * ) SI_UNIT ( .MILLI., .METRE. ) );
#8124 = FACE_OUTER_BOUND ( 'NONE', #5857, .T. ) ;
#8125 =( GEOMETRIC_REPRESENTATION_CONTEXT ( 3 ) GLOBAL_UNCERTAINTY_ASSIGNED_CONTEXT ( ( #251 ) ) GLOBAL_UNIT_ASSIGNED_CONTEXT ( ( #5943, #3868, #1908 ) ) REPRESENTATION_CONTEXT ( 'NONE', 'WORKASPACE' ) );
#8126 = ORIENTED_EDGE ( 'NONE', *, *, #9005, .F. ) ;
#8127 = ORIENTED_EDGE ( 'NONE', *, *, #5926, .T. ) ;
#8128 = FILL_AREA_STYLE ('',( #8082 ) ) ;
#8129 = ORIENTED_EDGE ( 'NONE', *, *, #4773, .F. ) ;
#8130 = SURFACE_STYLE_FILL_AREA ( #1949 ) ;
#8131 = LINE ( 'NONE', #7440, #2364 ) ;
#8132 = ORIENTED_EDGE ( 'NONE', *, *, #8830, .F. ) ;
#8133 = PRESENTATION_STYLE_ASSIGNMENT (( #5304 ) ) ;
#8134 = PLANE ( 'NONE',  #1211 ) ;
#8135 = CARTESIAN_POINT ( 'NONE',  ( 1.004999999999999893, 1.335834036457999918, -0.9513780793966000182 ) ) ;
#8136 = EDGE_LOOP ( 'NONE', ( #6653, #4152, #6350, #7325, #779, #7755 ) ) ;
#8137 = DIRECTION ( 'NONE',  ( 1.000000000000000000, 0.000000000000000000, 0.000000000000000000 ) ) ;
#8138 = CIRCLE ( 'NONE', #5472, 0.1200000000000000927 ) ;
#8139 = DIRECTION ( 'NONE',  ( 0.000000000000000000, 1.000000000000000000, 0.000000000000000000 ) ) ;
#8140 = ORIENTED_EDGE ( 'NONE', *, *, #5713, .F. ) ;
#8141 =( NAMED_UNIT ( * ) SI_UNIT ( $, .STERADIAN. ) SOLID_ANGLE_UNIT ( ) );
#8142 = EDGE_CURVE ( 'NONE', #8508, #7984, #62, .T. ) ;
#8143 = FILL_AREA_STYLE_COLOUR ( '', #2597 ) ;
#8144 = VERTEX_POINT ( 'NONE', #6435 ) ;
#8145 = DIRECTION ( 'NONE',  ( 0.000000000000000000, 0.000000000000000000, -1.000000000000000000 ) ) ;
#8146 = ADVANCED_FACE ( 'NONE', ( #1373 ), #7648, .F. ) ;
#8147 = DIRECTION ( 'NONE',  ( -1.000000000000000000, 0.000000000000000000, 0.000000000000000000 ) ) ;
#8148 = CIRCLE ( 'NONE', #3739, 0.1999999999999999833 ) ;
#8149 = CARTESIAN_POINT ( 'NONE',  ( 1.610000000000000098, -0.7618257577072999887, 0.000000000000000000 ) ) ;
#8150 = UNCERTAINTY_MEASURE_WITH_UNIT (LENGTH_MEASURE( 1.000000000000000082E-05 ), #6400, 'distance_accuracy_value', 'NONE');
#8151 = ORIENTED_EDGE ( 'NONE', *, *, #8886, .T. ) ;
#8152 = EDGE_CURVE ( 'NONE', #7150, #4790, #2126, .T. ) ;
#8153 = PRESENTATION_LAYER_ASSIGNMENT (  '', '', ( #3587 ) ) ;
#8154 = CARTESIAN_POINT ( 'NONE',  ( -1.250000000000000000, 1.449999999999999956, -0.9513780793966000182 ) ) ;
#8155 = MECHANICAL_DESIGN_GEOMETRIC_PRESENTATION_REPRESENTATION (  '', ( #8907 ), #7560 ) ;
#8156 = FACE_OUTER_BOUND ( 'NONE', #3357, .T. ) ;
#8157 = FILL_AREA_STYLE_COLOUR ( '', #6414 ) ;
#8158 = EDGE_LOOP ( 'NONE', ( #7276, #4728, #2292, #4271, #6643, #4485, #8314, #1197, #4574, #7733 ) ) ;
#8159 = PRESENTATION_STYLE_ASSIGNMENT (( #5378 ) ) ;
#8160 = SURFACE_SIDE_STYLE ('',( #3330 ) ) ;
#8161 = PRESENTATION_LAYER_ASSIGNMENT (  '', '', ( #3901 ) ) ;
#8162 = VECTOR ( 'NONE', #3463, 1000.000000000000000 ) ;
#8163 = STYLED_ITEM ( 'NONE', ( #2173 ), #789 ) ;
#8164 = STYLED_ITEM ( 'NONE', ( #2756 ), #4542 ) ;
#8165 = ORIENTED_EDGE ( 'NONE', *, *, #2116, .T. ) ;
#8166 = DIRECTION ( 'NONE',  ( 0.000000000000000000, 0.000000000000000000, 1.000000000000000000 ) ) ;
#8167 = VECTOR ( 'NONE', #6798, 1000.000000000000000 ) ;
#8168 = EDGE_CURVE ( 'NONE', #4222, #6551, #8031, .T. ) ;
#8169 = LINE ( 'NONE', #8820, #6559 ) ;
#8170 = CYLINDRICAL_SURFACE ( 'NONE', #3371, 0.1499999999999999667 ) ;
#8171 = VERTEX_POINT ( 'NONE', #3009 ) ;
#8172 = STYLED_ITEM ( 'NONE', ( #3370 ), #75 ) ;
#8173 = ORIENTED_EDGE ( 'NONE', *, *, #5872, .F. ) ;
#8174 = VERTEX_POINT ( 'NONE', #851 ) ;
#8175 = DIRECTION ( 'NONE',  ( -0.000000000000000000, 0.000000000000000000, -1.000000000000000000 ) ) ;
#8176 = CARTESIAN_POINT ( 'NONE',  ( 1.350000000000000089, 1.449999999999999956, -0.9513780793966000182 ) ) ;
#8177 = VECTOR ( 'NONE', #1361, 1000.000000000000000 ) ;
#8178 = VERTEX_POINT ( 'NONE', #5247 ) ;
#8179 = COLOUR_RGB ( '',1.000000000000000000, 1.000000000000000000, 1.000000000000000000 ) ;
#8180 =( GEOMETRIC_REPRESENTATION_CONTEXT ( 3 ) GLOBAL_UNCERTAINTY_ASSIGNED_CONTEXT ( ( #8051 ) ) GLOBAL_UNIT_ASSIGNED_CONTEXT ( ( #149, #6584, #6538 ) ) REPRESENTATION_CONTEXT ( 'NONE', 'WORKASPACE' ) );
#8181 = SURFACE_STYLE_FILL_AREA ( #1953 ) ;
#8182 = DIRECTION ( 'NONE',  ( 0.000000000000000000, -1.000000000000000000, 0.000000000000000000 ) ) ;
#8183 = FILL_AREA_STYLE ('',( #6790 ) ) ;
#8184 = VERTEX_POINT ( 'NONE', #5206 ) ;
#8185 = CARTESIAN_POINT ( 'NONE',  ( 0.5349999999999917044, 0.4540675543254999447, -2.134999999999998899 ) ) ;
#8186 = MECHANICAL_DESIGN_GEOMETRIC_PRESENTATION_REPRESENTATION (  '', ( #4519 ), #345 ) ;
#8187 = AXIS2_PLACEMENT_3D ( 'NONE', #4515, #1027, #7406 ) ;
#8188 = DIRECTION ( 'NONE',  ( 0.000000000000000000, 0.000000000000000000, -1.000000000000000000 ) ) ;
#8189 = ORIENTED_EDGE ( 'NONE', *, *, #4004, .T. ) ;
#8190 = CYLINDRICAL_SURFACE ( 'NONE', #2762, 0.1499999999999999667 ) ;
#8191 = ORIENTED_EDGE ( 'NONE', *, *, #1448, .F. ) ;
#8192 = VECTOR ( 'NONE', #5750, 1000.000000000000000 ) ;
#8193 = PRESENTATION_STYLE_ASSIGNMENT (( #6987 ) ) ;
#8194 = DIRECTION ( 'NONE',  ( 0.000000000000000000, -1.896820751767000256E-14, 1.000000000000000000 ) ) ;
#8195 = EDGE_CURVE ( 'NONE', #8925, #7892, #240, .T. ) ;
#8196 = EDGE_LOOP ( 'NONE', ( #2617, #1827, #1913, #930, #6011, #4305 ) ) ;
#8197 = SURFACE_STYLE_USAGE ( .BOTH. , #8104 ) ;
#8198 = DIRECTION ( 'NONE',  ( 1.000000000000000000, 0.000000000000000000, 0.000000000000000000 ) ) ;
#8199 = COLOUR_RGB ( '',1.000000000000000000, 1.000000000000000000, 1.000000000000000000 ) ;
#8200 = EDGE_CURVE ( 'NONE', #4938, #6583, #7294, .T. ) ;
#8201 = CIRCLE ( 'NONE', #3798, 0.2000000000000000944 ) ;
#8202 = DIRECTION ( 'NONE',  ( 0.000000000000000000, 0.000000000000000000, 1.000000000000000000 ) ) ;
#8203 = DIRECTION ( 'NONE',  ( -1.000000000000000000, 0.000000000000000000, 0.000000000000000000 ) ) ;
#8204 = CARTESIAN_POINT ( 'NONE',  ( 1.300000000000000266, -1.449999999999999956, -0.1000000000000000472 ) ) ;
#8205 = FACE_OUTER_BOUND ( 'NONE', #6607, .T. ) ;
#8206 = VERTEX_POINT ( 'NONE', #5785 ) ;
#8207 = ADVANCED_FACE ( 'NONE', ( #7974 ), #7882, .F. ) ;
#8208 = SURFACE_STYLE_FILL_AREA ( #6670 ) ;
#8209 = DIRECTION ( 'NONE',  ( 1.000000000000000000, 0.000000000000000000, 0.000000000000000000 ) ) ;
#8210 = AXIS2_PLACEMENT_3D ( 'NONE', #2063, #4882, #1360 ) ;
#8211 = PLANE ( 'NONE',  #2861 ) ;
#8212 = VECTOR ( 'NONE', #2454, 1000.000000000000000 ) ;
#8213 =( NAMED_UNIT ( * ) SI_UNIT ( $, .STERADIAN. ) SOLID_ANGLE_UNIT ( ) );
#8214 = CIRCLE ( 'NONE', #3221, 0.8499999999999999778 ) ;
#8215 =( LENGTH_UNIT ( ) NAMED_UNIT ( * ) SI_UNIT ( .MILLI., .METRE. ) );
#8216 = CARTESIAN_POINT ( 'NONE',  ( 0.2300000000000001765, -0.4459324456745000220, -1.369999999999999885 ) ) ;
#8217 = PRESENTATION_STYLE_ASSIGNMENT (( #3895 ) ) ;
#8218 = ORIENTED_EDGE ( 'NONE', *, *, #8195, .F. ) ;
#8219 = LINE ( 'NONE', #8970, #6477 ) ;
#8220 =( GEOMETRIC_REPRESENTATION_CONTEXT ( 3 ) GLOBAL_UNCERTAINTY_ASSIGNED_CONTEXT ( ( #3821 ) ) GLOBAL_UNIT_ASSIGNED_CONTEXT ( ( #8309, #1800, #8920 ) ) REPRESENTATION_CONTEXT ( 'NONE', 'WORKASPACE' ) );
#8221 = EDGE_LOOP ( 'NONE', ( #2734, #7482 ) ) ;
#8222 = EDGE_CURVE ( 'NONE', #2966, #138, #7154, .T. ) ;
#8223 = PRESENTATION_STYLE_ASSIGNMENT (( #341 ) ) ;
#8224 = SURFACE_STYLE_FILL_AREA ( #8973 ) ;
#8225 = VERTEX_POINT ( 'NONE', #286 ) ;
#8226 =( LENGTH_UNIT ( ) NAMED_UNIT ( * ) SI_UNIT ( .MILLI., .METRE. ) );
#8227 = SURFACE_STYLE_FILL_AREA ( #5397 ) ;
#8228 = CARTESIAN_POINT ( 'NONE',  ( -1.750000000000000000, 1.000000000000000000, -1.300000000000000044 ) ) ;
#8229 = VERTEX_POINT ( 'NONE', #3837 ) ;
#8230 =( LENGTH_UNIT ( ) NAMED_UNIT ( * ) SI_UNIT ( .MILLI., .METRE. ) );
#8231 = UNCERTAINTY_MEASURE_WITH_UNIT (LENGTH_MEASURE( 1.000000000000000082E-05 ), #1281, 'distance_accuracy_value', 'NONE');
#8232 = DIRECTION ( 'NONE',  ( 0.000000000000000000, 0.000000000000000000, 1.000000000000000000 ) ) ;
#8233 = PRESENTATION_STYLE_ASSIGNMENT (( #5532 ) ) ;
#8234 = UNCERTAINTY_MEASURE_WITH_UNIT (LENGTH_MEASURE( 1.000000000000000082E-05 ), #299, 'distance_accuracy_value', 'NONE');
#8235 = VERTEX_POINT ( 'NONE', #5741 ) ;
#8236 =( NAMED_UNIT ( * ) SI_UNIT ( $, .STERADIAN. ) SOLID_ANGLE_UNIT ( ) );
#8237 =( LENGTH_UNIT ( ) NAMED_UNIT ( * ) SI_UNIT ( .MILLI., .METRE. ) );
#8238 = ORIENTED_EDGE ( 'NONE', *, *, #7106, .T. ) ;
#8239 = CIRCLE ( 'NONE', #5130, 0.8750000000000000000 ) ;
#8240 = DIRECTION ( 'NONE',  ( 0.000000000000000000, -1.000000000000000000, 0.000000000000000000 ) ) ;
#8241 = LINE ( 'NONE', #5357, #8793 ) ;
#8242 = DIRECTION ( 'NONE',  ( 0.000000000000000000, 1.000000000000000000, 0.000000000000000000 ) ) ;
#8243 = VERTEX_POINT ( 'NONE', #948 ) ;
#8244 = DIRECTION ( 'NONE',  ( 1.000000000000000000, 0.000000000000000000, 0.000000000000000000 ) ) ;
#8245 = FILL_AREA_STYLE_COLOUR ( '', #174 ) ;
#8246 = CARTESIAN_POINT ( 'NONE',  ( 1.300000000000000266, 1.449999999999999956, -0.1000000000000000472 ) ) ;
#8247 = UNCERTAINTY_MEASURE_WITH_UNIT (LENGTH_MEASURE( 1.000000000000000082E-05 ), #6542, 'distance_accuracy_value', 'NONE');
#8248 = ORIENTED_EDGE ( 'NONE', *, *, #4764, .T. ) ;
#8249 = DIRECTION ( 'NONE',  ( -0.000000000000000000, 1.000000000000000000, 0.000000000000000000 ) ) ;
#8250 = VECTOR ( 'NONE', #4701, 1000.000000000000000 ) ;
#8251 = LINE ( 'NONE', #728, #3679 ) ;
#8252 = EDGE_CURVE ( 'NONE', #6701, #3767, #6625, .T. ) ;
#8253 = CARTESIAN_POINT ( 'NONE',  ( 0.8049999999999998268, -1.549999999999999822, -0.7267949192431122363 ) ) ;
#8254 = DIRECTION ( 'NONE',  ( 0.000000000000000000, 0.000000000000000000, -1.000000000000000000 ) ) ;
#8255 = VECTOR ( 'NONE', #575, 1000.000000000000000 ) ;
#8256 = EDGE_CURVE ( 'NONE', #3084, #27, #1525, .T. ) ;
#8257 = FACE_OUTER_BOUND ( 'NONE', #1991, .T. ) ;
#8258 = VECTOR ( 'NONE', #1170, 1000.000000000000000 ) ;
#8259 = EDGE_LOOP ( 'NONE', ( #375, #1107, #2132, #5267 ) ) ;
#8260 = VECTOR ( 'NONE', #1120, 1000.000000000000000 ) ;
#8261 = FILL_AREA_STYLE ('',( #4024 ) ) ;
#8262 = FACE_OUTER_BOUND ( 'NONE', #8642, .T. ) ;
#8263 = AXIS2_PLACEMENT_3D ( 'NONE', #6835, #4044, #7449 ) ;
#8264 = EDGE_CURVE ( 'NONE', #2531, #7074, #4390, .T. ) ;
#8265 = CARTESIAN_POINT ( 'NONE',  ( 1.594948974278317833, 1.550000000000000044, -0.9513780793966000182 ) ) ;
#8266 = DIRECTION ( 'NONE',  ( 0.000000000000000000, 0.000000000000000000, -1.000000000000000000 ) ) ;
#8267 = SURFACE_STYLE_USAGE ( .BOTH. , #7478 ) ;
#8268 =( GEOMETRIC_REPRESENTATION_CONTEXT ( 3 ) GLOBAL_UNCERTAINTY_ASSIGNED_CONTEXT ( ( #6267 ) ) GLOBAL_UNIT_ASSIGNED_CONTEXT ( ( #4239, #3413, #1980 ) ) REPRESENTATION_CONTEXT ( 'NONE', 'WORKASPACE' ) );
#8269 = ADVANCED_FACE ( 'NONE', ( #8774 ), #2457, .F. ) ;
#8270 = EDGE_LOOP ( 'NONE', ( #5758, #3858, #603, #4681, #637 ) ) ;
#8271 = SURFACE_STYLE_USAGE ( .BOTH. , #5390 ) ;
#8272 = ORIENTED_EDGE ( 'NONE', *, *, #7646, .F. ) ;
#8273 = DIRECTION ( 'NONE',  ( -1.000000000000000000, 0.000000000000000000, 0.000000000000000000 ) ) ;
#8274 = EDGE_CURVE ( 'NONE', #7150, #5231, #1979, .T. ) ;
#8275 =( GEOMETRIC_REPRESENTATION_CONTEXT ( 3 ) GLOBAL_UNCERTAINTY_ASSIGNED_CONTEXT ( ( #8526 ) ) GLOBAL_UNIT_ASSIGNED_CONTEXT ( ( #1189, #2732, #9060 ) ) REPRESENTATION_CONTEXT ( 'NONE', 'WORKASPACE' ) );
#8276 = SURFACE_SIDE_STYLE ('',( #6968 ) ) ;
#8277 = AXIS2_PLACEMENT_3D ( 'NONE', #7290, #5828, #7822 ) ;
#8278 = ORIENTED_EDGE ( 'NONE', *, *, #2738, .T. ) ;
#8279 = CARTESIAN_POINT ( 'NONE',  ( 1.350000000000000089, -1.449999999999999956, -1.051378079396599885 ) ) ;
#8280 = ORIENTED_EDGE ( 'NONE', *, *, #2581, .F. ) ;
#8281 = AXIS2_PLACEMENT_3D ( 'NONE', #6946, #2103, #6226 ) ;
#8282 = CARTESIAN_POINT ( 'NONE',  ( 1.750000000000000000, 1.000000000000000000, -1.399000000000000021 ) ) ;
#8283 = FILL_AREA_STYLE_COLOUR ( '', #6662 ) ;
#8284 = DIRECTION ( 'NONE',  ( 0.000000000000000000, 1.000000000000000000, 0.000000000000000000 ) ) ;
#8285 = EDGE_LOOP ( 'NONE', ( #3483, #5068, #8624, #2833 ) ) ;
#8286 = DIRECTION ( 'NONE',  ( -0.7071067811865439090, -0.000000000000000000, 0.7071067811865512365 ) ) ;
#8287 = DIRECTION ( 'NONE',  ( 0.000000000000000000, 1.000000000000000000, 0.000000000000000000 ) ) ;
#8288 = EDGE_LOOP ( 'NONE', ( #1578, #5867, #539, #2474 ) ) ;
#8289 = EDGE_LOOP ( 'NONE', ( #7111, #6663, #2006, #209, #6489, #6973, #6002, #541, #4902, #6764, #2383, #2560, #935, #7082, #7160, #631, #613, #6656, #7525, #4275, #8337, #8501, #5621, #2748, #3213, #5981 ) ) ;
#8290 = EDGE_CURVE ( 'NONE', #1707, #7225, #466, .T. ) ;
#8291 = CARTESIAN_POINT ( 'NONE',  ( -1.750000000000000000, 0.4000000000000000222, -0.1000000000000000472 ) ) ;
#8292 = DIRECTION ( 'NONE',  ( 1.000000000000000000, 0.000000000000000000, 0.000000000000000000 ) ) ;
#8293 = DIRECTION ( 'NONE',  ( 0.000000000000000000, 0.000000000000000000, -1.000000000000000000 ) ) ;
#8294 = SURFACE_STYLE_FILL_AREA ( #6179 ) ;
#8295 = ORIENTED_EDGE ( 'NONE', *, *, #3983, .T. ) ;
#8296 = CARTESIAN_POINT ( 'NONE',  ( 1.629999999999999893, -0.9799999999999999822, 0.000000000000000000 ) ) ;
#8297 = SURFACE_SIDE_STYLE ('',( #1708 ) ) ;
#8298 = CARTESIAN_POINT ( 'NONE',  ( -0.7049999999999999600, -1.449999999999999956, -0.6999999999999999556 ) ) ;
#8299 = DIRECTION ( 'NONE',  ( -0.000000000000000000, -0.000000000000000000, -1.000000000000000000 ) ) ;
#8300 = VECTOR ( 'NONE', #8382, 1000.000000000000000 ) ;
#8301 = SURFACE_STYLE_FILL_AREA ( #7602 ) ;
#8302 = AXIS2_PLACEMENT_3D ( 'NONE', #3957, #7444, #6738 ) ;
#8303 =( NAMED_UNIT ( * ) SI_UNIT ( $, .STERADIAN. ) SOLID_ANGLE_UNIT ( ) );
#8304 = COLOUR_RGB ( '',0.4117647058823529216, 0.4117647058823529216, 0.4117647058823529216 ) ;
#8305 = ORIENTED_EDGE ( 'NONE', *, *, #6720, .F. ) ;
#8306 = LINE ( 'NONE', #6908, #5921 ) ;
#8307 = DIRECTION ( 'NONE',  ( -1.000000000000000000, 0.000000000000000000, 0.000000000000000000 ) ) ;
#8308 =( GEOMETRIC_REPRESENTATION_CONTEXT ( 3 ) GLOBAL_UNCERTAINTY_ASSIGNED_CONTEXT ( ( #7466 ) ) GLOBAL_UNIT_ASSIGNED_CONTEXT ( ( #6206, #1333, #5560 ) ) REPRESENTATION_CONTEXT ( 'NONE', 'WORKASPACE' ) );
#8309 =( LENGTH_UNIT ( ) NAMED_UNIT ( * ) SI_UNIT ( .MILLI., .METRE. ) );
#8310 = PRESENTATION_LAYER_ASSIGNMENT (  '', '', ( #3306 ) ) ;
#8311 = CIRCLE ( 'NONE', #471, 0.1500000000000000777 ) ;
#8312 = ORIENTED_EDGE ( 'NONE', *, *, #271, .T. ) ;
#8313 = CARTESIAN_POINT ( 'NONE',  ( 1.300000000000000266, 1.550000000000000044, -0.9513780793966000182 ) ) ;
#8314 = ORIENTED_EDGE ( 'NONE', *, *, #7223, .T. ) ;
#8315 = CARTESIAN_POINT ( 'NONE',  ( -0.9050000000000001377, -1.427698927807000029, -1.399999999999999911 ) ) ;
#8316 = DIRECTION ( 'NONE',  ( 1.000000000000000000, 0.000000000000000000, 0.000000000000000000 ) ) ;
#8317 = CIRCLE ( 'NONE', #3601, 0.1499999999999999667 ) ;
#8318 = STYLED_ITEM ( 'NONE', ( #2946 ), #1136 ) ;
#8319 = VERTEX_POINT ( 'NONE', #1273 ) ;
#8320 = VECTOR ( 'NONE', #124, 1000.000000000000000 ) ;
#8321 = ADVANCED_FACE ( 'NONE', ( #2547 ), #3976, .F. ) ;
#8322 = DIRECTION ( 'NONE',  ( -1.000000000000000000, 0.000000000000000000, 0.000000000000000000 ) ) ;
#8323 = CARTESIAN_POINT ( 'NONE',  ( 1.629999999999999893, -0.9799999999999999822, 1.698556084261999999 ) ) ;
#8324 = DIRECTION ( 'NONE',  ( 0.000000000000000000, -1.000000000000000000, 0.000000000000000000 ) ) ;
#8325 = EDGE_LOOP ( 'NONE', ( #526, #3281, #1205, #8295 ) ) ;
#8326 =( NAMED_UNIT ( * ) SI_UNIT ( $, .STERADIAN. ) SOLID_ANGLE_UNIT ( ) );
#8327 = UNCERTAINTY_MEASURE_WITH_UNIT (LENGTH_MEASURE( 1.000000000000000082E-05 ), #5821, 'distance_accuracy_value', 'NONE');
#8328 = STYLED_ITEM ( 'NONE', ( #6450 ), #295 ) ;
#8329 = ADVANCED_FACE ( 'NONE', ( #3191 ), #1793, .T. ) ;
#8330 =( LENGTH_UNIT ( ) NAMED_UNIT ( * ) SI_UNIT ( .MILLI., .METRE. ) );
#8331 = MECHANICAL_DESIGN_GEOMETRIC_PRESENTATION_REPRESENTATION (  '', ( #3176 ), #2728 ) ;
#8332 = LINE ( 'NONE', #3998, #3116 ) ;
#8333 = EDGE_LOOP ( 'NONE', ( #1191, #5083, #7575, #1832 ) ) ;
#8334 = VERTEX_POINT ( 'NONE', #5013 ) ;
#8335 = VECTOR ( 'NONE', #3981, 1000.000000000000000 ) ;
#8336 = CARTESIAN_POINT ( 'NONE',  ( 0.000000000000000000, 0.000000000000000000, 0.000000000000000000 ) ) ;
#8337 = ORIENTED_EDGE ( 'NONE', *, *, #3773, .T. ) ;
#8338 = SURFACE_STYLE_USAGE ( .BOTH. , #6941 ) ;
#8339 = UNCERTAINTY_MEASURE_WITH_UNIT (LENGTH_MEASURE( 1.000000000000000082E-05 ), #6197, 'distance_accuracy_value', 'NONE');
#8340 = MECHANICAL_DESIGN_GEOMETRIC_PRESENTATION_REPRESENTATION (  '', ( #5233 ), #4653 ) ;
#8341 = PRESENTATION_LAYER_ASSIGNMENT (  '', '', ( #5804 ) ) ;
#8342 = ORIENTED_EDGE ( 'NONE', *, *, #6334, .F. ) ;
#8343 = LINE ( 'NONE', #2158, #5890 ) ;
#8344 = CARTESIAN_POINT ( 'NONE',  ( -1.300000000000000266, 1.399999999999999911, -0.1000000000000000472 ) ) ;
#8345 = EDGE_CURVE ( 'NONE', #6733, #2524, #6821, .T. ) ;
#8346 = SURFACE_STYLE_FILL_AREA ( #6803 ) ;
#8347 = CARTESIAN_POINT ( 'NONE',  ( 1.104999999999999538, -3.500000000000000000, -1.302973369332799836 ) ) ;
#8348 = CARTESIAN_POINT ( 'NONE',  ( -1.750000000000000000, 0.4000000000000000222, -0.1000000000000000472 ) ) ;
#8349 = DIRECTION ( 'NONE',  ( 1.000000000000000000, 0.000000000000000000, 0.000000000000000000 ) ) ;
#8350 = UNCERTAINTY_MEASURE_WITH_UNIT (LENGTH_MEASURE( 1.000000000000000082E-05 ), #4236, 'distance_accuracy_value', 'NONE');
#8351 = DIRECTION ( 'NONE',  ( 0.000000000000000000, 0.000000000000000000, 1.000000000000000000 ) ) ;
#8352 = DIRECTION ( 'NONE',  ( -0.7071067811865507924, 0.000000000000000000, -0.7071067811865442421 ) ) ;
#8353 = FILL_AREA_STYLE ('',( #7732 ) ) ;
#8354 = MECHANICAL_DESIGN_GEOMETRIC_PRESENTATION_REPRESENTATION (  '', ( #5669 ), #2317 ) ;
#8355 = ORIENTED_EDGE ( 'NONE', *, *, #6634, .T. ) ;
#8356 = PRESENTATION_LAYER_ASSIGNMENT (  '', '', ( #1417 ) ) ;
#8357 = VECTOR ( 'NONE', #6281, 1000.000000000000000 ) ;
#8358 =( NAMED_UNIT ( * ) PLANE_ANGLE_UNIT ( ) SI_UNIT ( $, .RADIAN. ) );
#8359 = ORIENTED_EDGE ( 'NONE', *, *, #2438, .T. ) ;
#8360 = ORIENTED_EDGE ( 'NONE', *, *, #3488, .F. ) ;
#8361 = MECHANICAL_DESIGN_GEOMETRIC_PRESENTATION_REPRESENTATION (  '', ( #5110 ), #4683 ) ;
#8362 = VECTOR ( 'NONE', #6187, 1000.000000000000000 ) ;
#8363 = CARTESIAN_POINT ( 'NONE',  ( 0.9049999999999999156, -1.449999999999999956, -1.302973369332799836 ) ) ;
#8364 = SURFACE_STYLE_USAGE ( .BOTH. , #1431 ) ;
#8365 = ORIENTED_EDGE ( 'NONE', *, *, #4100, .T. ) ;
#8366 = EDGE_CURVE ( 'NONE', #6741, #7446, #4637, .T. ) ;
#8367 = DIRECTION ( 'NONE',  ( 1.000000000000000000, 0.000000000000000000, 0.000000000000000000 ) ) ;
#8368 = MECHANICAL_DESIGN_GEOMETRIC_PRESENTATION_REPRESENTATION (  '', ( #5545 ), #4240 ) ;
#8369 = CARTESIAN_POINT ( 'NONE',  ( -1.129999999999999893, -0.2459324456744999832, -1.369999999999999885 ) ) ;
#8370 = EDGE_CURVE ( 'NONE', #1788, #4630, #4844, .T. ) ;
#8371 = ORIENTED_EDGE ( 'NONE', *, *, #2408, .F. ) ;
#8372 = CARTESIAN_POINT ( 'NONE',  ( -1.750000000000000000, -0.4225320565518999594, -0.1000000000000000472 ) ) ;
#8373 = SURFACE_STYLE_FILL_AREA ( #6261 ) ;
#8374 = ORIENTED_EDGE ( 'NONE', *, *, #657, .T. ) ;
#8375 = EDGE_CURVE ( 'NONE', #3716, #1722, #2115, .T. ) ;
#8376 =( NAMED_UNIT ( * ) PLANE_ANGLE_UNIT ( ) SI_UNIT ( $, .RADIAN. ) );
#8377 = VERTEX_POINT ( 'NONE', #9046 ) ;
#8378 = B_SPLINE_CURVE_WITH_KNOTS ( 'NONE', 3,
 ( #8253, #323, #416, #3973, #510, #6000 ),
 .UNSPECIFIED., .F., .F.,
 ( 4, 2, 4 ),
 ( 0.000000000000000000, 0.0001170743711345771968, 0.0002341487422691543936 ),
 .UNSPECIFIED. ) ;
#8379 =( NAMED_UNIT ( * ) SI_UNIT ( $, .STERADIAN. ) SOLID_ANGLE_UNIT ( ) );
#8380 = VERTEX_POINT ( 'NONE', #646 ) ;
#8381 = VECTOR ( 'NONE', #8574, 1000.000000000000000 ) ;
#8382 = DIRECTION ( 'NONE',  ( 0.000000000000000000, 0.000000000000000000, -1.000000000000000000 ) ) ;
#8383 = EDGE_CURVE ( 'NONE', #9024, #4241, #2216, .T. ) ;
#8384 = PLANE ( 'NONE',  #1246 ) ;
#8385 = CARTESIAN_POINT ( 'NONE',  ( 0.9049999999999999156, -1.449999999999999956, -1.302973369332799836 ) ) ;
#8386 = VECTOR ( 'NONE', #7377, 1000.000000000000000 ) ;
#8387 = CARTESIAN_POINT ( 'NONE',  ( -8.131516293641283255E-17, 0.000000000000000000, -0.1000000000000000472 ) ) ;
#8388 = DIRECTION ( 'NONE',  ( 0.000000000000000000, 0.000000000000000000, 1.000000000000000000 ) ) ;
#8389 = ORIENTED_EDGE ( 'NONE', *, *, #8661, .T. ) ;
#8390 = CIRCLE ( 'NONE', #4419, 0.2000000000000000944 ) ;
#8391 = CYLINDRICAL_SURFACE ( 'NONE', #5778, 0.2000000000000000944 ) ;
#8392 = SURFACE_SIDE_STYLE ('',( #6153 ) ) ;
#8393 = DIRECTION ( 'NONE',  ( 0.000000000000000000, 0.000000000000000000, -1.000000000000000000 ) ) ;
#8394 = DIRECTION ( 'NONE',  ( 1.000000000000000000, 0.000000000000000000, 0.000000000000000000 ) ) ;
#8395 = COLOUR_RGB ( '',0.7686274509803920907, 0.7686274509803920907, 0.7686274509803920907 ) ;
#8396 = CARTESIAN_POINT ( 'NONE',  ( -1.750000000000000000, -1.449999999999999956, -1.302973369332799836 ) ) ;
#8397 = CARTESIAN_POINT ( 'NONE',  ( 1.750000000000000000, -0.5000000000000000000, -1.399999999999999911 ) ) ;
#8398 = EDGE_CURVE ( 'NONE', #3094, #2871, #6190, .T. ) ;
#8399 = VECTOR ( 'NONE', #4859, 1000.000000000000000 ) ;
#8400 =( GEOMETRIC_REPRESENTATION_CONTEXT ( 3 ) GLOBAL_UNCERTAINTY_ASSIGNED_CONTEXT ( ( #2538 ) ) GLOBAL_UNIT_ASSIGNED_CONTEXT ( ( #4507, #7399, #8090 ) ) REPRESENTATION_CONTEXT ( 'NONE', 'WORKASPACE' ) );
#8401 = AXIS2_PLACEMENT_3D ( 'NONE', #6519, #1693, #2402 ) ;
#8402 = ORIENTED_EDGE ( 'NONE', *, *, #8142, .F. ) ;
#8403 = EDGE_LOOP ( 'NONE', ( #892, #1347, #4870, #3170 ) ) ;
#8404 = VECTOR ( 'NONE', #7307, 1000.000000000000000 ) ;
#8405 = LINE ( 'NONE', #2925, #5358 ) ;
#8406 = COLOUR_RGB ( '',0.4117647058823529216, 0.4117647058823529216, 0.4117647058823529216 ) ;
#8407 = PRESENTATION_LAYER_ASSIGNMENT (  '', '', ( #8857 ) ) ;
#8408 = VECTOR ( 'NONE', #3113, 1000.000000000000000 ) ;
#8409 = LINE ( 'NONE', #7020, #7455 ) ;
#8410 = FILL_AREA_STYLE_COLOUR ( '', #2809 ) ;
#8411 = VERTEX_POINT ( 'NONE', #6903 ) ;
#8412 =( NAMED_UNIT ( * ) SI_UNIT ( $, .STERADIAN. ) SOLID_ANGLE_UNIT ( ) );
#8413 = UNCERTAINTY_MEASURE_WITH_UNIT (LENGTH_MEASURE( 1.000000000000000082E-05 ), #4099, 'distance_accuracy_value', 'NONE');
#8414 = STYLED_ITEM ( 'NONE', ( #4266 ), #3106 ) ;
#8415 = PRODUCT_DEFINITION_CONTEXT ( 'detailed design', #6676, 'design' ) ;
#8416 = ORIENTED_EDGE ( 'NONE', *, *, #5522, .F. ) ;
#8417 = AXIS2_PLACEMENT_3D ( 'NONE', #3880, #6571, #5319 ) ;
#8418 = DIRECTION ( 'NONE',  ( 1.000000000000000000, 0.000000000000000000, 0.000000000000000000 ) ) ;
#8419 = DIRECTION ( 'NONE',  ( 0.000000000000000000, 0.000000000000000000, 1.000000000000000000 ) ) ;
#8420 = ORIENTED_EDGE ( 'NONE', *, *, #519, .T. ) ;
#8421 = VECTOR ( 'NONE', #7326, 1000.000000000000000 ) ;
#8422 = SURFACE_STYLE_FILL_AREA ( #5036 ) ;
#8423 = ORIENTED_EDGE ( 'NONE', *, *, #6373, .F. ) ;
#8424 = PRESENTATION_LAYER_ASSIGNMENT (  '', '', ( #3275 ) ) ;
#8425 = LINE ( 'NONE', #781, #2724 ) ;
#8426 =( NAMED_UNIT ( * ) SI_UNIT ( $, .STERADIAN. ) SOLID_ANGLE_UNIT ( ) );
#8427 = FACE_OUTER_BOUND ( 'NONE', #41, .T. ) ;
#8428 = UNCERTAINTY_MEASURE_WITH_UNIT (LENGTH_MEASURE( 1.000000000000000082E-05 ), #95, 'distance_accuracy_value', 'NONE');
#8429 = ORIENTED_EDGE ( 'NONE', *, *, #1905, .T. ) ;
#8430 = SURFACE_STYLE_FILL_AREA ( #2711 ) ;
#8431 = DIRECTION ( 'NONE',  ( 0.000000000000000000, 0.000000000000000000, 1.000000000000000000 ) ) ;
#8432 = PRESENTATION_STYLE_ASSIGNMENT (( #2106 ) ) ;
#8433 = FILL_AREA_STYLE ('',( #5590 ) ) ;
#8434 = EDGE_CURVE ( 'NONE', #2130, #8550, #5514, .T. ) ;
#8435 = CARTESIAN_POINT ( 'NONE',  ( 0.7649999999999923528, 0.4540675543254999447, -0.8350000000000004086 ) ) ;
#8436 = PLANE ( 'NONE',  #7431 ) ;
#8437 = SURFACE_STYLE_USAGE ( .BOTH. , #7048 ) ;
#8438 = DIRECTION ( 'NONE',  ( 0.000000000000000000, 0.000000000000000000, 1.000000000000000000 ) ) ;
#8439 = EDGE_CURVE ( 'NONE', #138, #4075, #2023, .T. ) ;
#8440 = ORIENTED_EDGE ( 'NONE', *, *, #6731, .F. ) ;
#8441 = MECHANICAL_DESIGN_GEOMETRIC_PRESENTATION_REPRESENTATION (  '', ( #3887 ), #2272 ) ;
#8442 =( LENGTH_UNIT ( ) NAMED_UNIT ( * ) SI_UNIT ( .MILLI., .METRE. ) );
#8443 = FILL_AREA_STYLE_COLOUR ( '', #4628 ) ;
#8444 = PRESENTATION_LAYER_ASSIGNMENT (  '', '', ( #2704 ) ) ;
#8446 = ORIENTED_EDGE ( 'NONE', *, *, #2829, .T. ) ;
#8445 = AXIS2_PLACEMENT_3D ( 'NONE', #1768, #4457, #4593 ) ;
#8447 =( LENGTH_UNIT ( ) NAMED_UNIT ( * ) SI_UNIT ( .MILLI., .METRE. ) );
#8448 = ORIENTED_EDGE ( 'NONE', *, *, #859, .F. ) ;
#8449 = DIRECTION ( 'NONE',  ( 0.000000000000000000, -1.000000000000000000, 0.000000000000000000 ) ) ;
#8450 =( LENGTH_UNIT ( ) NAMED_UNIT ( * ) SI_UNIT ( .MILLI., .METRE. ) );
#8451 = EDGE_CURVE ( 'NONE', #6286, #5406, #8317, .T. ) ;
#8452 = CARTESIAN_POINT ( 'NONE',  ( 0.7049999999999998490, 1.550000000000000044, -0.6999999999999999556 ) ) ;
#8453 = COLOUR_RGB ( '',1.000000000000000000, 1.000000000000000000, 1.000000000000000000 ) ;
#8454 = VECTOR ( 'NONE', #4434, 1000.000000000000000 ) ;
#8455 = DIRECTION ( 'NONE',  ( 0.000000000000000000, 0.000000000000000000, 1.000000000000000000 ) ) ;
#8456 = VERTEX_POINT ( 'NONE', #558 ) ;
#8457 = CARTESIAN_POINT ( 'NONE',  ( 0.7649999999999924638, -0.4459324456745000220, -0.8350000000000001865 ) ) ;
#8458 = FILL_AREA_STYLE_COLOUR ( '', #3364 ) ;
#8459 = DIRECTION ( 'NONE',  ( 4.336808689942041895E-16, -1.000000000000000000, 0.000000000000000000 ) ) ;
#8460 = FILL_AREA_STYLE_COLOUR ( '', #1630 ) ;
#8461 = MECHANICAL_DESIGN_GEOMETRIC_PRESENTATION_REPRESENTATION (  '', ( #6068 ), #923 ) ;
#8462 = PRESENTATION_LAYER_ASSIGNMENT (  '', '', ( #9065 ) ) ;
#8463 = ORIENTED_EDGE ( 'NONE', *, *, #4458, .F. ) ;
#8464 = AXIS2_PLACEMENT_3D ( 'NONE', #5506, #5414, #6141 ) ;
#8465 = MECHANICAL_DESIGN_GEOMETRIC_PRESENTATION_REPRESENTATION (  '', ( #611 ), #4490 ) ;
#8466 = DIRECTION ( 'NONE',  ( 0.000000000000000000, 0.000000000000000000, 1.000000000000000000 ) ) ;
#8467 = ORIENTED_EDGE ( 'NONE', *, *, #2026, .F. ) ;
#8468 = CARTESIAN_POINT ( 'NONE',  ( -1.629999999999999893, 1.180000000000000160, 0.000000000000000000 ) ) ;
#8469 = VERTEX_POINT ( 'NONE', #7641 ) ;
#8470 = EDGE_CURVE ( 'NONE', #6018, #1421, #1318, .T. ) ;
#8471 = MECHANICAL_DESIGN_GEOMETRIC_PRESENTATION_REPRESENTATION (  '', ( #5932 ), #7580 ) ;
#8472 = DIRECTION ( 'NONE',  ( 0.000000000000000000, 0.000000000000000000, 1.000000000000000000 ) ) ;
#8473 = CYLINDRICAL_SURFACE ( 'NONE', #4279, 0.1000000000000000472 ) ;
#8474 = ORIENTED_EDGE ( 'NONE', *, *, #223, .F. ) ;
#8475 = AXIS2_PLACEMENT_3D ( 'NONE', #7619, #4165, #3564 ) ;
#8476 = FACE_OUTER_BOUND ( 'NONE', #1412, .T. ) ;
#8477 = SURFACE_STYLE_USAGE ( .BOTH. , #8576 ) ;
#8478 = SURFACE_SIDE_STYLE ('',( #2947 ) ) ;
#8479 = DIRECTION ( 'NONE',  ( 0.000000000000000000, 0.000000000000000000, 1.000000000000000000 ) ) ;
#8480 = DIRECTION ( 'NONE',  ( 0.000000000000000000, -1.000000000000000000, 0.000000000000000000 ) ) ;
#8481 = CYLINDRICAL_SURFACE ( 'NONE', #8210, 0.1000000000000000472 ) ;
#8482 = VECTOR ( 'NONE', #4948, 1000.000000000000000 ) ;
#8483 = CARTESIAN_POINT ( 'NONE',  ( -1.500000000000000222, -0.2459324456744985399, -1.320000000000000062 ) ) ;
#8484 = EDGE_CURVE ( 'NONE', #6931, #7074, #53, .T. ) ;
#8485 = DIRECTION ( 'NONE',  ( 0.000000000000000000, 1.000000000000000000, 0.000000000000000000 ) ) ;
#8486 = PRESENTATION_LAYER_ASSIGNMENT (  '', '', ( #3332 ) ) ;
#8487 = FILL_AREA_STYLE ('',( #5641 ) ) ;
#8488 = EDGE_CURVE ( 'NONE', #4086, #4047, #1086, .T. ) ;
#8489 = VERTEX_POINT ( 'NONE', #7687 ) ;
#8490 =( GEOMETRIC_REPRESENTATION_CONTEXT ( 3 ) GLOBAL_UNCERTAINTY_ASSIGNED_CONTEXT ( ( #545 ) ) GLOBAL_UNIT_ASSIGNED_CONTEXT ( ( #1064, #6687, #6644 ) ) REPRESENTATION_CONTEXT ( 'NONE', 'WORKASPACE' ) );
#8491 = DIRECTION ( 'NONE',  ( 0.000000000000000000, 0.000000000000000000, -1.000000000000000000 ) ) ;
#8492 = CARTESIAN_POINT ( 'NONE',  ( 1.751000000000000334, 1.000000000000000000, -1.399000000000000021 ) ) ;
#8493 = EDGE_CURVE ( 'NONE', #2575, #6171, #5927, .T. ) ;
#8494 = CARTESIAN_POINT ( 'NONE',  ( -0.7050000000000000711, 1.550000000000000044, -0.6999999999999999556 ) ) ;
#8495 = CARTESIAN_POINT ( 'NONE',  ( 0.9049999999999999156, -1.449999999999999956, -1.302973369332799836 ) ) ;
#8496 = PRESENTATION_STYLE_ASSIGNMENT (( #6332 ) ) ;
#8497 = DIRECTION ( 'NONE',  ( 0.000000000000000000, -1.000000000000000000, 0.000000000000000000 ) ) ;
#8498 = AXIS2_PLACEMENT_3D ( 'NONE', #7701, #7167, #811 ) ;
#8499 = ORIENTED_EDGE ( 'NONE', *, *, #6295, .T. ) ;
#8500 = LINE ( 'NONE', #2131, #5166 ) ;
#8501 = ORIENTED_EDGE ( 'NONE', *, *, #6427, .F. ) ;
#8502 = PRESENTATION_STYLE_ASSIGNMENT (( #7299 ) ) ;
#8503 = FILL_AREA_STYLE ('',( #5024 ) ) ;
#8504 = CIRCLE ( 'NONE', #1112, 0.1000000000000000472 ) ;
#8505 = DIRECTION ( 'NONE',  ( -1.000000000000000000, 0.000000000000000000, 0.000000000000000000 ) ) ;
#8506 = COLOUR_RGB ( '',1.000000000000000000, 1.000000000000000000, 1.000000000000000000 ) ;
#8507 = PLANE ( 'NONE',  #6158 ) ;
#8508 = VERTEX_POINT ( 'NONE', #6999 ) ;
#8509 = PLANE ( 'NONE',  #4394 ) ;
#8510 = UNCERTAINTY_MEASURE_WITH_UNIT (LENGTH_MEASURE( 1.000000000000000082E-05 ), #5373, 'distance_accuracy_value', 'NONE');
#8511 = PRODUCT_DEFINITION ( 'ๆ', '', #2898, #2793 ) ;
#8512 = COLOUR_RGB ( '',0.7686274509803920907, 0.7686274509803920907, 0.7686274509803920907 ) ;
#8513 = CARTESIAN_POINT ( 'NONE',  ( 1.350000000000000089, 1.449999999999999956, -0.9513780793966000182 ) ) ;
#8514 = AXIS2_PLACEMENT_3D ( 'NONE', #7462, #5957, #3230 ) ;
#8515 = VERTEX_POINT ( 'NONE', #3508 ) ;
#8516 = CARTESIAN_POINT ( 'NONE',  ( 2.299999999999999822, -1.000000000000000000, -1.399999999999999911 ) ) ;
#8517 = EDGE_LOOP ( 'NONE', ( #4759, #3244, #4833, #8647 ) ) ;
#8518 = ADVANCED_FACE ( 'NONE', ( #6 ), #5683, .F. ) ;
#8519 = FACE_OUTER_BOUND ( 'NONE', #3697, .T. ) ;
#8520 = AXIS2_PLACEMENT_3D ( 'NONE', #693, #847, #8068 ) ;
#8521 = DIRECTION ( 'NONE',  ( 0.000000000000000000, 0.000000000000000000, 1.000000000000000000 ) ) ;
#8522 = ORIENTED_EDGE ( 'NONE', *, *, #7591, .T. ) ;
#8523 =( GEOMETRIC_REPRESENTATION_CONTEXT ( 3 ) GLOBAL_UNCERTAINTY_ASSIGNED_CONTEXT ( ( #1687 ) ) GLOBAL_UNIT_ASSIGNED_CONTEXT ( ( #2194, #7172, #8412 ) ) REPRESENTATION_CONTEXT ( 'NONE', 'WORKASPACE' ) );
#8524 =( LENGTH_UNIT ( ) NAMED_UNIT ( * ) SI_UNIT ( .MILLI., .METRE. ) );
#8525 = DIRECTION ( 'NONE',  ( 0.000000000000000000, 0.000000000000000000, -1.000000000000000000 ) ) ;
#8526 = UNCERTAINTY_MEASURE_WITH_UNIT (LENGTH_MEASURE( 1.000000000000000082E-05 ), #1189, 'distance_accuracy_value', 'NONE');
#8527 = ORIENTED_EDGE ( 'NONE', *, *, #5106, .F. ) ;
#8528 = CARTESIAN_POINT ( 'NONE',  ( -0.7050000000000000711, 2.500000000000000000, -0.9000000000000000222 ) ) ;
#8529 =( NAMED_UNIT ( * ) PLANE_ANGLE_UNIT ( ) SI_UNIT ( $, .RADIAN. ) );
#8530 = DIRECTION ( 'NONE',  ( 0.000000000000000000, 1.000000000000000000, -0.000000000000000000 ) ) ;
#8531 = UNCERTAINTY_MEASURE_WITH_UNIT (LENGTH_MEASURE( 1.000000000000000082E-05 ), #598, 'distance_accuracy_value', 'NONE');
#8532 = FILL_AREA_STYLE ('',( #5592 ) ) ;
#8533 = LINE ( 'NONE', #4968, #938 ) ;
#8534 = FILL_AREA_STYLE_COLOUR ( '', #6369 ) ;
#8535 = ORIENTED_EDGE ( 'NONE', *, *, #5964, .T. ) ;
#8536 = MECHANICAL_DESIGN_GEOMETRIC_PRESENTATION_REPRESENTATION (  '', ( #1445 ), #6746 ) ;
#8537 = PRESENTATION_STYLE_ASSIGNMENT (( #60 ) ) ;
#8538 = PRESENTATION_STYLE_ASSIGNMENT (( #6331 ) ) ;
#8539 = ADVANCED_FACE ( 'NONE', ( #94 ), #8714, .F. ) ;
#8540 = CARTESIAN_POINT ( 'NONE',  ( 1.750000000000000000, 1.180000000000000160, -0.1000000000000000472 ) ) ;
#8541 = FILL_AREA_STYLE ('',( #8443 ) ) ;
#8542 = MECHANICAL_DESIGN_GEOMETRIC_PRESENTATION_REPRESENTATION (  '', ( #2215 ), #4268 ) ;
#8543 = SURFACE_STYLE_FILL_AREA ( #19 ) ;
#8544 = ORIENTED_EDGE ( 'NONE', *, *, #6432, .T. ) ;
#8545 = AXIS2_PLACEMENT_3D ( 'NONE', #6393, #2969, #3562 ) ;
#8546 = CARTESIAN_POINT ( 'NONE',  ( -8.131516293641283255E-17, 0.000000000000000000, -0.1000000000000000472 ) ) ;
#8547 = EDGE_CURVE ( 'NONE', #8681, #5521, #2405, .T. ) ;
#8548 = VECTOR ( 'NONE', #4315, 1000.000000000000000 ) ;
#8549 = CARTESIAN_POINT ( 'NONE',  ( 1.299999999999998712, 0.4540675543254999447, -1.369999999999999885 ) ) ;
#8550 = VERTEX_POINT ( 'NONE', #2953 ) ;
#8551 = CARTESIAN_POINT ( 'NONE',  ( 1.299999999999998934, -0.4459324456745000220, -1.399999999999999911 ) ) ;
#8552 = CIRCLE ( 'NONE', #866, 0.1000000000000000472 ) ;
#8553 = DIRECTION ( 'NONE',  ( 0.000000000000000000, 0.000000000000000000, -1.000000000000000000 ) ) ;
#8554 = EDGE_CURVE ( 'NONE', #872, #495, #6475, .T. ) ;
#8555 = COLOUR_RGB ( '',0.7686274509803920907, 0.7686274509803920907, 0.7686274509803920907 ) ;
#8556 = ORIENTED_EDGE ( 'NONE', *, *, #7958, .T. ) ;
#8557 = CARTESIAN_POINT ( 'NONE',  ( 1.350000000000000089, 1.550000000000000044, -1.051378079396599885 ) ) ;
#8558 = VECTOR ( 'NONE', #2290, 1000.000000000000000 ) ;
#8559 = STYLED_ITEM ( 'NONE', ( #2352 ), #6292 ) ;
#8560 =( NAMED_UNIT ( * ) SI_UNIT ( $, .STERADIAN. ) SOLID_ANGLE_UNIT ( ) );
#8561 = ORIENTED_EDGE ( 'NONE', *, *, #5820, .F. ) ;
#8562 = LINE ( 'NONE', #2252, #5802 ) ;
#8563 = FILL_AREA_STYLE ('',( #5896 ) ) ;
#8564 = EDGE_LOOP ( 'NONE', ( #2088, #5429, #2741, #5183 ) ) ;
#8565 = STYLED_ITEM ( 'NONE', ( #2149 ), #3137 ) ;
#8566 = STYLED_ITEM ( 'NONE', ( #1860 ), #5602 ) ;
#8567 =( NAMED_UNIT ( * ) SI_UNIT ( $, .STERADIAN. ) SOLID_ANGLE_UNIT ( ) );
#8568 = VECTOR ( 'NONE', #4404, 1000.000000000000000 ) ;
#8569 = DIRECTION ( 'NONE',  ( 0.000000000000000000, 0.000000000000000000, 1.000000000000000000 ) ) ;
#8570 = VERTEX_POINT ( 'NONE', #6616 ) ;
#8571 = DIRECTION ( 'NONE',  ( 0.000000000000000000, 1.000000000000000000, 0.000000000000000000 ) ) ;
#8572 = AXIS2_PLACEMENT_3D ( 'NONE', #4916, #4276, #4878 ) ;
#8573 = CARTESIAN_POINT ( 'NONE',  ( -1.454978131833564836, 1.550000000000000044, -1.008520936539456958 ) ) ;
#8574 = DIRECTION ( 'NONE',  ( 0.000000000000000000, -1.000000000000000000, 0.000000000000000000 ) ) ;
#8575 = VECTOR ( 'NONE', #2381, 1000.000000000000000 ) ;
#8576 = SURFACE_SIDE_STYLE ('',( #1403 ) ) ;
#8577 =( GEOMETRIC_REPRESENTATION_CONTEXT ( 3 ) GLOBAL_UNCERTAINTY_ASSIGNED_CONTEXT ( ( #3270 ) ) GLOBAL_UNIT_ASSIGNED_CONTEXT ( ( #5952, #2053, #8379 ) ) REPRESENTATION_CONTEXT ( 'NONE', 'WORKASPACE' ) );
#8578 = ADVANCED_FACE ( 'NONE', ( #1557 ), #8585, .T. ) ;
#8579 = FACE_OUTER_BOUND ( 'NONE', #8196, .T. ) ;
#8580 =( LENGTH_UNIT ( ) NAMED_UNIT ( * ) SI_UNIT ( .MILLI., .METRE. ) );
#8581 = CARTESIAN_POINT ( 'NONE',  ( 1.594948974278317833, -1.550000000000000266, -1.151378079396599974 ) ) ;
#8582 = PRESENTATION_STYLE_ASSIGNMENT (( #4590 ) ) ;
#8583 = CIRCLE ( 'NONE', #2990, 0.1000000000000000472 ) ;
#8584 = CARTESIAN_POINT ( 'NONE',  ( -1.350000000000000089, -1.760000000000000009, 0.000000000000000000 ) ) ;
#8585 = CYLINDRICAL_SURFACE ( 'NONE', #7149, 0.1499999999999999667 ) ;
#8586 = CARTESIAN_POINT ( 'NONE',  ( 0.7499914125815340116, 0.003589018522499203868, 0.5999999999999998668 ) ) ;
#8587 = ORIENTED_EDGE ( 'NONE', *, *, #2876, .T. ) ;
#8588 = DIRECTION ( 'NONE',  ( -1.000000000000000000, 0.000000000000000000, 0.000000000000000000 ) ) ;
#8589 = FILL_AREA_STYLE ('',( #5739 ) ) ;
#8590 = CARTESIAN_POINT ( 'NONE',  ( 1.751000000000000334, 1.000000000000000000, -1.399999999999999911 ) ) ;
#8591 = DIRECTION ( 'NONE',  ( -1.000000000000000000, 0.000000000000000000, 0.000000000000000000 ) ) ;
#8592 = ORIENTED_EDGE ( 'NONE', *, *, #290, .F. ) ;
#8593 = DIRECTION ( 'NONE',  ( 0.000000000000000000, 0.000000000000000000, -1.000000000000000000 ) ) ;
#8594 = SURFACE_STYLE_FILL_AREA ( #4302 ) ;
#8595 = CARTESIAN_POINT ( 'NONE',  ( -2.299999999999999822, -0.5000000000000000000, -1.399999999999999911 ) ) ;
#8596 = SURFACE_STYLE_FILL_AREA ( #7889 ) ;
#8597 = CARTESIAN_POINT ( 'NONE',  ( -1.750000000000000000, -1.550000000000000044, -1.101378079396600151 ) ) ;
#8598 = CARTESIAN_POINT ( 'NONE',  ( -1.454978131833564836, 1.449999999999999956, -1.008520936539456958 ) ) ;
#8599 = VERTEX_POINT ( 'NONE', #4422 ) ;
#8600 = AXIS2_PLACEMENT_3D ( 'NONE', #8528, #2159, #7043 ) ;
#8601 = DIRECTION ( 'NONE',  ( 0.000000000000000000, 0.000000000000000000, -1.000000000000000000 ) ) ;
#8602 = UNCERTAINTY_MEASURE_WITH_UNIT (LENGTH_MEASURE( 1.000000000000000082E-05 ), #4502, 'distance_accuracy_value', 'NONE');
#8603 = VECTOR ( 'NONE', #5898, 1000.000000000000000 ) ;
#8604 = DIRECTION ( 'NONE',  ( 0.000000000000000000, 1.000000000000000000, 0.000000000000000000 ) ) ;
#8605 = DIRECTION ( 'NONE',  ( 0.000000000000000000, 1.000000000000000000, 0.000000000000000000 ) ) ;
#8606 = ORIENTED_EDGE ( 'NONE', *, *, #8383, .T. ) ;
#8607 =( NAMED_UNIT ( * ) SI_UNIT ( $, .STERADIAN. ) SOLID_ANGLE_UNIT ( ) );
#8608 = EDGE_CURVE ( 'NONE', #6286, #813, #7241, .T. ) ;
#8609 = AXIS2_PLACEMENT_3D ( 'NONE', #7069, #2699, #8466 ) ;
#8610 = CARTESIAN_POINT ( 'NONE',  ( 1.750000000000000000, 1.550000000000000044, -0.9513780793966000182 ) ) ;
#8611 = ORIENTED_EDGE ( 'NONE', *, *, #713, .T. ) ;
#8612 = VECTOR ( 'NONE', #5652, 1000.000000000000000 ) ;
#8613 =( GEOMETRIC_REPRESENTATION_CONTEXT ( 3 ) GLOBAL_UNCERTAINTY_ASSIGNED_CONTEXT ( ( #4549 ) ) GLOBAL_UNIT_ASSIGNED_CONTEXT ( ( #2249, #3766, #919 ) ) REPRESENTATION_CONTEXT ( 'NONE', 'WORKASPACE' ) );
#8614 = CARTESIAN_POINT ( 'NONE',  ( 2.299999999999999822, -0.5000000000000000000, -1.300000000000000044 ) ) ;
#8615 = CARTESIAN_POINT ( 'NONE',  ( 0.7049999999999998490, -1.549999999999999822, -0.6999999999999999556 ) ) ;
#8616 = VERTEX_POINT ( 'NONE', #1082 ) ;
#8617 = EDGE_CURVE ( 'NONE', #6811, #845, #1785, .T. ) ;
#8618 = MECHANICAL_DESIGN_GEOMETRIC_PRESENTATION_REPRESENTATION (  '', ( #5056 ), #6517 ) ;
#8619 = COLOUR_RGB ( '',0.7686274509803920907, 0.7686274509803920907, 0.7686274509803920907 ) ;
#8620 = PRESENTATION_LAYER_ASSIGNMENT (  '', '', ( #2569 ) ) ;
#8621 = VECTOR ( 'NONE', #4873, 1000.000000000000000 ) ;
#8622 = DIRECTION ( 'NONE',  ( -1.000000000000000000, 0.000000000000000000, 0.000000000000000000 ) ) ;
#8623 = UNCERTAINTY_MEASURE_WITH_UNIT (LENGTH_MEASURE( 1.000000000000000082E-05 ), #4376, 'distance_accuracy_value', 'NONE');
#8624 = ORIENTED_EDGE ( 'NONE', *, *, #6196, .F. ) ;
#8625 = CARTESIAN_POINT ( 'NONE',  ( -2.079999999999999627, -1.000000000000000000, -1.399999999999999911 ) ) ;
#8626 = DIRECTION ( 'NONE',  ( 1.000000000000000000, 0.000000000000000000, 0.000000000000000000 ) ) ;
#8627 = LINE ( 'NONE', #5356, #5858 ) ;
#8628 = AXIS2_PLACEMENT_3D ( 'NONE', #5550, #7820, #2858 ) ;
#8629 = SURFACE_SIDE_STYLE ('',( #2949 ) ) ;
#8630 = CARTESIAN_POINT ( 'NONE',  ( -1.350000000000000089, 1.449999999999999956, -0.9013780793965999738 ) ) ;
#8631 =( NAMED_UNIT ( * ) PLANE_ANGLE_UNIT ( ) SI_UNIT ( $, .RADIAN. ) );
#8632 = EDGE_CURVE ( 'NONE', #7892, #138, #5993, .T. ) ;
#8633 = FACE_OUTER_BOUND ( 'NONE', #1353, .T. ) ;
#8634 = FACE_OUTER_BOUND ( 'NONE', #2702, .T. ) ;
#8635 = DIRECTION ( 'NONE',  ( -0.000000000000000000, -1.000000000000000000, 0.000000000000000000 ) ) ;
#8636 = COLOUR_RGB ( '',1.000000000000000000, 1.000000000000000000, 1.000000000000000000 ) ;
#8637 = AXIS2_PLACEMENT_3D ( 'NONE', #6231, #8818, #1841 ) ;
#8638 = LINE ( 'NONE', #3691, #3152 ) ;
#8639 =( NAMED_UNIT ( * ) SI_UNIT ( $, .STERADIAN. ) SOLID_ANGLE_UNIT ( ) );
#8640 = AXIS2_PLACEMENT_3D ( 'NONE', #8746, #5129, #7942 ) ;
#8641 = PRESENTATION_LAYER_ASSIGNMENT (  '', '', ( #4361 ) ) ;
#8642 = EDGE_LOOP ( 'NONE', ( #690, #5431, #1738, #387, #3118, #7598, #9117, #656, #4088, #3109, #4492, #3953, #531, #5188, #4224, #5906, #1390, #6516, #7622, #3376, #5224, #2387, #8606, #4825, #3193, #1813, #4289, #4461, #439, #2102, #7955, #3557, #4958, #1264, #8544, #3340, #2840, #2339, #7222, #3070 ) ) ;
#8643 = CARTESIAN_POINT ( 'NONE',  ( -1.750999999999999668, 1.000000000000000000, -1.399000000000000021 ) ) ;
#8644 = FILL_AREA_STYLE ('',( #5659 ) ) ;
#8645 = CARTESIAN_POINT ( 'NONE',  ( -0.8050000000000001599, -1.550000000000000044, -1.399999999999999911 ) ) ;
#8646 = CARTESIAN_POINT ( 'NONE',  ( -0.7049999999999999600, 1.550000000000000044, -0.6999999999999999556 ) ) ;
#8647 = ORIENTED_EDGE ( 'NONE', *, *, #1090, .T. ) ;
#8648 = CARTESIAN_POINT ( 'NONE',  ( 1.750000000000000000, 1.180000000000000160, -0.1000000000000000472 ) ) ;
#8649 =( LENGTH_UNIT ( ) NAMED_UNIT ( * ) SI_UNIT ( .MILLI., .METRE. ) );
#8650 = FILL_AREA_STYLE ('',( #7432 ) ) ;
#8651 = EDGE_LOOP ( 'NONE', ( #1395, #6572, #4334, #8993 ) ) ;
#8652 = VECTOR ( 'NONE', #4942, 1000.000000000000000 ) ;
#8653 = ORIENTED_EDGE ( 'NONE', *, *, #4675, .F. ) ;
#8654 = EDGE_CURVE ( 'NONE', #4816, #1011, #4694, .T. ) ;
#8655 = CYLINDRICAL_SURFACE ( 'NONE', #3484, 0.1499999999999999667 ) ;
#8656 = ORIENTED_EDGE ( 'NONE', *, *, #434, .T. ) ;
#8657 = EDGE_CURVE ( 'NONE', #4139, #5449, #8850, .T. ) ;
#8658 = DIRECTION ( 'NONE',  ( 0.000000000000000000, 1.000000000000000000, 0.000000000000000000 ) ) ;
#8659 = SURFACE_STYLE_FILL_AREA ( #2304 ) ;
#8660 = VERTEX_POINT ( 'NONE', #3360 ) ;
#8661 = EDGE_CURVE ( 'NONE', #1946, #8456, #7456, .T. ) ;
#8662 = PRESENTATION_LAYER_ASSIGNMENT (  '', '', ( #5110 ) ) ;
#8663 = CIRCLE ( 'NONE', #2025, 0.1999999999999999833 ) ;
#8664 = CARTESIAN_POINT ( 'NONE',  ( -1.399999999999999911, -1.399999999999999911, 1.698556084261999999 ) ) ;
#8665 = EDGE_CURVE ( 'NONE', #6551, #3291, #7433, .T. ) ;
#8666 =( LENGTH_UNIT ( ) NAMED_UNIT ( * ) SI_UNIT ( .MILLI., .METRE. ) );
#8667 = ORIENTED_EDGE ( 'NONE', *, *, #2413, .T. ) ;
#8668 = CARTESIAN_POINT ( 'NONE',  ( 1.250000000000000000, -1.327698927806999940, -0.9513780793966000182 ) ) ;
#8669 = FILL_AREA_STYLE ('',( #7198 ) ) ;
#8670 = LINE ( 'NONE', #1651, #2986 ) ;
#8671 = PRESENTATION_LAYER_ASSIGNMENT (  '', '', ( #2485 ) ) ;
#8672 = ORIENTED_EDGE ( 'NONE', *, *, #6620, .F. ) ;
#8673 = EDGE_CURVE ( 'NONE', #8729, #8411, #1121, .T. ) ;
#8674 = SURFACE_STYLE_FILL_AREA ( #8107 ) ;
#8675 =( NAMED_UNIT ( * ) PLANE_ANGLE_UNIT ( ) SI_UNIT ( $, .RADIAN. ) );
#8676 = CARTESIAN_POINT ( 'NONE',  ( 1.300977503081000020, -1.382760738114999999, -0.002441819307700079413 ) ) ;
#8677 = DIRECTION ( 'NONE',  ( 0.000000000000000000, 1.000000000000000000, 0.000000000000000000 ) ) ;
#8678 = DIRECTION ( 'NONE',  ( 0.000000000000000000, 0.000000000000000000, -1.000000000000000000 ) ) ;
#8679 = CARTESIAN_POINT ( 'NONE',  ( -1.350000000000000089, -1.449999999999999956, -0.9513780793966000182 ) ) ;
#8680 = DIRECTION ( 'NONE',  ( -2.168404344971008868E-16, -1.000000000000000000, 0.000000000000000000 ) ) ;
#8681 = VERTEX_POINT ( 'NONE', #2536 ) ;
#8682 = EDGE_CURVE ( 'NONE', #3806, #3351, #409, .T. ) ;
#8683 = FILL_AREA_STYLE_COLOUR ( '', #4917 ) ;
#8684 = FACE_OUTER_BOUND ( 'NONE', #6690, .T. ) ;
#8685 = DIRECTION ( 'NONE',  ( 0.000000000000000000, 0.000000000000000000, -1.000000000000000000 ) ) ;
#8686 = DIRECTION ( 'NONE',  ( 0.000000000000000000, 0.000000000000000000, -1.000000000000000000 ) ) ;
#8687 = EDGE_CURVE ( 'NONE', #3162, #8803, #6992, .T. ) ;
#8688 = DIRECTION ( 'NONE',  ( -0.000000000000000000, 1.000000000000000000, 0.000000000000000000 ) ) ;
#8689 = ORIENTED_EDGE ( 'NONE', *, *, #2047, .F. ) ;
#8690 = VECTOR ( 'NONE', #6330, 1000.000000000000000 ) ;
#8691 = CARTESIAN_POINT ( 'NONE',  ( 1.729999999999999982, 0.5199999999999999067, 1.698556084261999999 ) ) ;
#8692 = LINE ( 'NONE', #339, #8575 ) ;
#8693 = VERTEX_POINT ( 'NONE', #1168 ) ;
#8694 = FACE_OUTER_BOUND ( 'NONE', #8944, .T. ) ;
#8695 =( NAMED_UNIT ( * ) SI_UNIT ( $, .STERADIAN. ) SOLID_ANGLE_UNIT ( ) );
#8696 = VERTEX_POINT ( 'NONE', #4650 ) ;
#8697 = STYLED_ITEM ( 'NONE', ( #1635 ), #2350 ) ;
#8698 = CARTESIAN_POINT ( 'NONE',  ( -1.610000000000000098, -0.5425320565518999549, 0.000000000000000000 ) ) ;
#8699 = LINE ( 'NONE', #5182, #1907 ) ;
#8700 = ORIENTED_EDGE ( 'NONE', *, *, #1256, .F. ) ;
#8701 = COLOUR_RGB ( '',1.000000000000000000, 1.000000000000000000, 1.000000000000000000 ) ;
#8702 = DIRECTION ( 'NONE',  ( 0.000000000000000000, 1.000000000000000000, 0.000000000000000000 ) ) ;
#8703 = UNCERTAINTY_MEASURE_WITH_UNIT (LENGTH_MEASURE( 1.000000000000000082E-05 ), #2847, 'distance_accuracy_value', 'NONE');
#8704 = EDGE_LOOP ( 'NONE', ( #4504, #5991, #1678, #3272, #963, #6268, #515, #3790 ) ) ;
#8705 =( GEOMETRIC_REPRESENTATION_CONTEXT ( 3 ) GLOBAL_UNCERTAINTY_ASSIGNED_CONTEXT ( ( #5716 ) ) GLOBAL_UNIT_ASSIGNED_CONTEXT ( ( #2855, #6320, #7089 ) ) REPRESENTATION_CONTEXT ( 'NONE', 'WORKASPACE' ) );
#8706 = DIRECTION ( 'NONE',  ( 0.000000000000000000, -1.000000000000000000, 0.000000000000000000 ) ) ;
#8707 = FILL_AREA_STYLE ('',( #5722 ) ) ;
#8708 = ORIENTED_EDGE ( 'NONE', *, *, #253, .T. ) ;
#8709 = VECTOR ( 'NONE', #7845, 1000.000000000000000 ) ;
#8711 = UNCERTAINTY_MEASURE_WITH_UNIT (LENGTH_MEASURE( 1.000000000000000082E-05 ), #6891, 'distance_accuracy_value', 'NONE');
#8710 = MECHANICAL_DESIGN_GEOMETRIC_PRESENTATION_REPRESENTATION (  '', ( #6009 ), #1475 ) ;
#8712 = PLANE ( 'NONE',  #6765 ) ;
#8713 = DIRECTION ( 'NONE',  ( 0.000000000000000000, 0.000000000000000000, 1.000000000000000000 ) ) ;
#8714 = CYLINDRICAL_SURFACE ( 'NONE', #2291, 0.1199999999999999956 ) ;
#8715 =( NAMED_UNIT ( * ) PLANE_ANGLE_UNIT ( ) SI_UNIT ( $, .RADIAN. ) );
#8716 = VECTOR ( 'NONE', #6792, 1000.000000000000000 ) ;
#8717 = EDGE_CURVE ( 'NONE', #3641, #7074, #4010, .T. ) ;
#8718 = ORIENTED_EDGE ( 'NONE', *, *, #7366, .F. ) ;
#8719 = ADVANCED_FACE ( 'NONE', ( #4747 ), #5277, .T. ) ;
#8720 = STYLED_ITEM ( 'NONE', ( #5067 ), #6110 ) ;
#8721 = ADVANCED_FACE ( 'NONE', ( #3922 ), #3226, .F. ) ;
#8722 =( LENGTH_UNIT ( ) NAMED_UNIT ( * ) SI_UNIT ( .MILLI., .METRE. ) );
#8723 = STYLED_ITEM ( 'NONE', ( #2851 ), #3243 ) ;
#8724 = SURFACE_STYLE_USAGE ( .BOTH. , #1564 ) ;
#8725 = EDGE_CURVE ( 'NONE', #6748, #8777, #6178, .T. ) ;
#8726 = FILL_AREA_STYLE_COLOUR ( '', #1237 ) ;
#8727 = STYLED_ITEM ( 'NONE', ( #7676 ), #5313 ) ;
#8728 =( NAMED_UNIT ( * ) PLANE_ANGLE_UNIT ( ) SI_UNIT ( $, .RADIAN. ) );
#8729 = VERTEX_POINT ( 'NONE', #4228 ) ;
#8730 = DIRECTION ( 'NONE',  ( -0.000000000000000000, 0.000000000000000000, -1.000000000000000000 ) ) ;
#8731 = CARTESIAN_POINT ( 'NONE',  ( 1.610000000000000098, -0.7618257577072999887, 0.000000000000000000 ) ) ;
#8732 = PRESENTATION_STYLE_ASSIGNMENT (( #5118 ) ) ;
#8733 = LINE ( 'NONE', #289, #501 ) ;
#8734 = ORIENTED_EDGE ( 'NONE', *, *, #1922, .T. ) ;
#8735 = LINE ( 'NONE', #6814, #6390 ) ;
#8736 = DIRECTION ( 'NONE',  ( -0.7071067811865519026, 0.000000000000000000, 0.7071067811865431318 ) ) ;
#8737 =( NAMED_UNIT ( * ) SI_UNIT ( $, .STERADIAN. ) SOLID_ANGLE_UNIT ( ) );
#8738 = CYLINDRICAL_SURFACE ( 'NONE', #4735, 0.1000000000000000472 ) ;
#8739 = ORIENTED_EDGE ( 'NONE', *, *, #2960, .F. ) ;
#8740 = ADVANCED_FACE ( 'NONE', ( #4788 ), #7036, .F. ) ;
#8741 =( NAMED_UNIT ( * ) SI_UNIT ( $, .STERADIAN. ) SOLID_ANGLE_UNIT ( ) );
#8742 = DIRECTION ( 'NONE',  ( 0.000000000000000000, 0.000000000000000000, 1.000000000000000000 ) ) ;
#8743 = EDGE_LOOP ( 'NONE', ( #8312, #6683, #6463, #8826 ) ) ;
#8744 = PRESENTATION_LAYER_ASSIGNMENT (  '', '', ( #3581 ) ) ;
#8745 = STYLED_ITEM ( 'NONE', ( #3669 ), #4654 ) ;
#8746 = CARTESIAN_POINT ( 'NONE',  ( -1.399999999999999911, -1.399999999999999911, -0.1000000000000000472 ) ) ;
#8747 = ORIENTED_EDGE ( 'NONE', *, *, #1033, .F. ) ;
#8748 = FACE_OUTER_BOUND ( 'NONE', #7938, .T. ) ;
#8749 = LINE ( 'NONE', #2436, #3297 ) ;
#8750 = CIRCLE ( 'NONE', #162, 0.1200000000000000927 ) ;
#8751 = ORIENTED_EDGE ( 'NONE', *, *, #1366, .F. ) ;
#8752 = EDGE_CURVE ( 'NONE', #2434, #5382, #5504, .T. ) ;
#8753 = DIRECTION ( 'NONE',  ( 0.000000000000000000, 0.000000000000000000, 1.000000000000000000 ) ) ;
#8754 = CARTESIAN_POINT ( 'NONE',  ( -1.750000000000000000, 0.5000000000000000000, -1.300000000000000044 ) ) ;
#8755 =( NAMED_UNIT ( * ) SI_UNIT ( $, .STERADIAN. ) SOLID_ANGLE_UNIT ( ) );
#8756 = ORIENTED_EDGE ( 'NONE', *, *, #2123, .T. ) ;
#8757 = AXIS2_PLACEMENT_3D ( 'NONE', #5657, #5789, #855 ) ;
#8758 = AXIS2_PLACEMENT_3D ( 'NONE', #6333, #2414, #4436 ) ;
#8759 = COLOUR_RGB ( '',1.000000000000000000, 1.000000000000000000, 1.000000000000000000 ) ;
#8760 =( NAMED_UNIT ( * ) PLANE_ANGLE_UNIT ( ) SI_UNIT ( $, .RADIAN. ) );
#8761 = AXIS2_PLACEMENT_3D ( 'NONE', #7146, #794, #93 ) ;
#8762 =( LENGTH_UNIT ( ) NAMED_UNIT ( * ) SI_UNIT ( .MILLI., .METRE. ) );
#8763 = FILL_AREA_STYLE_COLOUR ( '', #3415 ) ;
#8764 = ORIENTED_EDGE ( 'NONE', *, *, #8725, .F. ) ;
#8765 = MECHANICAL_DESIGN_GEOMETRIC_PRESENTATION_REPRESENTATION (  '', ( #8913 ), #5217 ) ;
#8766 = AXIS2_PLACEMENT_3D ( 'NONE', #6185, #1270, #4102 ) ;
#8767 = MECHANICAL_DESIGN_GEOMETRIC_PRESENTATION_REPRESENTATION (  '', ( #5923 ), #6072 ) ;
#8768 = CYLINDRICAL_SURFACE ( 'NONE', #7285, 0.1999999999999999833 ) ;
#8769 = DIRECTION ( 'NONE',  ( 0.000000000000000000, 0.000000000000000000, 1.000000000000000000 ) ) ;
#8770 = DIRECTION ( 'NONE',  ( 0.000000000000000000, 0.000000000000000000, 1.000000000000000000 ) ) ;
#8771 = EDGE_CURVE ( 'NONE', #7757, #4938, #6892, .T. ) ;
#8772 = VECTOR ( 'NONE', #3665, 1000.000000000000000 ) ;
#8773 = CARTESIAN_POINT ( 'NONE',  ( 1.751000000000000334, 1.000000000000000000, -1.399000000000000021 ) ) ;
#8774 = FACE_OUTER_BOUND ( 'NONE', #1020, .T. ) ;
#8775 = AXIS2_PLACEMENT_3D ( 'NONE', #6988, #8293, #1263 ) ;
#8776 = ADVANCED_FACE ( 'NONE', ( #7718 ), #1397, .T. ) ;
#8777 = VERTEX_POINT ( 'NONE', #1195 ) ;
#8778 = VECTOR ( 'NONE', #7639, 1000.000000000000000 ) ;
#8779 = ADVANCED_FACE ( 'NONE', ( #6782 ), #2513, .F. ) ;
#8780 = DIRECTION ( 'NONE',  ( 0.000000000000000000, 0.1166546987195020424, 0.9931725334838162889 ) ) ;
#8781 = MECHANICAL_DESIGN_GEOMETRIC_PRESENTATION_REPRESENTATION (  '', ( #6537 ), #3183 ) ;
#8782 = DIRECTION ( 'NONE',  ( 0.4166666666666983820, 0.9090593428862949743, 0.000000000000000000 ) ) ;
#8783 = LINE ( 'NONE', #8076, #8038 ) ;
#8784 = MECHANICAL_DESIGN_GEOMETRIC_PRESENTATION_REPRESENTATION (  '', ( #5804 ), #4510 ) ;
#8785 = CARTESIAN_POINT ( 'NONE',  ( -1.750000000000000000, -1.550000000000000044, -0.9513780793966000182 ) ) ;
#8786 = ORIENTED_EDGE ( 'NONE', *, *, #8087, .T. ) ;
#8787 = DIRECTION ( 'NONE',  ( 0.000000000000000000, 0.000000000000000000, -1.000000000000000000 ) ) ;
#8788 = PRESENTATION_STYLE_ASSIGNMENT (( #6642 ) ) ;
#8789 = ORIENTED_EDGE ( 'NONE', *, *, #3826, .T. ) ;
#8790 = STYLED_ITEM ( 'NONE', ( #5438 ), #6859 ) ;
#8791 = ORIENTED_EDGE ( 'NONE', *, *, #4709, .T. ) ;
#8792 = FILL_AREA_STYLE ('',( #6557 ) ) ;
#8793 = VECTOR ( 'NONE', #8941, 1000.000000000000000 ) ;
#8794 = LINE ( 'NONE', #3775, #7252 ) ;
#8795 = UNCERTAINTY_MEASURE_WITH_UNIT (LENGTH_MEASURE( 1.000000000000000082E-05 ), #6372, 'distance_accuracy_value', 'NONE');
#8796 = ORIENTED_EDGE ( 'NONE', *, *, #1052, .F. ) ;
#8797 = SURFACE_STYLE_FILL_AREA ( #6512 ) ;
#8798 = ADVANCED_FACE ( 'NONE', ( #390 ), #6073, .F. ) ;
#8799 = DIRECTION ( 'NONE',  ( -3.252606517456513302E-16, -1.000000000000000000, 0.000000000000000000 ) ) ;
#8801 = CARTESIAN_POINT ( 'NONE',  ( 1.313397459622000163, 1.350000000000000089, 0.000000000000000000 ) ) ;
#8800 = PRODUCT_DEFINITION_SHAPE ( 'NONE', 'NONE',  #8511 ) ;
#8802 = MECHANICAL_DESIGN_GEOMETRIC_PRESENTATION_REPRESENTATION (  '', ( #972 ), #1574 ) ;
#8803 = VERTEX_POINT ( 'NONE', #8279 ) ;
#8804 =( GEOMETRIC_REPRESENTATION_CONTEXT ( 3 ) GLOBAL_UNCERTAINTY_ASSIGNED_CONTEXT ( ( #8339 ) ) GLOBAL_UNIT_ASSIGNED_CONTEXT ( ( #6197, #7691, #4201 ) ) REPRESENTATION_CONTEXT ( 'NONE', 'WORKASPACE' ) );
#8805 = ADVANCED_FACE ( 'NONE', ( #5978 ), #1150, .F. ) ;
#8806 =( NAMED_UNIT ( * ) SI_UNIT ( $, .STERADIAN. ) SOLID_ANGLE_UNIT ( ) );
#8807 = ORIENTED_EDGE ( 'NONE', *, *, #8451, .F. ) ;
#8808 = SURFACE_STYLE_USAGE ( .BOTH. , #6576 ) ;
#8809 =( LENGTH_UNIT ( ) NAMED_UNIT ( * ) SI_UNIT ( .MILLI., .METRE. ) );
#8810 = DIRECTION ( 'NONE',  ( -1.000000000000000000, 0.000000000000000000, 0.000000000000000000 ) ) ;
#8811 = STYLED_ITEM ( 'NONE', ( #595 ), #1660 ) ;
#8812 = AXIS2_PLACEMENT_3D ( 'NONE', #1340, #3612, #5613 ) ;
#8813 = CARTESIAN_POINT ( 'NONE',  ( -1.100000000000000089, 1.550000000000000044, -0.6564291051182821191 ) ) ;
#8814 = SURFACE_STYLE_USAGE ( .BOTH. , #3233 ) ;
#8815 = VERTEX_POINT ( 'NONE', #2135 ) ;
#8816 = DIRECTION ( 'NONE',  ( 0.000000000000000000, 1.000000000000000000, 0.000000000000000000 ) ) ;
#8817 = ADVANCED_FACE ( 'NONE', ( #3519 ), #1428, .T. ) ;
#8818 = DIRECTION ( 'NONE',  ( 0.000000000000000000, -1.000000000000000000, 0.000000000000000000 ) ) ;
#8819 = SURFACE_STYLE_USAGE ( .BOTH. , #954 ) ;
#8820 = CARTESIAN_POINT ( 'NONE',  ( -2.299999999999999822, -0.5000000000000000000, -1.399999999999999911 ) ) ;
#8821 = CARTESIAN_POINT ( 'NONE',  ( 0.9049999999999996936, 1.472752942267276266, -0.8678219441146106661 ) ) ;
#8822 = SURFACE_SIDE_STYLE ('',( #1054 ) ) ;
#8823 = FACE_OUTER_BOUND ( 'NONE', #2184, .T. ) ;
#8824 =( NAMED_UNIT ( * ) SI_UNIT ( $, .STERADIAN. ) SOLID_ANGLE_UNIT ( ) );
#8825 = EDGE_CURVE ( 'NONE', #204, #9157, #9149, .T. ) ;
#8826 = ORIENTED_EDGE ( 'NONE', *, *, #6453, .T. ) ;
#8827 = FACE_OUTER_BOUND ( 'NONE', #5653, .T. ) ;
#8828 =( NAMED_UNIT ( * ) SI_UNIT ( $, .STERADIAN. ) SOLID_ANGLE_UNIT ( ) );
#8829 = EDGE_LOOP ( 'NONE', ( #2200, #1863, #2498, #4640, #8978, #4412 ) ) ;
#8830 = EDGE_CURVE ( 'NONE', #6131, #886, #707, .T. ) ;
#8831 = SURFACE_SIDE_STYLE ('',( #8130 ) ) ;
#8832 = DIRECTION ( 'NONE',  ( 0.000000000000000000, 0.000000000000000000, -1.000000000000000000 ) ) ;
#8833 = AXIS2_PLACEMENT_3D ( 'NONE', #1552, #88, #6513 ) ;
#8834 = CARTESIAN_POINT ( 'NONE',  ( -1.300000000000000266, 0.2540675543254999891, -1.399999999999999911 ) ) ;
#8835 = ORIENTED_EDGE ( 'NONE', *, *, #3194, .F. ) ;
#8836 = PLANE ( 'NONE',  #2030 ) ;
#8837 = EDGE_CURVE ( 'NONE', #2575, #1421, #8405, .T. ) ;
#8838 = CARTESIAN_POINT ( 'NONE',  ( -1.350000000000000089, -1.550000000000000044, -0.9513780793966000182 ) ) ;
#8839 = PRODUCT_CONTEXT ( 'NONE', #5719, 'mechanical' ) ;
#8840 = LINE ( 'NONE', #301, #1621 ) ;
#8841 = ORIENTED_EDGE ( 'NONE', *, *, #2011, .T. ) ;
#8842 = VECTOR ( 'NONE', #3141, 1000.000000000000000 ) ;
#8843 = LINE ( 'NONE', #8185, #6944 ) ;
#8844 = DIRECTION ( 'NONE',  ( 1.000000000000000000, 0.000000000000000000, 0.000000000000000000 ) ) ;
#8845 = CARTESIAN_POINT ( 'NONE',  ( 1.300978200219000014, 1.382757568309000096, -0.002441364903399976041 ) ) ;
#8846 = VECTOR ( 'NONE', #8742, 1000.000000000000000 ) ;
#8847 = ORIENTED_EDGE ( 'NONE', *, *, #3356, .T. ) ;
#8848 = FILL_AREA_STYLE ('',( #8010 ) ) ;
#8849 = PRESENTATION_LAYER_ASSIGNMENT (  '', '', ( #8697 ) ) ;
#8850 = LINE ( 'NONE', #2583, #4791 ) ;
#8851 = STYLED_ITEM ( 'NONE', ( #6472 ), #6207 ) ;
#8852 =( NAMED_UNIT ( * ) SI_UNIT ( $, .STERADIAN. ) SOLID_ANGLE_UNIT ( ) );
#8853 = ORIENTED_EDGE ( 'NONE', *, *, #8375, .T. ) ;
#8854 = AXIS2_PLACEMENT_3D ( 'NONE', #761, #4491, #5796 ) ;
#8855 = ADVANCED_FACE ( 'NONE', ( #7699 ), #3430, .T. ) ;
#8856 = VECTOR ( 'NONE', #3570, 1000.000000000000000 ) ;
#8857 = STYLED_ITEM ( 'NONE', ( #8788 ), #349 ) ;
#8858 = AXIS2_PLACEMENT_3D ( 'NONE', #6345, #4009, #8244 ) ;
#8859 = PRESENTATION_STYLE_ASSIGNMENT (( #1042 ) ) ;
#8860 = CARTESIAN_POINT ( 'NONE',  ( 0.7049999999999998490, 1.550000000000000044, -0.9000000000000000222 ) ) ;
#8861 = CARTESIAN_POINT ( 'NONE',  ( -1.750000000000000000, 1.180000000000000160, -0.1000000000000000472 ) ) ;
#8862 = UNCERTAINTY_MEASURE_WITH_UNIT (LENGTH_MEASURE( 1.000000000000000082E-05 ), #2293, 'distance_accuracy_value', 'NONE');
#8863 = MECHANICAL_DESIGN_GEOMETRIC_PRESENTATION_REPRESENTATION (  '', ( #7531 ), #5587 ) ;
#8864 = ORIENTED_EDGE ( 'NONE', *, *, #2688, .T. ) ;
#8865 = CARTESIAN_POINT ( 'NONE',  ( 1.004999999999999893, 1.435834036458000007, -0.9513780793966000182 ) ) ;
#8866 = CARTESIAN_POINT ( 'NONE',  ( -1.750000000000000000, 1.335834036457999918, -0.9513780793966000182 ) ) ;
#8867 = CARTESIAN_POINT ( 'NONE',  ( 1.800000000000000044, -1.000000000000000000, -1.399999999999999911 ) ) ;
#8868 = AXIS2_PLACEMENT_3D ( 'NONE', #3676, #3001, #2110 ) ;
#8869 = MECHANICAL_DESIGN_GEOMETRIC_PRESENTATION_REPRESENTATION (  '', ( #4743 ), #7086 ) ;
#8870 = CARTESIAN_POINT ( 'NONE',  ( -1.350000000000000089, 1.449999999999999956, -0.1000000000000000472 ) ) ;
#8871 =( NAMED_UNIT ( * ) PLANE_ANGLE_UNIT ( ) SI_UNIT ( $, .RADIAN. ) );
#8872 = DIRECTION ( 'NONE',  ( 0.000000000000000000, 0.1166546987195020285, -0.9931725334838162889 ) ) ;
#8873 = EDGE_LOOP ( 'NONE', ( #3736, #5566, #2753, #1379 ) ) ;
#8874 = FILL_AREA_STYLE_COLOUR ( '', #1934 ) ;
#8875 = VERTEX_POINT ( 'NONE', #1667 ) ;
#8876 = CARTESIAN_POINT ( 'NONE',  ( 1.750000000000000000, 1.449999999999999956, -0.1000000000000000472 ) ) ;
#8877 = CARTESIAN_POINT ( 'NONE',  ( 1.299999999999998712, 0.4540675543254999447, -1.320000000000000062 ) ) ;
#8878 = ORIENTED_EDGE ( 'NONE', *, *, #1128, .T. ) ;
#8879 = DIRECTION ( 'NONE',  ( 1.000000000000000000, -1.264902534566420788E-14, 0.000000000000000000 ) ) ;
#8880 = SURFACE_SIDE_STYLE ('',( #5439 ) ) ;
#8881 = EDGE_LOOP ( 'NONE', ( #3867, #729, #7633, #1285 ) ) ;
#8882 = EDGE_CURVE ( 'NONE', #1437, #8469, #2280, .T. ) ;
#8883 = DIRECTION ( 'NONE',  ( 0.000000000000000000, 0.000000000000000000, -1.000000000000000000 ) ) ;
#8884 = CARTESIAN_POINT ( 'NONE',  ( 0.7049999999999998490, -1.449999999999999956, -0.6999999999999999556 ) ) ;
#8885 = APPLICATION_PROTOCOL_DEFINITION ( 'draft international standard', 'automotive_design', 1998, #5719 ) ;
#8886 = EDGE_CURVE ( 'NONE', #4175, #6182, #2371, .T. ) ;
#8887 = FACE_OUTER_BOUND ( 'NONE', #3498, .T. ) ;
#8888 = VERTEX_POINT ( 'NONE', #2234 ) ;
#8889 = CARTESIAN_POINT ( 'NONE',  ( -0.9050000000000001377, -1.549999999999999822, -0.9000000000000000222 ) ) ;
#8890 = VECTOR ( 'NONE', #6229, 1000.000000000000000 ) ;
#8891 = ORIENTED_EDGE ( 'NONE', *, *, #5989, .T. ) ;
#8892 = EDGE_CURVE ( 'NONE', #8616, #9143, #906, .T. ) ;
#8893 =( NAMED_UNIT ( * ) SI_UNIT ( $, .STERADIAN. ) SOLID_ANGLE_UNIT ( ) );
#8894 = ORIENTED_EDGE ( 'NONE', *, *, #4250, .T. ) ;
#8895 = DIRECTION ( 'NONE',  ( -1.000000000000000000, 0.000000000000000000, 0.000000000000000000 ) ) ;
#8896 = MECHANICAL_DESIGN_GEOMETRIC_PRESENTATION_REPRESENTATION (  '', ( #3587 ), #1519 ) ;
#8897 =( NAMED_UNIT ( * ) PLANE_ANGLE_UNIT ( ) SI_UNIT ( $, .RADIAN. ) );
#8898 =( GEOMETRIC_REPRESENTATION_CONTEXT ( 3 ) GLOBAL_UNCERTAINTY_ASSIGNED_CONTEXT ( ( #361 ) ) GLOBAL_UNIT_ASSIGNED_CONTEXT ( ( #4960, #5714, #8567 ) ) REPRESENTATION_CONTEXT ( 'NONE', 'WORKASPACE' ) );
#8899 = CARTESIAN_POINT ( 'NONE',  ( -1.300000000000000266, 1.449999999999999956, -0.6564291051182821191 ) ) ;
#8900 = UNCERTAINTY_MEASURE_WITH_UNIT (LENGTH_MEASURE( 1.000000000000000082E-05 ), #6461, 'distance_accuracy_value', 'NONE');
#8901 = ORIENTED_EDGE ( 'NONE', *, *, #255, .F. ) ;
#8902 = DIRECTION ( 'NONE',  ( 0.000000000000000000, 1.000000000000000000, -0.000000000000000000 ) ) ;
#8903 = SURFACE_STYLE_USAGE ( .BOTH. , #8297 ) ;
#8904 =( GEOMETRIC_REPRESENTATION_CONTEXT ( 3 ) GLOBAL_UNCERTAINTY_ASSIGNED_CONTEXT ( ( #4614 ) ) GLOBAL_UNIT_ASSIGNED_CONTEXT ( ( #7354, #1720, #3206 ) ) REPRESENTATION_CONTEXT ( 'NONE', 'WORKASPACE' ) );
#8905 = CARTESIAN_POINT ( 'NONE',  ( 1.750000000000000000, 0.5000000000000000000, -1.399999999999999911 ) ) ;
#8906 = AXIS2_PLACEMENT_3D ( 'NONE', #516, #6152, #2072 ) ;
#8907 = STYLED_ITEM ( 'NONE', ( #4526 ), #4203 ) ;
#8908 = CARTESIAN_POINT ( 'NONE',  ( 0.3000000000000002109, 0.4540675543254998892, -1.299999999999998712 ) ) ;
#8909 = DIRECTION ( 'NONE',  ( 0.000000000000000000, 0.000000000000000000, 1.000000000000000000 ) ) ;
#8910 = ORIENTED_EDGE ( 'NONE', *, *, #6549, .F. ) ;
#8911 = FILL_AREA_STYLE_COLOUR ( '', #3464 ) ;
#8912 =( NAMED_UNIT ( * ) SI_UNIT ( $, .STERADIAN. ) SOLID_ANGLE_UNIT ( ) );
#8913 = STYLED_ITEM ( 'NONE', ( #2267 ), #8539 ) ;
#8914 = AXIS2_PLACEMENT_3D ( 'NONE', #4017, #4755, #4794 ) ;
#8915 = VERTEX_POINT ( 'NONE', #4487 ) ;
#8916 =( NAMED_UNIT ( * ) PLANE_ANGLE_UNIT ( ) SI_UNIT ( $, .RADIAN. ) );
#8917 = CARTESIAN_POINT ( 'NONE',  ( 1.350000000000000089, 1.449999999999999956, -0.9013780793965999738 ) ) ;
#8918 = MECHANICAL_DESIGN_GEOMETRIC_PRESENTATION_REPRESENTATION (  '', ( #9074 ), #4931 ) ;
#8919 =( NAMED_UNIT ( * ) PLANE_ANGLE_UNIT ( ) SI_UNIT ( $, .RADIAN. ) );
#8920 =( NAMED_UNIT ( * ) SI_UNIT ( $, .STERADIAN. ) SOLID_ANGLE_UNIT ( ) );
#8921 = VERTEX_POINT ( 'NONE', #1000 ) ;
#8922 = CIRCLE ( 'NONE', #1986, 0.1200000000000000927 ) ;
#8923 = DIRECTION ( 'NONE',  ( 0.000000000000000000, 1.000000000000000000, 0.000000000000000000 ) ) ;
#8924 =( GEOMETRIC_REPRESENTATION_CONTEXT ( 3 ) GLOBAL_UNCERTAINTY_ASSIGNED_CONTEXT ( ( #6079 ) ) GLOBAL_UNIT_ASSIGNED_CONTEXT ( ( #7108, #756, #2035 ) ) REPRESENTATION_CONTEXT ( 'NONE', 'WORKASPACE' ) );
#8925 = VERTEX_POINT ( 'NONE', #7980 ) ;
#8926 = SURFACE_SIDE_STYLE ('',( #4676 ) ) ;
#8927 = DIRECTION ( 'NONE',  ( 0.4166666666666983820, 0.9090593428862949743, 0.000000000000000000 ) ) ;
#8928 = EDGE_LOOP ( 'NONE', ( #5674, #6117, #4907, #4625 ) ) ;
#8929 = SURFACE_STYLE_USAGE ( .BOTH. , #1852 ) ;
#8930 = FILL_AREA_STYLE_COLOUR ( '', #1100 ) ;
#8931 = CARTESIAN_POINT ( 'NONE',  ( 1.300000000000000266, -1.399999999999999911, -0.1000000000000000472 ) ) ;
#8932 = VERTEX_POINT ( 'NONE', #4347 ) ;
#8933 = STYLED_ITEM ( 'NONE', ( #7840 ), #6495 ) ;
#8934 =( GEOMETRIC_REPRESENTATION_CONTEXT ( 3 ) GLOBAL_UNCERTAINTY_ASSIGNED_CONTEXT ( ( #4639 ) ) GLOBAL_UNIT_ASSIGNED_CONTEXT ( ( #3000, #1503, #7087 ) ) REPRESENTATION_CONTEXT ( 'NONE', 'WORKASPACE' ) );
#8935 = FILL_AREA_STYLE_COLOUR ( '', #4437 ) ;
#8936 = VERTEX_POINT ( 'NONE', #3845 ) ;
#8937 = PRESENTATION_LAYER_ASSIGNMENT (  '', '', ( #2313 ) ) ;
#8938 = EDGE_CURVE ( 'NONE', #3641, #7175, #5164, .T. ) ;
#8939 = CARTESIAN_POINT ( 'NONE',  ( -1.600000000000000089, 1.550000000000000044, -1.101378079396600151 ) ) ;
#8940 = ORIENTED_EDGE ( 'NONE', *, *, #3031, .T. ) ;
#8941 = DIRECTION ( 'NONE',  ( 0.000000000000000000, 0.000000000000000000, -1.000000000000000000 ) ) ;
#8942 = SHAPE_REPRESENTATION_RELATIONSHIP ( 'NONE' , 'NONE' ,  #4093, #993 ) ;
#8943 = ADVANCED_FACE ( 'NONE', ( #2420, #3656 ), #6439, .F. ) ;
#8944 = EDGE_LOOP ( 'NONE', ( #3536, #6618, #1652, #6877, #7708, #8272 ) ) ;
#8945 = CARTESIAN_POINT ( 'NONE',  ( 1.449999999999999956, -1.300000000000000044, -0.1000000000000000472 ) ) ;
#8946 = SURFACE_SIDE_STYLE ('',( #1034 ) ) ;
#8947 = SURFACE_SIDE_STYLE ('',( #8294 ) ) ;
#8948 = VERTEX_POINT ( 'NONE', #8595 ) ;
#8949 =( NAMED_UNIT ( * ) PLANE_ANGLE_UNIT ( ) SI_UNIT ( $, .RADIAN. ) );
#8950 = ADVANCED_FACE ( 'NONE', ( #6493 ), #3104, .F. ) ;
#8951 = DIRECTION ( 'NONE',  ( 0.000000000000000000, 1.000000000000000000, 0.000000000000000000 ) ) ;
#8952 = AXIS2_PLACEMENT_3D ( 'NONE', #8664, #1779, #2349 ) ;
#8953 = STYLED_ITEM ( 'NONE', ( #4109 ), #7402 ) ;
#8954 = SURFACE_SIDE_STYLE ('',( #1173 ) ) ;
#8955 = SURFACE_SIDE_STYLE ('',( #5462 ) ) ;
#8956 = SURFACE_STYLE_FILL_AREA ( #7509 ) ;
#8957 =( LENGTH_UNIT ( ) NAMED_UNIT ( * ) SI_UNIT ( .MILLI., .METRE. ) );
#8958 = CARTESIAN_POINT ( 'NONE',  ( -2.737238820496000091, -3.500000000000000000, -1.302973369332799836 ) ) ;
#8959 = LINE ( 'NONE', #557, #7424 ) ;
#8960 = DIRECTION ( 'NONE',  ( 0.000000000000000000, 0.000000000000000000, 1.000000000000000000 ) ) ;
#8961 = EDGE_CURVE ( 'NONE', #5492, #3260, #4618, .T. ) ;
#8962 = VECTOR ( 'NONE', #6647, 1000.000000000000000 ) ;
#8963 = VERTEX_POINT ( 'NONE', #7426 ) ;
#8964 = FILL_AREA_STYLE ('',( #3286 ) ) ;
#8965 = MECHANICAL_DESIGN_GEOMETRIC_PRESENTATION_REPRESENTATION (  '', ( #3809 ), #4970 ) ;
#8966 = SURFACE_STYLE_USAGE ( .BOTH. , #8392 ) ;
#8967 = LINE ( 'NONE', #4026, #205 ) ;
#8968 = CARTESIAN_POINT ( 'NONE',  ( -1.800000000000000044, -0.5000000000000000000, -1.399000000000000021 ) ) ;
#8969 = VERTEX_POINT ( 'NONE', #5330 ) ;
#8970 = CARTESIAN_POINT ( 'NONE',  ( 1.750000000000000000, 1.000000000000000000, -1.399999999999999911 ) ) ;
#8971 = ORIENTED_EDGE ( 'NONE', *, *, #583, .F. ) ;
#8972 = DIRECTION ( 'NONE',  ( 0.000000000000000000, 0.000000000000000000, 1.000000000000000000 ) ) ;
#8973 = FILL_AREA_STYLE ('',( #6876 ) ) ;
#8974 = ORIENTED_EDGE ( 'NONE', *, *, #5975, .T. ) ;
#8975 = EDGE_CURVE ( 'NONE', #292, #3035, #1797, .T. ) ;
#8976 = SURFACE_STYLE_USAGE ( .BOTH. , #6124 ) ;
#8977 = SURFACE_STYLE_FILL_AREA ( #2650 ) ;
#8978 = ORIENTED_EDGE ( 'NONE', *, *, #9166, .T. ) ;
#8979 =( NAMED_UNIT ( * ) SI_UNIT ( $, .STERADIAN. ) SOLID_ANGLE_UNIT ( ) );
#8980 = CARTESIAN_POINT ( 'NONE',  ( -0.5799999999999989608, -0.4459324456745000220, -1.369999999999999885 ) ) ;
#8981 = ITEM_DEFINED_TRANSFORMATION ( 'NONE', 'NONE', #6854,  #1253 ) ;
#8982 = ORIENTED_EDGE ( 'NONE', *, *, #1087, .T. ) ;
#8983 = CARTESIAN_POINT ( 'NONE',  ( -1.629999999999999893, 1.300000000000000044, -0.1000000000000000472 ) ) ;
#8984 = ORIENTED_EDGE ( 'NONE', *, *, #5812, .T. ) ;
#8985 = CARTESIAN_POINT ( 'NONE',  ( -0.8050000000000000488, 1.550000000000000044, -0.7267949192431123473 ) ) ;
#8986 = CARTESIAN_POINT ( 'NONE',  ( 0.000000000000000000, 0.000000000000000000, 0.000000000000000000 ) ) ;
#8987 = ORIENTED_EDGE ( 'NONE', *, *, #5911, .F. ) ;
#8988 = LINE ( 'NONE', #4786, #270 ) ;
#8989 = DIRECTION ( 'NONE',  ( 0.000000000000000000, 0.000000000000000000, -1.000000000000000000 ) ) ;
#8990 = PRESENTATION_LAYER_ASSIGNMENT (  '', '', ( #7935 ) ) ;
#8991 = SURFACE_SIDE_STYLE ('',( #2804 ) ) ;
#8992 = UNCERTAINTY_MEASURE_WITH_UNIT (LENGTH_MEASURE( 1.000000000000000082E-05 ), #4123, 'distance_accuracy_value', 'NONE');
#8993 = ORIENTED_EDGE ( 'NONE', *, *, #5115, .T. ) ;
#8994 = CARTESIAN_POINT ( 'NONE',  ( 1.350000000000000089, -1.550000000000000044, -0.9513780793966000182 ) ) ;
#8995 = STYLED_ITEM ( 'NONE', ( #21 ), #610 ) ;
#8996 =( NAMED_UNIT ( * ) PLANE_ANGLE_UNIT ( ) SI_UNIT ( $, .RADIAN. ) );
#8997 = CIRCLE ( 'NONE', #1612, 0.2000000000000000944 ) ;
#8998 = DIRECTION ( 'NONE',  ( -1.807003620809173892E-16, -1.000000000000000000, 0.000000000000000000 ) ) ;
#8999 = CARTESIAN_POINT ( 'NONE',  ( -1.005000000000000115, -1.427698927807000029, -0.9513780793966000182 ) ) ;
#9000 = DIRECTION ( 'NONE',  ( 0.000000000000000000, 1.000000000000000000, 0.000000000000000000 ) ) ;
#9001 = CARTESIAN_POINT ( 'NONE',  ( -0.9050000000000001377, 1.449999999999999956, -0.6999999999999999556 ) ) ;
#9002 = DIRECTION ( 'NONE',  ( 1.000000000000000000, 0.000000000000000000, 0.000000000000000000 ) ) ;
#9003 = EDGE_CURVE ( 'NONE', #3716, #5114, #2018, .T. ) ;
#9004 = AXIS2_PLACEMENT_3D ( 'NONE', #956, #6059, #5969 ) ;
#9005 = EDGE_CURVE ( 'NONE', #8225, #292, #3477, .T. ) ;
#9006 = ORIENTED_EDGE ( 'NONE', *, *, #1851, .F. ) ;
#9007 = MECHANICAL_DESIGN_GEOMETRIC_PRESENTATION_REPRESENTATION (  '', ( #8559 ), #5151 ) ;
#9008 = CARTESIAN_POINT ( 'NONE',  ( 1.594948974278317833, 1.974264068711928388, -1.151378079396599974 ) ) ;
#9009 = ADVANCED_FACE ( 'NONE', ( #2501 ), #8384, .T. ) ;
#9010 = CARTESIAN_POINT ( 'NONE',  ( -1.800000000000000044, 1.300000000000000044, 0.000000000000000000 ) ) ;
#9011 = AXIS2_PLACEMENT_3D ( 'NONE', #7265, #8078, #3898 ) ;
#9012 = FACE_OUTER_BOUND ( 'NONE', #6407, .T. ) ;
#9013 = CARTESIAN_POINT ( 'NONE',  ( 0.9049999999999999156, -1.427698927807000029, -0.9513780793966000182 ) ) ;
#9014 = VECTOR ( 'NONE', #3374, 1000.000000000000000 ) ;
#9015 = ORIENTED_EDGE ( 'NONE', *, *, #4426, .T. ) ;
#9016 = DIRECTION ( 'NONE',  ( 0.000000000000000000, 0.000000000000000000, 1.000000000000000000 ) ) ;
#9017 = VERTEX_POINT ( 'NONE', #3459 ) ;
#9018 = DIRECTION ( 'NONE',  ( 2.168404344971008868E-16, 1.000000000000000000, -0.000000000000000000 ) ) ;
#9019 = PRESENTATION_LAYER_ASSIGNMENT (  '', '', ( #3864 ) ) ;
#9020 = VERTEX_POINT ( 'NONE', #8866 ) ;
#9021 = SURFACE_SIDE_STYLE ('',( #5480 ) ) ;
#9022 = CARTESIAN_POINT ( 'NONE',  ( 0.9049999999999999156, 2.500000000000000000, -1.739999999999999769 ) ) ;
#9023 = DIRECTION ( 'NONE',  ( 0.000000000000000000, -1.000000000000000000, 0.000000000000000000 ) ) ;
#9024 = VERTEX_POINT ( 'NONE', #2550 ) ;
#9025 = CARTESIAN_POINT ( 'NONE',  ( 1.729999999999999982, 0.4000000000000000222, -0.1000000000000000472 ) ) ;
#9026 = LINE ( 'NONE', #6789, #2562 ) ;
#9027 = EDGE_CURVE ( 'NONE', #3162, #1243, #3930, .T. ) ;
#9028 = DIRECTION ( 'NONE',  ( 0.000000000000000000, 1.000000000000000000, 0.000000000000000000 ) ) ;
#9029 = ORIENTED_EDGE ( 'NONE', *, *, #7821, .T. ) ;
#9030 = FILL_AREA_STYLE ('',( #2615 ) ) ;
#9031 = ORIENTED_EDGE ( 'NONE', *, *, #2581, .T. ) ;
#9032 = CARTESIAN_POINT ( 'NONE',  ( 1.500000000000000000, 0.2540675543254985458, -1.369999999999999885 ) ) ;
#9033 = ORIENTED_EDGE ( 'NONE', *, *, #2853, .F. ) ;
#9034 = DIRECTION ( 'NONE',  ( 0.000000000000000000, 0.000000000000000000, 1.000000000000000000 ) ) ;
#9035 = PRESENTATION_STYLE_ASSIGNMENT (( #8338 ) ) ;
#9036 = DIRECTION ( 'NONE',  ( 0.000000000000000000, 0.000000000000000000, 1.000000000000000000 ) ) ;
#9037 = ORIENTED_EDGE ( 'NONE', *, *, #5755, .F. ) ;
#9038 = CARTESIAN_POINT ( 'NONE',  ( -1.750999999999999668, 1.000000000000000000, -1.399000000000000021 ) ) ;
#9039 =( NAMED_UNIT ( * ) PLANE_ANGLE_UNIT ( ) SI_UNIT ( $, .RADIAN. ) );
#9040 = DIRECTION ( 'NONE',  ( 0.000000000000000000, 0.000000000000000000, 1.000000000000000000 ) ) ;
#9041 = SURFACE_STYLE_USAGE ( .BOTH. , #8955 ) ;
#9042 = LINE ( 'NONE', #4057, #1152 ) ;
#9043 = SURFACE_STYLE_USAGE ( .BOTH. , #2165 ) ;
#9044 = CARTESIAN_POINT ( 'NONE',  ( 1.594948974278317833, -1.550000000000000044, -0.9513780793966000182 ) ) ;
#9045 = LINE ( 'NONE', #4193, #3896 ) ;
#9046 = CARTESIAN_POINT ( 'NONE',  ( -1.350000000000000089, 1.550000000000000044, -0.9513780793966000182 ) ) ;
#9047 = UNCERTAINTY_MEASURE_WITH_UNIT (LENGTH_MEASURE( 1.000000000000000082E-05 ), #5116, 'distance_accuracy_value', 'NONE');
#9048 =( GEOMETRIC_REPRESENTATION_CONTEXT ( 3 ) GLOBAL_UNCERTAINTY_ASSIGNED_CONTEXT ( ( #8024 ) ) GLOBAL_UNIT_ASSIGNED_CONTEXT ( ( #3030, #3812, #8607 ) ) REPRESENTATION_CONTEXT ( 'NONE', 'WORKASPACE' ) );
#9049 = ORIENTED_EDGE ( 'NONE', *, *, #2301, .F. ) ;
#9050 = CIRCLE ( 'NONE', #5053, 0.1200000000000000372 ) ;
#9051 = EDGE_CURVE ( 'NONE', #3567, #7625, #9096, .T. ) ;
#9052 = PLANE ( 'NONE',  #4042 ) ;
#9053 = PRESENTATION_STYLE_ASSIGNMENT (( #1226 ) ) ;
#9054 = EDGE_CURVE ( 'NONE', #7074, #3853, #1097, .T. ) ;
#9055 = DIRECTION ( 'NONE',  ( -0.000000000000000000, -1.000000000000000000, -0.000000000000000000 ) ) ;
#9056 =( GEOMETRIC_REPRESENTATION_CONTEXT ( 3 ) GLOBAL_UNCERTAINTY_ASSIGNED_CONTEXT ( ( #5350 ) ) GLOBAL_UNIT_ASSIGNED_CONTEXT ( ( #801, #2078, #6282 ) ) REPRESENTATION_CONTEXT ( 'NONE', 'WORKASPACE' ) );
#9057 = MECHANICAL_DESIGN_GEOMETRIC_PRESENTATION_REPRESENTATION (  '', ( #3457 ), #6673 ) ;
#9058 = MECHANICAL_DESIGN_GEOMETRIC_PRESENTATION_REPRESENTATION (  '', ( #4337 ), #3159 ) ;
#9059 = ORIENTED_EDGE ( 'NONE', *, *, #1543, .T. ) ;
#9060 =( NAMED_UNIT ( * ) SI_UNIT ( $, .STERADIAN. ) SOLID_ANGLE_UNIT ( ) );
#9061 = ADVANCED_FACE ( 'NONE', ( #6994 ), #3891, .F. ) ;
#9062 = ORIENTED_EDGE ( 'NONE', *, *, #219, .T. ) ;
#9063 =( NAMED_UNIT ( * ) SI_UNIT ( $, .STERADIAN. ) SOLID_ANGLE_UNIT ( ) );
#9064 = PRESENTATION_STYLE_ASSIGNMENT (( #7016 ) ) ;
#9065 = STYLED_ITEM ( 'NONE', ( #2354 ), #8578 ) ;
#9066 = SURFACE_SIDE_STYLE ('',( #7018 ) ) ;
#9067 =( LENGTH_UNIT ( ) NAMED_UNIT ( * ) SI_UNIT ( .MILLI., .METRE. ) );
#9068 =( NAMED_UNIT ( * ) PLANE_ANGLE_UNIT ( ) SI_UNIT ( $, .RADIAN. ) );
#9069 = ORIENTED_EDGE ( 'NONE', *, *, #4246, .T. ) ;
#9070 = PRESENTATION_STYLE_ASSIGNMENT (( #4861 ) ) ;
#9071 = UNCERTAINTY_MEASURE_WITH_UNIT (LENGTH_MEASURE( 1.000000000000000082E-05 ), #6044, 'distance_accuracy_value', 'NONE');
#9072 = MECHANICAL_DESIGN_GEOMETRIC_PRESENTATION_REPRESENTATION (  '', ( #5355 ), #8027 ) ;
#9073 = DIRECTION ( 'NONE',  ( -1.000000000000000000, 0.000000000000000000, 0.000000000000000000 ) ) ;
#9074 = STYLED_ITEM ( 'NONE', ( #3342 ), #8798 ) ;
#9075 = FACE_BOUND ( 'NONE', #5701, .T. ) ;
#9076 = EDGE_LOOP ( 'NONE', ( #6780, #6080, #2139, #6021 ) ) ;
#9077 = FILL_AREA_STYLE_COLOUR ( '', #2109 ) ;
#9078 = DIRECTION ( 'NONE',  ( 0.000000000000000000, -1.000000000000000000, 0.000000000000000000 ) ) ;
#9079 = ORIENTED_EDGE ( 'NONE', *, *, #9003, .T. ) ;
#9080 = CIRCLE ( 'NONE', #943, 0.1999999999999999833 ) ;
#9081 = MECHANICAL_DESIGN_GEOMETRIC_PRESENTATION_REPRESENTATION (  '', ( #3456 ), #9056 ) ;
#9082 = CARTESIAN_POINT ( 'NONE',  ( 0.000000000000000000, 0.000000000000000000, 0.000000000000000000 ) ) ;
#9083 = VERTEX_POINT ( 'NONE', #5634 ) ;
#9084 = FACE_OUTER_BOUND ( 'NONE', #5134, .T. ) ;
#9085 = CARTESIAN_POINT ( 'NONE',  ( -1.005000000000000115, -1.427698927807000029, -1.300754277287799798 ) ) ;
#9086 = FACE_OUTER_BOUND ( 'NONE', #4097, .T. ) ;
#9087 = UNCERTAINTY_MEASURE_WITH_UNIT (LENGTH_MEASURE( 1.000000000000000082E-05 ), #644, 'distance_accuracy_value', 'NONE');
#9088 =( GEOMETRIC_REPRESENTATION_CONTEXT ( 3 ) GLOBAL_UNCERTAINTY_ASSIGNED_CONTEXT ( ( #8247 ) ) GLOBAL_UNIT_ASSIGNED_CONTEXT ( ( #6542, #763, #2193 ) ) REPRESENTATION_CONTEXT ( 'NONE', 'WORKASPACE' ) );
#9089 = MECHANICAL_DESIGN_GEOMETRIC_PRESENTATION_REPRESENTATION (  '', ( #3485 ), #2316 ) ;
#9090 = ORIENTED_EDGE ( 'NONE', *, *, #2346, .F. ) ;
#9091 = ADVANCED_FACE ( 'NONE', ( #8579 ), #2161, .F. ) ;
#9092 = PLANE ( 'NONE',  #7970 ) ;
#9093 = FACE_OUTER_BOUND ( 'NONE', #7229, .T. ) ;
#9094 = DIRECTION ( 'NONE',  ( 0.000000000000000000, 1.000000000000000000, 0.000000000000000000 ) ) ;
#9095 = EDGE_CURVE ( 'NONE', #152, #8171, #2902, .T. ) ;
#9096 = LINE ( 'NONE', #1050, #6695 ) ;
#9097 = DIRECTION ( 'NONE',  ( 0.000000000000000000, 0.000000000000000000, 1.000000000000000000 ) ) ;
#9098 = MECHANICAL_DESIGN_GEOMETRIC_PRESENTATION_REPRESENTATION (  '', ( #7170 ), #4215 ) ;
#9099 = FILL_AREA_STYLE_COLOUR ( '', #7587 ) ;
#9100 = DIRECTION ( 'NONE',  ( 0.000000000000000000, -1.000000000000000000, 0.000000000000000000 ) ) ;
#9101 = DIRECTION ( 'NONE',  ( 0.000000000000000000, 0.000000000000000000, 1.000000000000000000 ) ) ;
#9102 = ORIENTED_EDGE ( 'NONE', *, *, #5744, .T. ) ;
#9103 = SURFACE_SIDE_STYLE ('',( #6812 ) ) ;
#9104 = DIRECTION ( 'NONE',  ( 0.000000000000000000, 0.000000000000000000, 1.000000000000000000 ) ) ;
#9105 =( NAMED_UNIT ( * ) SI_UNIT ( $, .STERADIAN. ) SOLID_ANGLE_UNIT ( ) );
#9106 = COLOUR_RGB ( '',0.7686274509803920907, 0.7686274509803920907, 0.7686274509803920907 ) ;
#9107 = PLANE ( 'NONE',  #2417 ) ;
#9108 = ORIENTED_EDGE ( 'NONE', *, *, #7253, .T. ) ;
#9109 = ORIENTED_EDGE ( 'NONE', *, *, #3788, .T. ) ;
#9110 = COLOUR_RGB ( '',1.000000000000000000, 1.000000000000000000, 1.000000000000000000 ) ;
#9111 = ORIENTED_EDGE ( 'NONE', *, *, #4063, .F. ) ;
#9112 = FILL_AREA_STYLE ('',( #8458 ) ) ;
#9113 = ADVANCED_FACE ( 'NONE', ( #1449 ), #6468, .F. ) ;
#9114 = CARTESIAN_POINT ( 'NONE',  ( -1.750000000000000000, -1.000000000000000000, -1.300000000000000044 ) ) ;
#9115 = ORIENTED_EDGE ( 'NONE', *, *, #7981, .F. ) ;
#9116 = CARTESIAN_POINT ( 'NONE',  ( 1.629999999999999893, -1.300000000000000044, -0.1000000000000000472 ) ) ;
#9117 = ORIENTED_EDGE ( 'NONE', *, *, #8370, .T. ) ;
#9118 = CARTESIAN_POINT ( 'NONE',  ( -1.250000000000000000, -1.327698927806999940, -0.9513780793966000182 ) ) ;
#9119 = VERTEX_POINT ( 'NONE', #6658 ) ;
#9120 = EDGE_CURVE ( 'NONE', #5406, #5976, #3131, .T. ) ;
#9121 = CARTESIAN_POINT ( 'NONE',  ( 1.300000000000000266, -1.399999999999999911, -0.1000000000000000472 ) ) ;
#9122 = FILL_AREA_STYLE ('',( #4748 ) ) ;
#9123 = ORIENTED_EDGE ( 'NONE', *, *, #506, .F. ) ;
#9124 = COLOUR_RGB ( '',1.000000000000000000, 1.000000000000000000, 1.000000000000000000 ) ;
#9125 = CARTESIAN_POINT ( 'NONE',  ( 1.350000000000000089, 1.449999999999999956, -1.051378079396599885 ) ) ;
#9126 = SURFACE_SIDE_STYLE ('',( #5049 ) ) ;
#9127 = CARTESIAN_POINT ( 'NONE',  ( 1.680000000000000160, 0.8709128788536000254, -0.1000000000000000472 ) ) ;
#9128 = SURFACE_STYLE_USAGE ( .BOTH. , #3461 ) ;
#9129 = CIRCLE ( 'NONE', #5135, 0.1000000000000000472 ) ;
#9130 = FACE_OUTER_BOUND ( 'NONE', #2654, .T. ) ;
#9131 = FILL_AREA_STYLE ('',( #8534 ) ) ;
#9132 = LINE ( 'NONE', #2678, #2235 ) ;
#9133 = EDGE_CURVE ( 'NONE', #2446, #6817, #1704, .T. ) ;
#9134 = VERTEX_POINT ( 'NONE', #179 ) ;
#9135 = MECHANICAL_DESIGN_GEOMETRIC_PRESENTATION_REPRESENTATION (  '', ( #8697 ), #1761 ) ;
#9136 = DIRECTION ( 'NONE',  ( 0.000000000000000000, 0.000000000000000000, 1.000000000000000000 ) ) ;
#9137 = FILL_AREA_STYLE ('',( #4892 ) ) ;
#9138 = DIRECTION ( 'NONE',  ( 1.000000000000000000, 0.000000000000000000, 0.000000000000000000 ) ) ;
#9139 = PLANE ( 'NONE',  #3449 ) ;
#9140 = DIRECTION ( 'NONE',  ( 2.168404344971008868E-16, 1.000000000000000000, -0.000000000000000000 ) ) ;
#9141 = VECTOR ( 'NONE', #3566, 1000.000000000000000 ) ;
#9142 = VECTOR ( 'NONE', #8702, 1000.000000000000000 ) ;
#9143 = VERTEX_POINT ( 'NONE', #3222 ) ;
#9144 = ORIENTED_EDGE ( 'NONE', *, *, #583, .T. ) ;
#9145 = DIRECTION ( 'NONE',  ( 1.000000000000000000, 0.000000000000000000, 0.000000000000000000 ) ) ;
#9146 = EDGE_CURVE ( 'NONE', #1636, #6583, #5274, .T. ) ;
#9147 = PRESENTATION_LAYER_ASSIGNMENT (  '', '', ( #7795 ) ) ;
#9148 = CARTESIAN_POINT ( 'NONE',  ( 1.594948974278317833, 1.449999999999999956, -0.9513780793966000182 ) ) ;
#9149 = LINE ( 'NONE', #4211, #4505 ) ;
#9150 = PLANE ( 'NONE',  #3491 ) ;
#9151 = FACE_OUTER_BOUND ( 'NONE', #8289, .T. ) ;
#9152 = ORIENTED_EDGE ( 'NONE', *, *, #3532, .T. ) ;
#9153 =( NAMED_UNIT ( * ) PLANE_ANGLE_UNIT ( ) SI_UNIT ( $, .RADIAN. ) );
#9154 = UNCERTAINTY_MEASURE_WITH_UNIT (LENGTH_MEASURE( 1.000000000000000082E-05 ), #4617, 'distance_accuracy_value', 'NONE');
#9155 = PRESENTATION_STYLE_ASSIGNMENT (( #4083 ) ) ;
#9156 = CARTESIAN_POINT ( 'NONE',  ( -1.629999999999999893, -1.300000000000000044, 0.000000000000000000 ) ) ;
#9157 = VERTEX_POINT ( 'NONE', #3874 ) ;
#9158 = AXIS2_PLACEMENT_3D ( 'NONE', #1558, #5144, #4379 ) ;
#9159 = DIRECTION ( 'NONE',  ( 1.000000000000000000, 0.000000000000000000, 0.000000000000000000 ) ) ;
#9160 = VERTEX_POINT ( 'NONE', #982 ) ;
#9161 = VECTOR ( 'NONE', #221, 1000.000000000000000 ) ;
#9162 = ADVANCED_FACE ( 'NONE', ( #5140 ), #3177, .T. ) ;
#9163 = FILL_AREA_STYLE ('',( #2201 ) ) ;
#9164 = ORIENTED_EDGE ( 'NONE', *, *, #5926, .F. ) ;
#9165 = PRESENTATION_LAYER_ASSIGNMENT (  '', '', ( #6327 ) ) ;
#9166 = EDGE_CURVE ( 'NONE', #3452, #2446, #765, .T. ) ;
#9167 = CARTESIAN_POINT ( 'NONE',  ( 1.750000000000000000, 1.180000000000000160, -0.1000000000000000472 ) ) ;
#9168 = DIRECTION ( 'NONE',  ( 1.000000000000000000, 0.000000000000000000, 0.000000000000000000 ) ) ;
#9169 = DIRECTION ( 'NONE',  ( 0.000000000000000000, 0.000000000000000000, -1.000000000000000000 ) ) ;
#9170 = UNCERTAINTY_MEASURE_WITH_UNIT (LENGTH_MEASURE( 1.000000000000000082E-05 ), #7311, 'distance_accuracy_value', 'NONE');
#9171 = ORIENTED_EDGE ( 'NONE', *, *, #2268, .F. ) ;
#9172 = DIRECTION ( 'NONE',  ( -0.000000000000000000, -1.000000000000000000, 0.000000000000000000 ) ) ;
#9173 = NEXT_ASSEMBLY_USAGE_OCCURRENCE ( 'NAUO1', ' ', ' ', #8511, #2645, $ ) ;
#9174 = NEXT_ASSEMBLY_USAGE_OCCURRENCE ( 'NAUO2', ' ', ' ', #8511, #1682, $ ) ;
ENDSEC;
END-ISO-10303-21;
